"p_val","avg_log2FC","pct.1","pct.2","p_val_adj","cluster","gene"
0,2.82987221949791,0.731,0.185,0,"0","VCAN"
0,1.92889226068839,0.975,0.668,0,"0","GFAP"
4.21437995902583e-321,3.83901144920492,0.567,0.066,1.41341875065808e-316,"0","CD44"
4.03121729012469e-301,2.89658890423647,0.637,0.117,1.35198965476202e-296,"0","DCLK1"
3.07993641680662e-278,3.28222577246699,0.51,0.051,1.0329490754686e-273,"0","TNC"
2.38116090906525e-255,2.81757007600005,0.62,0.168,7.98593745682305e-251,"0","NFASC"
3.30291708036515e-246,4.28147471102621,0.376,0.016,1.10773233041286e-241,"0","APLNR"
8.44730456716956e-210,3.10434698841792,0.519,0.111,2.83305700573733e-205,"0","TTN"
5.3964176305031e-207,3.06907317755471,0.465,0.07,1.80985054491813e-202,"0","ID3"
5.31804507604228e-199,2.11127881450295,0.671,0.236,1.78356595760306e-194,"0","AQP1"
8.47388441003692e-198,3.14924207906905,0.432,0.059,2.84197135343818e-193,"0","IGFBP5"
9.24333490311356e-196,3.86320544097674,0.331,0.02,3.10002965980622e-191,"0","CYP4F3"
2.21815913808868e-171,2.06480189558644,0.606,0.247,7.43926211732181e-167,"0","AEBP1"
7.7760236427845e-168,3.83974780238639,0.313,0.025,2.60792280931706e-163,"0","GALNT15"
1.97811799581093e-163,0.958890225759618,0.982,0.909,6.63421213435069e-159,"0","AQP4"
7.83376627157133e-155,2.09951375681899,0.561,0.189,2.62728853215959e-150,"0","SPARC"
2.91782550201293e-153,1.81431917186734,0.638,0.261,9.78580316865096e-149,"0","DAAM2"
7.32080359166741e-150,3.32756375206053,0.292,0.026,2.45525110857342e-145,"0","SMOC1"
4.53424687849415e-147,2.54168918600304,0.404,0.08,1.52069571810937e-142,"0","COL21A1"
1.68247145839526e-145,1.28862310969642,0.78,0.512,5.64267277716603e-141,"0","OGFRL1"
3.65011211796627e-143,3.6756701726408,0.258,0.017,1.22417460212353e-138,"0","CRISPLD1"
6.23012095001017e-141,2.34489310686399,0.463,0.128,2.08945796421441e-136,"0","B3GAT2"
2.43125863446844e-136,2.54017812616741,0.402,0.089,8.15395520828027e-132,"0","RHPN1"
6.92986386506721e-131,2.35376791934639,0.378,0.075,2.32413774306624e-126,"0","SLC24A4"
1.55858381622556e-130,2.34697608388239,0.47,0.16,5.22717840285729e-126,"0","FOS"
9.3224660725704e-126,1.32755646991137,0.765,0.569,3.12656867141866e-121,"0","UBC"
1.20363868618352e-124,2.57608751435912,0.361,0.073,4.03676342572228e-120,"0","ELN"
3.49808195613508e-124,2.56701496160637,0.329,0.056,1.17318672644858e-119,"0","FXYD6"
9.06105403713029e-121,3.53352636710093,0.271,0.035,3.03889630297276e-116,"0","CP"
3.32736588969472e-120,1.2398370208186,0.549,0.203,1.11593197208582e-115,"0","SLC38A1"
2.54394354373904e-116,2.74580451196771,0.282,0.04,8.531877856992e-112,"0","SLITRK5"
6.75229756501913e-116,1.79479193230145,0.552,0.247,2.26458555735612e-111,"0","CCDC14"
1.08521210487998e-115,2.12576675377005,0.422,0.126,3.63958435734646e-111,"0","PLEKHA5"
8.61398556166123e-107,1.11818912226108,0.804,0.639,2.88895847766994e-102,"0","ZFP36L1"
6.87831896727607e-103,1.56808294603932,0.566,0.322,2.30685061524505e-98,"0","DNER"
4.47281055455766e-102,1.30300584503962,0.662,0.441,1.50009120378755e-97,"0","DDR1"
8.26948949049678e-101,1.93387347727949,0.49,0.225,2.77342138532281e-96,"0","JUN"
2.55053053115566e-94,1.46434808262736,0.555,0.273,8.55396929538984e-90,"0","SLC16A9"
3.84220273293963e-94,2.02955708314428,0.356,0.098,1.28859795257329e-89,"0","SNED1"
6.13082039102505e-94,2.26546335000863,0.25,0.041,2.05615454274198e-89,"0","KCNJ3"
1.22899944478639e-90,2.04393487491361,0.406,0.164,4.1218183379246e-86,"0","PFKFB2"
2.98888016576101e-90,2.7972092833307,0.275,0.074,1.00241062999293e-85,"0","CRLF1"
5.51609217103981e-90,1.6195073592536,0.49,0.23,1.84998699232333e-85,"0","HSPB8"
1.14773770183177e-89,1.992602289347,0.366,0.11,3.84928270440338e-85,"0","BAIAP3"
2.46322406885412e-89,1.50103209348906,0.601,0.352,8.26116088212296e-85,"0","ID2"
3.24772124820305e-89,1.72928453137432,0.404,0.132,1.08922075222234e-84,"0","DPP10"
9.507218646963e-89,2.01876452812585,0.322,0.081,3.18853098981845e-84,"0","PLXDC2"
1.40269808691958e-87,1.96352284766776,0.349,0.1,4.70436884391087e-83,"0","SYNPO2"
6.25163065891256e-86,1.43098513233653,0.554,0.286,2.09667189038609e-81,"0","ITGB4"
9.65365839368564e-85,1.26440606888132,0.591,0.318,3.23764395207429e-80,"0","PLEC"
1.43518178418557e-84,1.30892870405544,0.605,0.344,4.81331266780155e-80,"0","ARHGEF4"
1.34359818069519e-81,1.42825987701203,0.498,0.236,4.50615957841552e-77,"0","DPYSL3"
2.38188003155075e-81,1.66886941867342,0.326,0.091,7.98834924981491e-77,"0","RASL12"
6.07551341286621e-81,2.27064241901173,0.278,0.065,2.03760568840707e-76,"0","ADAMTS9"
1.00717045532124e-79,2.24684584435592,0.297,0.078,3.37784827305639e-75,"0","TPPP3"
1.67815270137329e-79,2.29761040496279,0.28,0.069,5.62818852986574e-75,"0","BGN"
8.93833219874739e-77,1.71626159966452,0.397,0.151,2.9977378528159e-72,"0","ENTPD2"
1.01914463889831e-76,1.65131727580117,0.388,0.141,3.41800728993715e-72,"0","PLCD3"
1.05600615879687e-76,2.21427431242829,0.28,0.07,3.54163345537294e-72,"0","PLCE1"
3.2613693778031e-73,0.936975742033566,0.71,0.488,1.0937980619276e-68,"0","S100B"
2.28590570036308e-72,1.90878538875838,0.328,0.113,7.66647053787769e-68,"0","MAOB"
2.75923900445004e-71,2.19912484466948,0.303,0.095,9.25393577312456e-67,"0","LINC01094"
9.90647801577489e-71,1.39103935480967,0.491,0.249,3.32243459693058e-66,"0","NSMF"
1.34613389003746e-70,1.28014849728609,0.518,0.271,4.51466384040763e-66,"0","SLC44A1"
2.69526170143192e-66,1.27564170395843,0.51,0.308,9.03936869426239e-62,"0","TSPAN3"
5.30557977972883e-66,1.59067959937366,0.378,0.157,1.77938534652545e-61,"0","S100A6"
1.18438718467166e-65,1.70024203555529,0.308,0.098,3.97219773995183e-61,"0","FRMPD2"
1.29865278420476e-63,1.87021039155856,0.272,0.079,4.35542170766592e-59,"0","IGDCC4"
3.5104791575719e-62,1.13450994845082,0.541,0.365,1.17734449986646e-57,"0","ADCYAP1R1"
1.66286117060681e-61,1.84363300401544,0.279,0.086,5.57690379398111e-57,"0","CFAP54"
1.67463801775735e-60,1.250978324328,0.491,0.297,5.6164009839546e-56,"0","RNF19A"
2.41413661531612e-60,1.77428929277849,0.337,0.138,8.09653138044722e-56,"0","CD99"
5.5792841047382e-59,1.0226681690395,0.608,0.408,1.8711803030471e-54,"0","APC2"
3.70684160179641e-58,1.27995507209431,0.487,0.306,1.24320053641048e-53,"0","CTSH"
1.96879437117415e-57,2.01149427865818,0.28,0.098,6.60294256204385e-53,"0","CAPS"
2.4230938284707e-57,0.76596147447378,0.856,0.781,8.12657208192504e-53,"0","PSAP"
8.75758540731958e-57,1.47092971716117,0.316,0.115,2.93711899390684e-52,"0","WDR49"
2.35814065695223e-56,1.21672113939768,0.554,0.363,7.90873213528641e-52,"0","TUBA1A"
2.58405303998936e-56,0.748928660931564,0.759,0.637,8.66639708551631e-52,"0","CD81"
1.4429311490459e-55,0.69201544158439,0.809,0.636,4.83930248767013e-51,"0","AGT"
1.48765122859195e-55,1.39438635052264,0.301,0.106,4.98928469045169e-51,"0","RTN1"
1.59916167410869e-55,0.71617213218844,0.752,0.61,5.36326842262574e-51,"0","EEF1A1"
1.07469414904849e-54,1.57655663615369,0.276,0.091,3.60430923707882e-50,"0","MASP1"
1.91500884247342e-54,0.782630372413788,0.746,0.643,6.42255665588737e-50,"0","MLC1"
3.07946218317084e-54,1.11077319322995,0.507,0.293,1.03279002699184e-49,"0","DCLK2"
6.60660813307306e-54,1.30244089360571,0.381,0.172,2.21572423567004e-49,"0","CXXC5"
6.61574342224636e-54,1.46541807227004,0.395,0.213,2.21878802895298e-49,"0","FABP5"
2.22142668204442e-53,1.19883633824238,0.483,0.284,7.45022080624058e-49,"0","FADS2"
3.49703823261813e-52,1.33861032742665,0.404,0.197,1.17283668245547e-47,"0","NPDC1"
4.55925612580203e-51,0.945133583668137,0.565,0.458,1.52908331947148e-46,"0","EFEMP1"
3.63304862677219e-50,1.72375216870488,0.32,0.142,1.21845184844686e-45,"0","HLA-E"
7.87456016213562e-50,1.73907044984697,0.262,0.09,2.64096998717704e-45,"0","OSGIN2"
1.15499993293242e-49,0.842857086475278,0.654,0.498,3.87363877506876e-45,"0","GAN"
2.212176583713e-49,1.00463483067723,0.558,0.36,7.41919782645666e-45,"0","METRN"
8.35491395755174e-49,1.03135233847681,0.578,0.387,2.8020710430837e-44,"0","FAM189A2"
8.47792331382001e-49,0.513416599455256,0.957,0.911,2.84332592098895e-44,"0","PTGDS"
1.03570171567741e-48,1.52137066980002,0.266,0.094,3.47353641403889e-44,"0","CASK"
2.09514320520296e-48,1.3300172933672,0.373,0.177,7.02669128160969e-44,"0","ATP9A"
5.67814546739123e-47,0.730491572063281,0.706,0.548,1.90433642685367e-42,"0","SORL1"
9.14719768135395e-47,1.32219347345523,0.273,0.101,3.06778715837249e-42,"0","SMAD9"
6.17982283526473e-45,0.915914188299098,0.6,0.434,2.07258898249109e-40,"0","AHNAK"
1.00653673927408e-44,0.664403836899457,0.505,0.289,3.37572291617741e-40,"0","XIST"
3.47385769225573e-44,0.820040025886525,0.61,0.453,1.16506239282873e-39,"0","GATM"
5.08772684383476e-44,1.21867903389446,0.37,0.179,1.7063218288853e-39,"0","HYDIN"
6.73414871452252e-44,0.649837976325913,0.887,0.842,2.25849879587656e-39,"0","GPM6B"
8.5841199000476e-44,0.822609624335048,0.631,0.481,2.87894213207796e-39,"0","PMP2"
1.82598059053005e-43,1.6099532764847,0.268,0.104,6.12397370451967e-39,"0","RGS9"
1.16339876089735e-42,0.827816964274237,0.578,0.461,3.90180676429753e-38,"0","LAMP2"
2.61771707570984e-42,0.975006545292782,0.352,0.165,8.77929952851566e-38,"0","DPP6"
3.59287682044994e-42,0.803048759879002,0.592,0.426,1.2049790280425e-37,"0","RGMA"
5.85553044865254e-42,0.853137501020759,0.588,0.479,1.96382780186909e-37,"0","CANX"
9.17392080890667e-42,1.47193611826817,0.257,0.097,3.07674956089112e-37,"0","MATN2"
2.57055759734819e-41,0.698133442786165,0.722,0.622,8.62113606998637e-37,"0","ITM2B"
3.39927707175519e-41,0.765233371534425,0.51,0.303,1.14004954432526e-36,"0","PLP1"
6.73388945128999e-40,1.19792704940179,0.401,0.214,2.25841184417364e-35,"0","TXNIP"
5.11652632925674e-39,1.06156533837804,0.446,0.295,1.71598060030613e-34,"0","SSPN"
5.35032054885408e-39,0.707579374872417,0.644,0.472,1.79439050567468e-34,"0","ADCY2"
1.47244259324074e-38,1.36092312457233,0.284,0.125,4.93827796921081e-34,"0","AQP4-AS1"
2.2114075309266e-38,1.34629954240291,0.291,0.129,7.41661857722163e-34,"0","CFAP44"
2.47445840020883e-38,1.09220566688917,0.378,0.197,8.29883858262037e-34,"0","FBXO2"
1.16717639653536e-37,0.834940589412569,0.523,0.36,3.91447619870028e-33,"0","ABR"
1.18227820710351e-37,1.05519453057252,0.4,0.223,3.96512465098375e-33,"0","SEC11C"
3.21008373617539e-37,1.29331920354582,0.275,0.118,1.0765978834385e-32,"0","RYR1"
1.23623177537112e-36,0.510863210676388,0.643,0.44,4.14607412823967e-32,"0","HSPA1B"
1.52740461793252e-36,0.761020978060426,0.572,0.436,5.1226096076221e-32,"0","PRDX1"
1.75683663426208e-36,1.10091164758753,0.431,0.269,5.89207870398818e-32,"0","NUPR1"
3.53374026205965e-36,0.95488230324263,0.386,0.205,1.18514580908957e-31,"0","MT1G"
3.92381199474724e-36,1.28498052730251,0.321,0.17,1.31596806679833e-31,"0","SLC7A5"
4.06870695246518e-36,1.35823141727717,0.266,0.114,1.36456293771777e-31,"0","LTBP3"
2.09134509118846e-35,1.33605897651744,0.26,0.112,7.01395316682787e-31,"0","ZNF273"
2.88700829618658e-35,0.742673311037282,0.647,0.522,9.68244842375054e-31,"0","TMEM47"
3.61943636908962e-35,1.14044528986652,0.349,0.181,1.21388656946528e-30,"0","KNDC1"
3.83995950800202e-35,0.821378955634685,0.52,0.372,1.28784561979372e-30,"0","PTTG1IP"
8.30356744676793e-35,0.857631040920154,0.465,0.302,2.78485045029703e-30,"0","B2M"
9.15666755841519e-35,0.759060263650923,0.571,0.445,3.07096316574129e-30,"0","ITGB8"
9.50634358524729e-35,1.29622790748876,0.27,0.121,3.18823751162024e-30,"0","TIMP2"
6.87105201739491e-34,0.978458541776444,0.4,0.227,2.3044134255939e-29,"0","APP"
1.64964448793178e-32,0.573015459986506,0.663,0.48,5.5325776836256e-28,"0","SLC14A1"
1.76051081949254e-32,0.993006428727858,0.424,0.261,5.90440118641408e-28,"0","NFIX"
5.56163813933896e-32,0.665472404507318,0.539,0.361,1.8652621991715e-27,"0","MAP1B"
7.74835324009913e-32,0.546390098711152,0.771,0.666,2.59864270966445e-27,"0","SORBS1"
1.06657822091022e-31,0.764425326644177,0.551,0.398,3.5770900372887e-27,"0","RPLP1"
1.29365927091836e-31,1.13326697278526,0.328,0.17,4.33867446280599e-27,"0","PRRX1"
2.3674378621895e-31,0.984788713442287,0.39,0.223,7.93991310221114e-27,"0","DPP7"
3.74132216223766e-31,1.04406938123013,0.424,0.283,1.25476462677127e-26,"0","TOB1"
1.10183575553311e-30,0.952171440021351,0.373,0.212,3.69533675690696e-26,"0","RPS15"
1.71645992185242e-30,0.748391905762236,0.533,0.374,5.75666328590865e-26,"0","DBI"
1.99496083556653e-30,1.02346981954267,0.326,0.171,6.69069965032303e-26,"0","FAM227A"
2.83235227105454e-30,0.906263894766972,0.388,0.221,9.4991430466627e-26,"0","UTRN"
6.25241994755867e-30,0.62958673587773,0.577,0.403,2.09693660201223e-25,"0","NAV2"
6.79305358778843e-30,0.985389746838047,0.349,0.192,2.27825431227248e-25,"0","SLC6A8"
4.21694888992708e-29,0.662647606240178,0.63,0.506,1.41428031870375e-24,"0","CTNND2"
5.25478809651221e-29,0.803645188896241,0.441,0.275,1.76235083180826e-24,"0","FXYD1"
1.15328940349716e-28,0.883966079228449,0.424,0.264,3.86790200144879e-24,"0","CERS1"
1.30988639949918e-28,0.876688599259838,0.431,0.292,4.39309700664036e-24,"0","FEZ1"
4.64138196727262e-28,0.712130976604699,0.543,0.405,1.55662668418389e-23,"0","PRDX6"
5.19734062482216e-28,1.03570976675805,0.312,0.17,1.74308409875286e-23,"0","CAMK2B"
8.19315264230338e-28,0.748419211621365,0.495,0.334,2.74781953317571e-23,"0","PRRT2"
8.53198419571408e-28,0.731418307463658,0.534,0.384,2.86145685955859e-23,"0","CNTN1"
1.16634531655177e-27,0.818338916462876,0.441,0.283,3.91168892265132e-23,"0","ITGA6"
1.49532961659106e-27,1.15361443466672,0.288,0.148,5.0150364681231e-23,"0","EMID1"
1.5113802782726e-27,0.904238544985288,0.419,0.277,5.06886717727064e-23,"0","CFAP70"
1.86858341373289e-27,1.06138134659963,0.346,0.203,6.26685505297737e-23,"0","ECE1"
2.59207045266189e-27,0.802791407026307,0.428,0.271,8.69328588413745e-23,"0","GLIS3"
4.59929695477586e-27,0.753943579918544,0.5,0.404,1.54251221269273e-22,"0","WLS"
5.23321885841494e-27,0.802331640743521,0.443,0.292,1.7551169407352e-22,"0","SLC22A17"
6.75945162979478e-27,0.67987952404628,0.767,0.676,2.26698488760057e-22,"0","MT2A"
1.38306931863306e-26,0.651588634470532,0.525,0.416,4.63853788083155e-22,"0","CD63"
1.49129412102739e-26,1.31103255346105,0.281,0.154,5.00150222310165e-22,"0","TUBB4B"
4.27648072237905e-26,0.654398806450547,0.552,0.387,1.43424610467148e-21,"0","TMEM132A"
9.37922405201933e-26,0.998095345365524,0.273,0.139,3.14560416256624e-21,"0","SERINC5"
1.60029011405516e-25,0.542265916559298,0.681,0.546,5.36705298451819e-21,"0","GRAMD2B"
1.72581246706461e-25,0.634405777409534,0.531,0.373,5.78802985204128e-21,"0","CRB2"
2.33160117811925e-25,0.872349680592807,0.388,0.239,7.81972403117636e-21,"0","MT1M"
2.38257686552139e-25,0.74163943232883,0.352,0.203,7.99068629158563e-21,"0","CNKSR2"
5.1129445743757e-25,0.867065915535265,0.356,0.212,1.71477935135412e-20,"0","MYBPC1"
8.24367008841664e-25,1.04547554695075,0.251,0.124,2.76476207425317e-20,"0","PRKX"
9.13919842328184e-25,1.05196451989904,0.306,0.18,3.06510436720026e-20,"0","SYTL4"
1.40009857127613e-24,0.98512811461335,0.291,0.156,4.69565058834589e-20,"0","COL27A1"
1.93822675476912e-24,0.969716119414592,0.278,0.145,6.50042489014469e-20,"0","MT1F"
2.19303024384246e-24,1.09696741544102,0.3,0.198,7.35498483179884e-20,"0","IFITM3"
2.47065324578803e-24,0.865788813552027,0.368,0.231,8.28607685572391e-20,"0","NOTCH1"
4.01581086889757e-24,0.62314640083101,0.639,0.536,1.34682264921087e-19,"0","MAT2A"
4.67330692330153e-24,1.04350783119593,0.282,0.152,1.56733367593687e-19,"0","BAIAP2"
5.91104421685478e-24,0.491501693242712,0.737,0.61,1.98244600944875e-19,"0","BCAN"
6.17509943293683e-24,1.13377030280942,0.281,0.163,2.07100484781835e-19,"0","TOGARAM2"
8.46792250840775e-24,0.549707162231037,0.62,0.475,2.83997185086979e-19,"0","TSC22D4"
1.99415272637398e-23,0.664393396271758,0.406,0.255,6.68798941371306e-19,"0","NAV1"
2.15763588414114e-23,1.02815530860305,0.307,0.176,7.23627922823255e-19,"0","MOB1B"
3.31580669304164e-23,0.618016548984623,0.531,0.387,1.11205524871231e-18,"0","ADGRA3"
3.3823660556239e-23,0.876857998853988,0.341,0.208,1.13437792773514e-18,"0","STARD7"
6.43777292530844e-23,1.0432974172101,0.277,0.156,2.15910028368994e-18,"0","CD9"
6.4639787328819e-23,0.717935952703078,0.435,0.293,2.16788918743393e-18,"0","CIRBP"
8.2691214771493e-23,0.832555425743866,0.364,0.226,2.77329796100633e-18,"0","FADS1"
1.75864899525399e-22,0.767014973520907,0.513,0.393,5.89815700028284e-18,"0","H3F3B"
1.81155307175748e-22,0.889110275907279,0.278,0.15,6.07558669206024e-18,"0","CALD1"
4.48676970764402e-22,0.816266490698537,0.377,0.241,1.50477282454965e-17,"0","TMEM123"
5.12055850986017e-22,0.677800155443975,0.564,0.451,1.7173329130369e-17,"0","VIM"
5.43358968801907e-22,0.799947160567259,0.354,0.218,1.82231730956784e-17,"0","RDX"
1.86215962047928e-21,0.794916041000527,0.331,0.197,6.2453109351634e-17,"0","MAP7"
2.14100261683638e-21,0.520215465493161,0.72,0.634,7.18049457634585e-17,"0","GAPDH"
4.38437382748445e-21,0.606922206597662,0.446,0.304,1.47043129426173e-16,"0","RPL13A"
5.22869223029376e-21,0.570676024751935,0.612,0.499,1.75359880019592e-16,"0","SPTAN1"
9.83913702182017e-21,0.776545876558962,0.278,0.154,3.29984977437805e-16,"0","RPL4"
1.94188132982476e-20,0.973546594733949,0.273,0.157,6.51268160396628e-16,"0","TF"
2.15232045839007e-20,0.972482305950088,0.254,0.14,7.21845235334862e-16,"0","SKI"
5.82628073618457e-20,0.834385532628299,0.324,0.2,1.95401803330158e-15,"0","JUND"
6.19559799127083e-20,0.872463661314312,0.301,0.182,2.07787965431241e-15,"0","HSPA2"
6.44971506877137e-20,0.695276814359439,0.375,0.242,2.16310543976454e-15,"0","RPS19"
1.03317124765818e-19,0.830614120928348,0.327,0.201,3.46504973039602e-15,"0","CEP126"
1.12883547464222e-19,0.513599908668732,0.577,0.451,3.78588841485508e-15,"0","RPL41"
1.1751501770186e-19,0.756929718960983,0.63,0.5,3.94121866368497e-15,"0","CRYAB"
2.00448311120561e-19,0.824026073059338,0.331,0.208,6.72263545836138e-15,"0","ANKFY1"
2.62220963927707e-19,0.67672415459583,0.353,0.222,8.79436668820742e-15,"0","RPL13"
3.78417359825555e-19,0.97625697599347,0.276,0.167,1.26913614138295e-14,"0","CLIC4"
4.55943228364935e-19,0.724709396259318,0.308,0.184,1.52914239929032e-14,"0","CEP78"
5.52318118975748e-19,0.950012714366931,0.263,0.148,1.85236450742086e-14,"0","INPP4A"
7.30283342811572e-19,0.376873459186149,0.705,0.676,2.44922427512145e-14,"0","TMBIM6"
3.13528822338604e-18,0.905614916042538,0.275,0.162,1.05151296435921e-13,"0","COMT"
7.81727089359645e-18,0.72338900767754,0.353,0.231,2.62175631229438e-13,"0","RPS9"
9.38452020000816e-18,0.714631344585294,0.371,0.245,3.14738038467874e-13,"0","DAPK1"
1.01762761549948e-17,0.76411133142279,0.346,0.227,3.41291949686216e-13,"0","RPL28"
2.09805138986294e-17,0.796078861848127,0.351,0.247,7.03644475132234e-13,"0","IL17D"
2.76875228255867e-17,0.655783339769778,0.375,0.249,9.28584140524527e-13,"0","RPL18"
2.78726556709767e-17,0.543594912260118,0.549,0.423,9.34793125893215e-13,"0","KIF1A"
2.81633209513371e-17,0.873778128128039,0.282,0.173,9.44541458065942e-13,"0","RPLP0"
5.29194448296587e-17,0.727361125394747,0.275,0.163,1.77481234069709e-12,"0","ABCC9"
7.66832872389025e-17,0.471170247182259,0.732,0.635,2.57180408741831e-12,"0","FTH1"
1.52239268083505e-16,0.559416627174294,0.545,0.436,5.1058005729846e-12,"0","ID4"
1.69455853495193e-16,0.859323050568164,0.28,0.194,5.68321041452177e-12,"0","SYPL1"
1.95303717174913e-16,0.448228965502544,0.573,0.46,6.55009606661224e-12,"0","RTN3"
2.68975303295467e-16,0.715725957193709,0.318,0.205,9.02089372192338e-12,"0","RPL8"
3.08697406063502e-16,0.658533136850484,0.317,0.201,1.03530936045577e-11,"0","PHYHD1"
3.2750902082502e-16,0.583633353443631,0.352,0.231,1.09839975404295e-11,"0","SDCCAG8"
4.53659944888655e-16,0.57541499056818,0.363,0.243,1.52148472316757e-11,"0","FAU"
6.72130166954222e-16,0.631147183948722,0.347,0.229,2.25419015393107e-11,"0","CHCHD2"
8.09207192719936e-16,0.712923808103728,0.343,0.228,2.71391908294412e-11,"0","AHDC1"
1.16759507187576e-15,0.573438925098163,0.542,0.446,3.91588035205694e-11,"0","PFKFB3"
1.38799920707616e-15,0.636496178546801,0.385,0.287,4.65507174069201e-11,"0","PLTP"
1.56712262927081e-15,0.800041384791166,0.28,0.173,5.25581587404845e-11,"0","AGPAT3"
1.65967779724376e-15,0.771426220877048,0.285,0.178,5.56622739639613e-11,"0","CAST"
1.86655674685229e-15,0.65279475171813,0.373,0.258,6.2600580175932e-11,"0","PHC1"
2.1768041067078e-15,0.700737117061262,0.571,0.468,7.30056561307663e-11,"0","HSPB1"
2.68621917199342e-15,0.541319717704331,0.44,0.319,9.00904185903153e-11,"0","CBX5"
3.41110928091164e-15,0.619879835152825,0.318,0.206,1.14401783063215e-10,"0","RPS4X"
3.56391930324676e-15,0.709055771968692,0.332,0.224,1.1952672559229e-10,"0","GNAI2"
3.81457742897868e-15,0.443047138758635,0.595,0.503,1.27933297813087e-10,"0","PTMA"
4.34894767966282e-15,0.494249889441328,0.5,0.387,1.45855007280532e-10,"0","PEA15"
5.18508948994275e-15,0.571305284960721,0.326,0.213,1.738975313137e-10,"0","RPS16"
5.3388468553148e-15,0.470747008631029,0.6,0.506,1.79054245833548e-10,"0","MT1E"
6.19434687196497e-15,0.559625397869847,0.361,0.245,2.07746005391961e-10,"0","PLXNB2"
6.51094703755094e-15,0.645983048880137,0.326,0.215,2.18364141745383e-10,"0","LRP6"
1.04168962802356e-14,0.602821377648455,0.412,0.298,3.49361867446541e-10,"0","BICD1"
1.16287956741341e-14,0.603613277465152,0.432,0.329,3.90006549319109e-10,"0","SERF2"
1.37543318279915e-14,0.528921520880716,0.382,0.265,4.61292780847179e-10,"0","RPL19"
1.63630994545368e-14,0.536438615897252,0.456,0.391,5.48785629506255e-10,"0","LAMP1"
1.71481079160311e-14,0.517557711985687,0.461,0.349,5.7511324328785e-10,"0","RPS28"
1.73154851390677e-14,0.503786278411611,0.324,0.213,5.80726740594052e-10,"0","NTSR2"
1.76513388487519e-14,0.820378149833123,0.297,0.2,5.9199060230944e-10,"0","MYLK"
1.82194492409706e-14,0.495968067681099,0.551,0.484,6.11043888643673e-10,"0","UBB"
2.07027541770274e-14,0.628672043060194,0.268,0.165,6.94328969589144e-10,"0","PRDX5"
2.35529006467487e-14,0.715621639136229,0.317,0.21,7.89917181890659e-10,"0","RASA4"
2.39569316524327e-14,0.502635635011969,0.457,0.348,8.03467573759288e-10,"0","KANK1"
3.00965638707832e-14,0.708778159381457,0.256,0.157,1.00937855909833e-09,"0","LAMA1"
3.14640093527443e-14,0.336871112901892,0.803,0.724,1.05523994567234e-09,"0","PDE4DIP"
3.35996772015505e-14,0.659263836898046,0.335,0.228,1.1268659739856e-09,"0","SMC5"
3.60589516751108e-14,0.694268402289221,0.263,0.162,1.20934512127987e-09,"0","HS6ST1"
4.13263590587512e-14,0.696179138645591,0.299,0.197,1.3860034301124e-09,"0","ARHGEF17"
4.30070928438946e-14,0.413173391183714,0.584,0.462,1.44237187979854e-09,"0","ANKRD36C"
4.88849112425024e-14,0.713010978334433,0.334,0.231,1.63950215325105e-09,"0","IGFBP7"
1.23871110606046e-13,0.729054839895832,0.279,0.182,4.15438930750557e-09,"0","AMFR"
1.51452736351384e-13,0.584524387555555,0.399,0.314,5.07942187175271e-09,"0","SUN1"
1.74523192049759e-13,0.50603265202828,0.407,0.292,5.85315881496481e-09,"0","EEF1D"
2.17161286960167e-13,0.601028213161058,0.308,0.203,7.28315524207009e-09,"0","RHOA"
2.40550188478081e-13,0.384993141324067,0.351,0.243,8.06757222117789e-09,"0","GABARAPL2"
2.99111600594691e-13,0.503037929381159,0.508,0.434,1.00316048607447e-08,"0","CALR"
3.25122576223531e-13,0.473327118317878,0.258,0.165,1.09039609613848e-08,"0","RPL18A"
4.21984830895487e-13,0.669443974845383,0.253,0.158,1.41525272585728e-08,"0","ARHGEF6"
4.22398132027795e-13,0.742957612836902,0.283,0.19,1.41663885519482e-08,"0","SYNGAP1"
7.14003531074754e-13,0.461189530774318,0.595,0.505,2.39462504251851e-08,"0","RFX4"
7.72575633813006e-13,0.574193885123492,0.403,0.334,2.59106416068206e-08,"0","MT1X"
8.57724481917486e-13,0.42054706042838,0.518,0.409,2.87663636745486e-08,"0","RPL10"
8.77828861647418e-13,0.430738900533387,0.56,0.467,2.94406243619311e-08,"0","TPT1"
8.9915592722003e-13,0.659720481683486,0.331,0.235,3.01558914871054e-08,"0","SMOX"
9.98729708492628e-13,0.558560650739264,0.272,0.175,3.34953969634257e-08,"0","SEMA6A"
1.10423514157312e-12,0.354208826579915,0.732,0.646,3.70338381780793e-08,"0","ITM2C"
1.68468640235043e-12,0.467081171967003,0.358,0.251,5.65010125620287e-08,"0","RPS14"
1.83598150911846e-12,0.573611132809696,0.436,0.331,6.15751478528149e-08,"0","LENG8"
1.83711188686433e-12,0.63311826262876,0.379,0.277,6.16130584616559e-08,"0","IFRD1"
1.91806959823243e-12,0.59196311858635,0.357,0.254,6.43282181855191e-08,"0","PPP1R12B"
2.1825899189563e-12,0.467129458095976,0.285,0.189,7.31997007019562e-08,"0","RPS3"
3.02029439445979e-12,0.482645431142936,0.455,0.345,1.01294633401392e-07,"0","DYNC2H1"
3.98379770654574e-12,0.572500713510596,0.271,0.176,1.33608607482131e-07,"0","QTRT1"
5.11489882271945e-12,0.480828988050076,0.549,0.478,1.71543476716365e-07,"0","DDX3X"
5.13007161652397e-12,0.573453427990159,0.26,0.168,1.72052341874981e-07,"0","OBSL1"
6.18111568995728e-12,0.489932616016609,0.422,0.315,2.07302258009787e-07,"0","RPL11"
6.73936548096991e-12,0.528291308193079,0.385,0.286,2.26024839500769e-07,"0","RPS11"
8.03613588342752e-12,0.681060428110186,0.309,0.217,2.69515925258392e-07,"0","CDIP1"
8.5572516140579e-12,0.752132843270918,0.344,0.257,2.86993104632274e-07,"0","PDIA3"
8.91484372687894e-12,0.611584842635521,0.374,0.277,2.98986028912066e-07,"0","RPLP2"
9.80405132286786e-12,0.590237817626845,0.272,0.179,3.28808273266342e-07,"0","RPS2"
1.08728532862208e-11,0.57362670104491,0.453,0.388,3.64653753513273e-07,"0","ZFP36L2"
1.28473678755524e-11,0.26473754034109,0.759,0.74,4.30875023810276e-07,"0","LIFR"
1.32323364864337e-11,0.516190090544347,0.4,0.305,4.43786101082012e-07,"0","PALM"
1.4303497262414e-11,0.690316509874026,0.28,0.189,4.79710691186839e-07,"0","HLA-C"
1.56519960222009e-11,0.730846900112849,0.297,0.209,5.24936642592574e-07,"0","RACK1"
1.83076362715179e-11,0.532404538969929,0.343,0.243,6.14001505274168e-07,"0","RAMP1"
2.12245726125661e-11,0.595166597670923,0.256,0.167,7.11829716280241e-07,"0","ATP2B2"
2.59488157400681e-11,0.485789928099453,0.487,0.387,8.70271382290404e-07,"0","WDR6"
2.73086871294535e-11,0.550237163258123,0.483,0.396,9.15878748947613e-07,"0","POU3F2"
2.95740223844914e-11,0.566696488885877,0.334,0.235,9.91853562731074e-07,"0","PFN2"
2.9967314443421e-11,0.374500318305061,0.627,0.526,1.00504379180345e-06,"0","KCNN3"
4.37337852669688e-11,0.572596988989546,0.277,0.186,1.4667436902836e-06,"0","B4GALNT4"
5.44960745677746e-11,0.314379458787167,0.552,0.443,1.82768934885402e-06,"0","ABCA1"
6.37707841743958e-11,0.389741748198299,0.575,0.476,2.13874455964089e-06,"0","ACADVL"
6.66521264591122e-11,0.527919561152033,0.378,0.284,2.23537901718571e-06,"0","RPS25"
6.99804163780284e-11,0.520678172425814,0.42,0.324,2.34700320448632e-06,"0","PRMT2"
7.06962624978741e-11,0.351005784949739,0.314,0.22,2.3710112516537e-06,"0","RPL7"
7.11675599952393e-11,0.512408814146954,0.451,0.355,2.38681762712034e-06,"0","ALDH7A1"
1.29566318088277e-10,0.49749889822931,0.311,0.218,4.34539517604465e-06,"0","RPL22"
1.34231822079192e-10,0.42393509896959,0.38,0.28,4.50186684889193e-06,"0","RPL35"
1.4460132082145e-10,0.632105543980533,0.315,0.228,4.84963909770978e-06,"0","STARD3"
1.54843804771533e-10,0.630053365548844,0.268,0.18,5.19315152442766e-06,"0","RPSA"
1.71650005702197e-10,0.495495608533093,0.319,0.225,5.75679789124028e-06,"0","RPL29"
1.72147562182107e-10,0.558363517744539,0.343,0.248,5.77348494046351e-06,"0","SLC7A2"
2.00590961501203e-10,0.656077622825185,0.275,0.191,6.72741966682736e-06,"0","PABPC1"
2.0925155460298e-10,0.454753711151765,0.429,0.34,7.01787863827476e-06,"0","GOLIM4"
2.12901847682692e-10,0.590647706796325,0.361,0.275,7.14030216758213e-06,"0","FSTL1"
2.62324800186437e-10,0.352508991335222,0.573,0.482,8.79784914865273e-06,"0","NUCKS1"
3.36477977879897e-10,0.471147487850382,0.449,0.373,1.1284798422136e-05,"0","COL16A1"
3.63224471985202e-10,0.399929664067857,0.549,0.464,1.21818223414397e-05,"0","EZR"
7.61081952279396e-10,0.572369222940694,0.296,0.209,2.55251665155464e-05,"0","ATP6V0E2"
8.61266296826774e-10,0.361677854745846,0.52,0.439,2.88851490629763e-05,"0","ITPKB"
9.38877896168541e-10,0.393969215022731,0.546,0.487,3.14880868817005e-05,"0","TRIM2"
1.0374899583045e-09,0.506049311821642,0.358,0.268,3.47953382216162e-05,"0","RPL27A"
1.046818905723e-09,0.588148176782986,0.317,0.249,3.51082124601378e-05,"0","S100A1"
1.31570634573783e-09,0.492739667262603,0.371,0.28,4.41261594233553e-05,"0","RGS12"
1.56334276374298e-09,0.403506081662742,0.534,0.454,5.24313896104121e-05,"0","CTSD"
1.74219100687554e-09,0.386497078025594,0.421,0.324,5.84296019885919e-05,"0","MAPT"
1.9145532904527e-09,0.495146515669246,0.275,0.191,6.42102882552027e-05,"0","CMTM4"
1.98879168183137e-09,0.55116969312512,0.34,0.252,6.67000954252605e-05,"0","ACO2"
2.02946492510607e-09,0.414938671858011,0.283,0.199,6.80641946582073e-05,"0","RPS8"
2.18194750783678e-09,0.42601466921227,0.367,0.275,7.31781555178299e-05,"0","MED13L"
2.39442976777881e-09,0.481306085719587,0.334,0.247,8.03043855517657e-05,"0","CCNI"
2.41625788239825e-09,0.426649569723107,0.326,0.237,8.10364568598726e-05,"0","RPL7A"
2.59428107920867e-09,0.319763326196506,0.611,0.532,8.70069988345003e-05,"0","DAAM1"
2.63067980928701e-09,0.27499095258097,0.694,0.618,8.82277394438677e-05,"0","NEBL"
2.69913320113456e-09,0.483314938334601,0.297,0.211,9.05235292996508e-05,"0","PILRB"
3.05001265974862e-09,0.516821636671047,0.364,0.293,0.000102291324582649,"0","SCD"
3.28426648875131e-09,0.418140866501915,0.307,0.221,0.000110147729499742,"0","MICAL3"
4.07595090988618e-09,0.602983384558948,0.253,0.174,0.000136699241615763,"0","SMPD4"
4.33927027619808e-09,0.413112564617628,0.374,0.282,0.000145530446523131,"0","HMBOX1"
4.45584630773163e-09,0.335533519127426,0.605,0.521,0.000149440173468703,"0","PBXIP1"
4.57273891601267e-09,0.479080214403102,0.375,0.289,0.000153360517765233,"0","BAALC"
6.2736531163766e-09,0.408061325831726,0.358,0.268,0.000210405778217038,"0","RPS18"
7.24129914280034e-09,0.493936117477132,0.29,0.206,0.000242858690651238,"0","CSF1"
8.42166031459709e-09,0.428528190507241,0.295,0.212,0.000282445643630957,"0","ENAH"
8.50465751917308e-09,0.480749285936053,0.309,0.225,0.000285229203878027,"0","CSTB"
1.22103404382632e-08,0.657223898448011,0.252,0.178,0.000409510397618471,"0","PNPLA6"
1.27890480287466e-08,0.33274773224673,0.403,0.312,0.000428919092788105,"0","RPL3"
1.32365056015747e-08,0.331052818258005,0.63,0.559,0.000443925924865613,"0","PSD2"
1.41579333532412e-08,0.571945406264915,0.27,0.192,0.000474828768801004,"0","PLEKHB1"
1.45806707286304e-08,0.493049377741306,0.382,0.295,0.000489006534896805,"0","SDC3"
1.72697391532058e-08,0.530930564460733,0.307,0.253,0.000579192511720217,"0","THRA"
2.22175622951308e-08,0.614789031480922,0.285,0.212,0.000745132604254097,"0","ZNF706"
2.34750443070577e-08,0.284866056039569,0.67,0.598,0.0007873060359701,"0","CSRP1"
5.30385614679172e-08,0.264760914923865,0.833,0.787,0.00177880727451101,"0","HSP90AA1"
5.73560205891069e-08,0.51071388773528,0.333,0.265,0.00192360621851747,"0","PRPF40A"
6.20801885441669e-08,0.407754828522422,0.438,0.356,0.00208204536339427,"0","RFX3"
6.45957040369604e-08,0.504225275155562,0.251,0.177,0.00216641072199158,"0","ESD"
6.6520681426154e-08,0.608553433530644,0.295,0.236,0.00223097061367035,"0","LAMB2"
8.15275681323109e-08,0.506580619938156,0.373,0.304,0.00273427158002144,"0","PKD1"
8.42570096769151e-08,0.458779503703768,0.268,0.193,0.00282581159054438,"0","CAB39L"
9.0212919549436e-08,0.318329306819943,0.251,0.181,0.00302556089584898,"0","RAN"
1.02991486256485e-07,0.495512773713236,0.295,0.223,0.00345412846606998,"0","RGL2"
1.19741478553799e-07,0.297288945378034,0.313,0.235,0.00401588970773732,"0","RPL14"
1.51153758376847e-07,0.456076586636831,0.325,0.253,0.00506939474844269,"0","RHEB"
1.57073468233944e-07,0.344148709888962,0.46,0.38,0.00526792997763003,"0","NMT1"
1.63979157162585e-07,0.359394438181854,0.43,0.347,0.00549953297291879,"0","ZDHHC17"
2.66007362817694e-07,0.310548537505792,0.508,0.432,0.00892135493417982,"0","RPS27"
2.82799568015273e-07,0.458744883592799,0.282,0.209,0.00948453191209624,"0","DAZAP2"
3.10705305012293e-07,0.354286030818942,0.451,0.384,0.0104204345195023,"0","HSP90B1"
3.22715561788064e-07,0.538575134058719,0.278,0.206,0.0108232345112481,"0","SYNM"
3.3507610988272e-07,0.331402786749037,0.297,0.224,0.0112377825732467,"0","CACNB4"
3.48398083373532e-07,0.322861050146879,0.287,0.213,0.0116845749201815,"0","RPL23"
3.61553883042642e-07,0.402524932958634,0.311,0.235,0.0121257941294841,"0","RAC1"
4.14587970093605e-07,0.61675518008328,0.26,0.194,0.0139044513409993,"0","PYGM"
6.86643045183253e-07,0.4740017991593,0.258,0.188,0.0230286344493559,"0","RPS13"
7.20867562740685e-07,0.256287263384656,0.511,0.432,0.0241764563191971,"0","C6orf62"
7.70973706189119e-07,0.454491619418335,0.295,0.223,0.0258569161581707,"0","BMPR1A"
8.06749278327205e-07,0.408664966751315,0.52,0.468,0.0270567572965378,"0","HSPA5"
8.38664460408238e-07,0.461664636242446,0.329,0.259,0.0281271286731715,"0","SGSM2"
9.7986527245719e-07,0.495899044464522,0.283,0.216,0.0328627215076693,"0","CSPP1"
1.12235199786061e-06,0.339069781524433,0.429,0.351,0.0376414413042492,"0","KAT2A"
1.3430935525347e-06,0.387695427759472,0.412,0.344,0.0450446715649089,"0","ATN1"
1.44921850691353e-06,0.335617383330993,0.259,0.193,0.0486038902848661,"0","SRSF4"
1.65412154696038e-06,0.460428618971855,0.254,0.188,0.0554759284419572,"0","EDF1"
2.00305715390837e-06,0.263136225941981,0.554,0.49,0.0671785308277787,"0","RPL37A"
2.1340887121795e-06,0.43698380035247,0.345,0.281,0.071573067229076,"0","PYGB"
2.22622509142798e-06,0.28770315176944,0.291,0.225,0.0746631371163116,"0","SET"
2.2683522809075e-06,0.363790569523456,0.351,0.277,0.0760759987970757,"0","HADHB"
2.81510485949022e-06,0.29577707539502,0.667,0.609,0.0944129867775829,"0","GNAS"
2.86073678799925e-06,0.369849202687977,0.331,0.258,0.0959433903959187,"0","SPOP"
3.69504027588154e-06,0.257679171330863,0.423,0.346,0.123924260772515,"0","RPL32"
4.04067015824693e-06,0.334492472455389,0.918,0.927,0.135515995767286,"0","GJA1"
4.19289414932894e-06,0.345970230986148,0.34,0.268,0.140621283980194,"0","AC098850.3"
4.64649341099357e-06,0.34031629208113,0.282,0.216,0.155834096017903,"0","UBA52"
5.04921711155792e-06,0.478317733073276,0.345,0.29,0.16934064348743,"0","UBL3"
5.27472202928705e-06,0.414344231143734,0.265,0.201,0.176903627418229,"0","HSBP1"
5.41477263131543e-06,0.308779528801465,0.441,0.37,0.181600644509057,"0","ATP2B4"
6.95454271785991e-06,0.437402924730923,0.278,0.213,0.233241453671586,"0","FADS3"
7.75241780288443e-06,0.510907883868435,0.304,0.246,0.260000588273138,"0","ANGPTL4"
7.80473820745652e-06,0.29509137271162,0.55,0.493,0.261755310001677,"0","PKM"
8.44129956242202e-06,0.427631190873199,0.324,0.258,0.28310430472451,"0","STAT2"
9.07833826471828e-06,0.48640294381904,0.256,0.193,0.304469308722122,"0","CAMK2D"
9.31686321508433e-06,0.341928759930529,0.272,0.208,0.312468958507498,"0","LYST"
9.42177573101929e-06,0.348451414588317,0.258,0.196,0.315987514466925,"0","GGCX"
9.8307505456147e-06,0.397216010281612,0.392,0.328,0.329703711798826,"0","RPS23"
1.04301300294689e-05,0.406164647603166,0.496,0.433,0.349805700928328,"0","GSN"
1.19949653965498e-05,0.391213709465145,0.391,0.33,0.402287149469487,"0","HHATL"
1.21211853291982e-05,0.497836188688485,0.258,0.199,0.40652031357065,"0","KCTD15"
1.45555795422695e-05,0.422737183886401,0.345,0.28,0.488165026688635,"0","SLC44A2"
1.68620132894025e-05,0.278271707766043,0.334,0.266,0.565518201699981,"0","CTSB"
1.73145627478322e-05,0.287556829309965,0.358,0.289,0.580695805436797,"0","RPL9"
1.8738468728034e-05,0.311031772297698,0.436,0.368,0.628450764200806,"0","IRF2BP2"
1.87857405178111e-05,0.387055499368509,0.356,0.297,0.63003616548635,"0","RPL30"
1.92242230491845e-05,0.319191698899511,0.382,0.314,0.644741992623548,"0","P2RY1"
2.01412134054349e-05,0.412183366005438,0.255,0.194,0.675496015191476,"0","BCR"
2.17527133510058e-05,0.258180692631259,0.464,0.394,0.729542500366032,"0","SKP1"
2.27631143481884e-05,0.344620527457708,0.256,0.196,0.763429329009542,"0","MPHOSPH9"
2.3984423712082e-05,0.364046759610378,0.436,0.383,0.804389602455807,"0","PPFIA1"
2.61015433497502e-05,0.408006406558273,0.269,0.208,0.875393560863924,"0","FLCN"
2.64503871691006e-05,0.389635223064323,0.292,0.231,0.887093084877297,"0","PAXBP1"
2.92492688558346e-05,0.382509780104453,0.33,0.272,0.980961978886981,"0","PLSCR4"
3.12160764035766e-05,0.262814975275393,0.533,0.48,1,"0","ABLIM1"
3.20437202416515e-05,0.490108882178576,0.269,0.21,1,"0","ERLIN2"
3.2742530670453e-05,0.339963461397152,0.377,0.309,1,"0","SRSF3"
3.31394539302351e-05,0.33144418155602,0.307,0.243,1,"0","ANKRD36"
3.39432785661245e-05,0.411410237305601,0.29,0.228,1,"0","ANO8"
3.58070695031616e-05,0.38871907837693,0.28,0.221,1,"0","RPS20"
3.59514714751921e-05,0.372604939209197,0.376,0.319,1,"0","OFD1"
3.69270444638164e-05,0.43587945530534,0.266,0.207,1,"0","EFCAB14"
3.74670253904242e-05,0.36331456987274,0.304,0.242,1,"0","LMAN1"
4.18038943739992e-05,0.300196796180817,0.486,0.424,1,"0","BCLAF1"
4.42732678820916e-05,0.343362700994445,0.334,0.273,1,"0","PPP2CB"
4.65348614604348e-05,0.418734485956561,0.319,0.255,1,"0","COL6A1"
4.68168217189128e-05,0.35371689500296,0.341,0.278,1,"0","STON2"
5.01707106650787e-05,0.297710913185445,0.477,0.414,1,"0","SNRNP70"
5.06280904284696e-05,0.443214641442176,0.268,0.209,1,"0","PNRC1"
7.58895557272882e-05,0.352124097450837,0.35,0.295,1,"0","CASC4"
7.8089390667249e-05,0.364017740338775,0.348,0.289,1,"0","SSFA2"
7.81731918436267e-05,0.3300034885705,0.315,0.253,1,"0","TAPBP"
8.21240672907537e-05,0.314667111572022,0.36,0.296,1,"0","ZSWIM8"
8.40712583182846e-05,0.368403753977149,0.329,0.269,1,"0","CEP170"
8.67919443159859e-05,0.371757597116679,0.282,0.223,1,"0","WASHC1"
9.31205916384209e-05,0.310442583064076,0.287,0.228,1,"0","MAF"
9.42949470491057e-05,0.375054003275021,0.257,0.2,1,"0","NPL"
9.44141177606336e-05,0.270255478895307,0.445,0.38,1,"0","CHD4"
0.000105694540031152,0.288026617253169,0.406,0.341,1,"0","SRGAP1"
0.000106017473896401,0.314741539939318,0.25,0.194,1,"0","LRP10"
0.000117546564982583,0.42962866553897,0.307,0.255,1,"0","MDN1"
0.000122258170769539,0.339727341378272,0.361,0.301,1,"0","CTTN"
0.000124613796042457,0.410740712068149,0.312,0.265,1,"0","SERPINH1"
0.000127405270395142,0.351234882590436,0.317,0.259,1,"0","SERPINB6"
0.000131327393709631,0.308715300243231,0.251,0.196,1,"0","RPL27"
0.000153243143375155,0.345209045755664,0.286,0.232,1,"0","GSTP1"
0.000154797030144453,0.301753209158885,0.378,0.32,1,"0","SPART"
0.000165480998366659,0.457909023271149,0.262,0.207,1,"0","SERBP1"
0.000173624109647603,0.28789548315472,0.463,0.413,1,"0","TOB2"
0.000203852970244333,0.271608613800901,0.439,0.379,1,"0","SCARB2"
0.000232436709092233,0.28534689848616,0.383,0.321,1,"0","MLLT6"
0.000239385404457883,0.354939285202565,0.324,0.269,1,"0","RCN2"
0.000265494559356587,0.280292293542728,0.273,0.221,1,"0","GSTM3"
0.000292984969289965,0.315066053964442,0.441,0.399,1,"0","ZFAND5"
0.000348395457359726,0.302711526003995,0.292,0.237,1,"0","RPL6"
0.000361117493129535,0.279785495050133,0.422,0.371,1,"0","RXRA"
0.000365722245178433,0.379424549140049,0.346,0.292,1,"0","TSC2"
0.000376341719567033,0.29544912620006,0.342,0.285,1,"0","MGST3"
0.00038064723117966,0.266252546492202,0.309,0.253,1,"0","FKBP2"
0.000385469986551531,0.328491391368275,0.304,0.252,1,"0","RNF13"
0.000411547469762305,0.297340581870001,0.497,0.44,1,"0","RHOB"
0.000437533158830513,0.373452386558958,0.287,0.237,1,"0","CDS2"
0.000549621472677111,0.357508884249956,0.25,0.2,1,"0","ALDH9A1"
0.000572180806205473,0.263794053833376,0.275,0.222,1,"0","RPS21"
0.000578542117813277,0.409638240785234,0.255,0.206,1,"0","CLDND1"
0.000586918761583579,0.251011015111655,0.297,0.243,1,"0","RPL39"
0.000633729557209224,0.2694446927989,0.28,0.229,1,"0","JAM2"
0.000635928196492002,0.253266648539498,0.292,0.238,1,"0","CYBRD1"
0.00078401560888431,0.252497134811273,0.341,0.288,1,"0","TMED10"
0.000798699035237328,0.317683146939789,0.326,0.275,1,"0","FAM198B"
0.000855039602474618,0.382924821506712,0.275,0.228,1,"0","RPS6KA2"
0.000886050078362626,0.375892451234029,0.295,0.244,1,"0","ATP6AP2"
0.000888325867645499,0.273843235583124,0.27,0.22,1,"0","LGALS3BP"
0.00112807917231422,0.260872126154323,0.281,0.231,1,"0","TMEM170A"
0.00119040428955243,0.312421500605837,0.41,0.361,1,"0","ZKSCAN1"
0.00142119157569136,0.375380385603797,0.266,0.218,1,"0","TMEM30A"
0.00152595249622765,0.256827386480654,0.297,0.246,1,"0","SPCS2"
0.0015872976202201,0.253838234452029,0.262,0.214,1,"0","PTPRA"
0.00162017466609639,0.300719476167913,0.273,0.224,1,"0","PRRC2A"
0.00208593935094443,0.364547154366604,0.251,0.208,1,"0","REEP5"
0.00211067858278089,0.278819081277948,0.33,0.28,1,"0","COX6A1"
0.00254595657515555,0.283367249644126,0.258,0.214,1,"0","NSUN6"
0.00275836693205458,0.322734710903819,0.314,0.27,1,"0","APLP2"
0.00277964334926947,0.312392432423039,0.275,0.228,1,"0","ATP5MF"
0.00318197945102868,0.286428924340325,0.297,0.253,1,"0","ASAH1"
0.00343276667218766,0.314450362408565,0.283,0.237,1,"0","FAM181B"
0.00360137920351935,0.252850508430599,0.304,0.256,1,"0","EID1"
0.00475374969010916,0.317266750644252,0.306,0.266,1,"0","LRRC58"
0.00537093320772071,0.270033920711521,0.26,0.224,1,"0","OSBPL11"
0.00728488097329516,0.360316200844494,0.269,0.232,1,"0","MLEC"
0.00748348349952735,0.318190071077261,0.268,0.228,1,"0","PARK7"
0.00753684306500374,0.266764464098353,0.305,0.261,1,"0","FAM102A"
0.00803798554690853,0.280584538646024,0.383,0.344,1,"0","WDR11"
0.00816673726952349,0.270158253217655,0.339,0.305,1,"0","ARHGEF10"
2.66544105697556e-133,0.330257266523886,0.373,0.585,8.93935621688465e-129,"1","ZRANB2"
3.03735461392026e-131,0.309147637777126,0.431,0.648,1.01866799041658e-126,"1","SRRM2"
6.84778411256318e-126,0.409213459037479,0.597,0.787,2.29660983567144e-121,"1","BAZ2B"
3.34100044016047e-125,0.599658193137345,0.458,0.6,1.12050472762102e-120,"1","ACOT11"
3.99296595180487e-124,0.255090914739452,0.493,0.716,1.33916092091632e-119,"1","SFPQ"
6.25566248953546e-122,0.289204631528452,0.428,0.639,2.0980240857404e-117,"1","KMT2C"
1.68738749314148e-119,0.299682693394401,0.242,0.426,5.6591601744979e-115,"1","NDUFS1"
9.22910539462281e-118,0.325884239607134,0.474,0.668,3.0952573672486e-113,"1","SPAG9"
2.32112174407258e-117,0.304133466959362,0.324,0.519,7.78457810527062e-113,"1","PITPNC1"
3.95909307041857e-117,0.341554191765644,0.283,0.462,1.32780063395698e-112,"1","DOCK4"
3.51010228093425e-116,0.272055814659601,0.357,0.558,1.17721810297973e-111,"1","SRGAP3"
6.4078799192074e-116,0.392517090599617,0.364,0.55,2.14907476730378e-111,"1","NTRK3"
7.12808283276355e-115,0.326717666281385,0.389,0.586,2.39061642045224e-110,"1","ATRX"
1.9730504565889e-114,0.381350387649579,0.306,0.49,6.61721662130786e-110,"1","IDS"
2.72505060551924e-114,0.625083208563407,0.696,0.822,9.13927472079041e-110,"1","SYNE1"
7.86922961313965e-114,0.25572568269861,0.274,0.469,2.63918222765478e-109,"1","NCOA1"
2.85325630557595e-113,0.265185808124178,0.296,0.487,9.56925099764062e-109,"1","CEP350"
2.49557957467133e-112,0.401587013413522,0.404,0.569,8.36967477753269e-108,"1","FMNL2"
3.0454255530593e-112,0.435046448595314,0.246,0.411,1.02137482198503e-107,"1","SLC27A1"
9.13459497076278e-112,0.272599131968858,0.401,0.605,3.06356046129442e-107,"1","MUC20-OT1"
1.50159961929173e-111,0.33216175543449,0.406,0.605,5.03606480318062e-107,"1","BPTF"
2.86768913823841e-111,0.3734721954815,0.708,0.876,9.61765583182398e-107,"1","NTM"
4.28486098225907e-111,0.297314179735217,0.602,0.794,1.43705667623005e-106,"1","SON"
7.32159332290656e-111,0.279712197070638,0.317,0.536,2.4555159686364e-106,"1","NAT8L"
1.73505024523854e-110,0.316389928397147,0.533,0.722,5.81901151248103e-106,"1","CHD9"
1.97315386267216e-110,0.288840197890273,0.39,0.594,6.6175634246299e-106,"1","DKK3"
2.8775077615751e-110,0.493058474343373,0.438,0.589,9.65058553077057e-106,"1","TNIK"
3.79722237027762e-110,0.296821672028648,0.408,0.611,1.27351243854371e-105,"1","TTC3"
5.35438485708049e-110,0.285871949806778,0.217,0.404,1.79575359336766e-105,"1","PJA2"
1.49932590435348e-109,0.360186128089674,0.241,0.407,5.02843921802071e-105,"1","LRP4"
2.43953249233844e-109,0.342090481056854,0.258,0.425,8.18170407280464e-105,"1","MPHOSPH8"
3.92722056206704e-109,0.369217434167782,0.316,0.493,1.31711123210605e-104,"1","BIRC6"
8.10322134377826e-109,0.464200754527349,0.378,0.526,2.71765837427635e-104,"1","POLR2J3.1"
9.21455110924386e-109,0.497699367801374,0.574,0.71,3.09037615101821e-104,"1","SFXN5"
1.74323440559106e-108,0.295486884950924,0.185,0.362,5.84645954947129e-104,"1","EEF2"
1.76170388193226e-107,0.347425350139282,0.389,0.568,5.90840247922443e-103,"1","ARAP2"
2.07630733484371e-107,0.261515618160289,0.496,0.697,6.96351953959883e-103,"1","SPTBN1"
1.21389349188647e-106,0.283673691875004,0.362,0.551,4.07115599308884e-102,"1","MAP4K4"
1.4432657103945e-106,0.392383622753834,0.243,0.401,4.84042453952107e-102,"1","TACC1"
3.23916253567511e-105,0.307791113811442,0.211,0.382,1.08635033121472e-100,"1","KAT2B"
5.10180072855385e-105,0.254328290140468,0.282,0.48,1.71104192834239e-100,"1","SNRNP70"
1.22114761499688e-104,0.345580226351067,0.379,0.555,4.09548487117653e-100,"1","ITPR2"
1.9239265986806e-104,0.410408030362169,0.41,0.566,6.452465026655e-100,"1","RNPC3"
3.10204406744791e-104,0.303038573567486,0.284,0.448,1.04036353934068e-99,"1","TOM1L2"
3.23607345526469e-104,0.379467718147699,0.609,0.782,1.08531431542667e-99,"1","APC"
4.65748883602762e-104,0.253007893205384,0.316,0.523,1.56202860582694e-99,"1","PAQR8"
4.95042146271081e-104,0.26103974905317,0.346,0.529,1.66027235016395e-99,"1","ARHGEF12"
5.4418553919199e-104,0.30292146871124,0.191,0.355,1.8250894613421e-99,"1","SDC2"
9.91819193574525e-104,0.284015009524709,0.269,0.439,3.32636321141024e-99,"1","PDGFRB"
5.68116993186235e-103,0.434099709288693,0.256,0.388,1.90535077174799e-98,"1","PPP1R12A"
8.75831698613609e-103,0.519408095135751,0.418,0.54,2.93736435081032e-98,"1","GOLGB1"
1.36536061879962e-102,0.389629400255024,0.248,0.394,4.57914644333015e-98,"1","BMP7"
2.62572582194227e-102,0.552109085890996,0.258,0.376,8.80615926162997e-98,"1","CEP85L"
3.2187583052003e-101,0.288057155781333,0.58,0.758,1.07950716039808e-96,"1","LSAMP"
3.54780292933091e-101,0.331695593703856,0.278,0.45,1.189862146439e-96,"1","EGFR"
4.03186875334112e-101,0.856804493749577,0.366,0.437,1.35220814249555e-96,"1","RAPGEF3"
4.97556377298358e-101,0.404040417297536,0.24,0.39,1.66870457818323e-96,"1","TJP1"
7.4370174756537e-101,0.569956457594328,0.45,0.564,2.49422692098474e-96,"1","ACSS1"
7.98000192800745e-101,0.323502134134974,0.398,0.562,2.67633304661514e-96,"1","ATXN2"
8.31569027740987e-101,0.29373968754135,0.241,0.411,2.78891620523772e-96,"1","MRAS"
2.60592555671792e-100,0.376193103927997,0.348,0.509,8.73975313212057e-96,"1","PRRC2C"
4.19076417305737e-100,0.323325870380734,0.254,0.418,1.40549848835998e-95,"1","FAM213A"
7.17087635743464e-100,0.311426608196934,0.259,0.424,2.40496851275643e-95,"1","ANKRD26"
1.56197437112727e-99,0.33161309670041,0.234,0.393,5.23854964588664e-95,"1","GNAO1"
2.2245206242032e-99,0.26613852938379,0.199,0.372,7.46059726945269e-95,"1","BBX"
2.52258906963088e-99,0.294255859075486,0.676,0.847,8.46025922172804e-95,"1","LUC7L3"
3.98442385996404e-99,0.478836028883579,0.231,0.367,1.33629607415474e-94,"1","TMOD2"
6.77296363276484e-99,0.412715525991305,0.179,0.327,2.27151654315667e-94,"1","PGAM1"
1.98652788754518e-98,0.376369890710019,0.43,0.596,6.66241722924902e-94,"1","MYO6"
1.98982206534524e-98,0.685682496814384,0.259,0.371,6.67346524275486e-94,"1","SLC25A29"
3.15304925248205e-98,0.371947510571604,0.4,0.559,1.05746965829743e-93,"1","MYO10"
4.81823319620578e-98,0.258880505852472,0.355,0.54,1.61593904934349e-93,"1","ECHDC2"
1.09262090530069e-97,0.351603000232928,0.527,0.7,3.66443199219745e-93,"1","SEPT7"
1.25094225394787e-97,0.585618767471028,0.218,0.353,4.19541013129038e-93,"1","TUBA1B"
1.36618384343069e-97,0.32687443310226,0.192,0.338,4.58190737409784e-93,"1","RERE"
1.45220886857963e-97,0.257334390807236,0.374,0.567,4.87041810344236e-93,"1","ZMAT1"
3.55650115046288e-97,0.263277862799614,0.316,0.494,1.19277935584224e-92,"1","PHIP"
5.12682325062964e-97,0.428961713802314,0.332,0.483,1.71943398179617e-92,"1","MRVI1"
1.44662615182647e-96,0.291474554310904,0.282,0.443,4.85169478799561e-92,"1","ITGA7"
1.89227099353994e-96,0.501721346907078,0.247,0.363,6.34629845813425e-92,"1","MERTK"
2.49694616045393e-96,0.295052979713658,0.343,0.502,8.37425803293038e-92,"1","KIF21A"
9.48755409742129e-96,0.357624052261287,0.303,0.45,3.18193589319315e-91,"1","POU2F1"
1.17195094565482e-95,0.272848395115381,0.387,0.559,3.93048908153713e-91,"1","FARP1"
1.25000592511329e-95,0.34758949021086,0.274,0.429,4.19226987164497e-91,"1","GRIN2C"
1.74446856868578e-95,0.320395642233504,0.392,0.58,5.85059868565837e-91,"1","MT-ND5"
1.11645912110935e-94,0.408908124506753,0.308,0.439,3.74438060037655e-90,"1","CDC42BPA"
1.40083577062494e-94,0.557815925602074,0.16,0.283,4.69812300752192e-90,"1","CNP"
1.49931519099438e-94,0.406989597195963,0.193,0.327,5.02840328755694e-90,"1","YWHAZ"
1.96668797220746e-94,0.690961890754426,0.374,0.536,6.59587812118938e-90,"1","MTRNR2L12"
4.16816183159504e-94,0.332660282329795,0.206,0.349,1.39791811508034e-89,"1","CYFIP2"
5.07877907648029e-94,0.318902739738908,0.29,0.455,1.70332092666996e-89,"1","BOD1L1"
8.67139403443273e-94,0.334578142846383,0.215,0.359,2.90821213126805e-89,"1","NEO1"
1.25841890079514e-93,0.350569335995596,0.242,0.4,4.22048530948674e-89,"1","RPL21"
1.56016153615695e-93,0.478073985784465,0.307,0.427,5.23246975996317e-89,"1","ATP13A4"
3.08638498524883e-93,0.342794847439974,0.208,0.342,1.03511179635275e-88,"1","SETX"
4.07153379373832e-93,0.356338662995685,0.277,0.435,1.36551100374396e-88,"1","IQCA1"
5.49455205615819e-93,0.515132535343626,0.213,0.334,1.84276286859433e-88,"1","RPS29"
7.52910155622896e-93,0.386757965888263,0.257,0.394,2.52511007992807e-88,"1","SRRM1"
4.62830825961583e-92,0.497818542253772,0.277,0.398,1.55224202410996e-87,"1","DDX24"
4.73193574027843e-92,0.395573930548965,0.146,0.283,1.58699660857458e-87,"1","PRDX2"
6.64816439685623e-92,0.271308938353055,0.22,0.371,2.22966137541764e-87,"1","ARID4B"
7.314778737996e-92,0.334118832230917,0.253,0.399,2.4532304931491e-87,"1","NCOR1"
8.5824435024842e-92,0.528627725800735,0.209,0.318,2.87837990186315e-87,"1","MAVS"
1.02406797327269e-91,0.463508043663065,0.239,0.356,3.43451916876195e-87,"1","PHF3"
1.03890418734584e-91,0.532153194255526,0.664,0.773,3.48427686352049e-87,"1","FGFR3"
4.02909777757888e-91,0.29748858378191,0.173,0.324,1.3512788126444e-86,"1","RAB31"
5.78019262125968e-91,0.313301786874802,0.419,0.603,1.93856100131807e-86,"1","ALDOC"
5.9273028080405e-91,0.386884301193731,0.201,0.353,1.98789881576062e-86,"1","RPL15"
1.24127183392606e-90,0.610383624884678,0.529,0.61,4.16297747662123e-86,"1","ACSL6"
1.2988465107729e-90,0.393301525499539,0.242,0.367,4.35607142783014e-86,"1","VAMP2"
3.02046509274466e-90,0.39333267265982,0.27,0.424,1.0130035828047e-85,"1","RPL37"
6.9959699111185e-90,0.367147611206447,0.205,0.346,2.34630838879092e-85,"1","MFAP3L"
1.17971932287075e-89,0.250340421131353,0.161,0.306,3.95654266504392e-85,"1","ZC3H14"
1.44916212701752e-89,0.566122315971136,0.291,0.38,4.86019994159136e-85,"1","CHKA"
2.02348453192201e-89,0.260878504449131,0.332,0.493,6.78636242316005e-85,"1","ALDH1L1"
2.04220637020003e-89,0.256503020918668,0.262,0.422,6.84915172437685e-85,"1","SACS"
2.96464087533221e-89,0.481384032802134,0.193,0.306,9.94281256768918e-85,"1","ARID4A"
5.34107666668759e-89,0.363790571208901,0.175,0.3,1.79129029247368e-84,"1","IPO9"
9.21819491606007e-89,0.319499151138396,0.433,0.587,3.09159821094823e-84,"1","SLC25A18"
9.3581265477838e-89,0.317449342728475,0.225,0.362,3.13852848159573e-84,"1","SENP6"
1.12485473862365e-88,0.509763722043257,0.343,0.489,3.77253782239599e-84,"1","TMSB4X"
1.29259530851571e-88,0.39560006673815,0.193,0.328,4.33510614569998e-84,"1","WNK1"
1.59374067003043e-88,0.301620036791801,0.121,0.256,5.34508745914804e-84,"1","TMBIM1"
1.80262154842161e-88,0.302987645151104,0.198,0.348,6.0456321490964e-84,"1","MYO9A"
2.80015742246741e-88,0.361626320150433,0.234,0.364,9.39116796347119e-84,"1","CARMIL1"
3.1920894707146e-88,0.263391337289995,0.176,0.311,1.07056296668826e-83,"1","PHF14"
4.0366767041847e-88,0.62750364044761,0.499,0.571,1.35382063304947e-83,"1","GRIA2"
5.95477835895769e-88,0.370606570736953,0.283,0.411,1.99711356602723e-83,"1","ACACB"
6.2580534295216e-88,0.356566322934859,0.223,0.358,2.09882595919295e-83,"1","TMEM184B"
7.80894337656677e-88,0.689699752417476,0.295,0.366,2.61896342963296e-83,"1","PLIN5"
1.99971013256371e-87,0.381012411067789,0.254,0.378,6.70662784259219e-83,"1","PAPLN"
2.15787891146105e-87,0.251130121321985,0.184,0.329,7.23709429325805e-83,"1","SETD2"
2.98335044515703e-87,0.500503599059964,0.193,0.303,1.00055607229677e-82,"1","USP8"
4.67964690538176e-87,0.330355424848343,0.187,0.317,1.56945997912693e-82,"1","PRPF38B"
4.99755069250034e-87,0.500884098060946,0.536,0.65,1.67607855125076e-82,"1","SLC6A1"
7.04831356351357e-87,0.327711639941961,0.228,0.366,2.36386340293118e-82,"1","STXBP5"
9.94755448740511e-87,0.272563368777415,0.198,0.356,3.33621082398592e-82,"1","RPL38"
1.13208567457099e-86,0.357534444410716,0.231,0.378,3.79678893537618e-82,"1","RPL34"
1.16596436979055e-86,0.385444514465454,0.172,0.303,3.91041130340354e-82,"1","PPIA"
1.86475000492683e-86,0.255059576317947,0.265,0.417,6.2539985665236e-82,"1","RANBP3L"
2.12762848867006e-86,0.370158008993839,0.156,0.278,7.13564042530166e-82,"1","CD46"
3.37061643758006e-86,0.304171112780619,0.149,0.279,1.1304373408356e-81,"1","HEPH"
4.08316737022176e-86,0.307099837102713,0.255,0.416,1.36941267262497e-81,"1","ARL6IP1"
4.70707308532699e-86,0.28497911519229,0.202,0.343,1.57865817135697e-81,"1","ZSWIM6"
9.28810767087715e-86,0.293800111527758,0.477,0.645,3.11504555065878e-81,"1","PREX2"
2.12363570162045e-85,0.500600028019356,0.256,0.354,7.12224941609466e-81,"1","ADGRB3"
6.19064716933774e-85,0.455549465388661,0.2,0.341,2.07621924765249e-80,"1","HIPK2"
1.01079794252148e-84,0.389211806527657,0.25,0.377,3.39001413962854e-80,"1","APCDD1"
1.60106287335994e-84,0.399343234165016,0.189,0.308,5.36964466467458e-80,"1","TRIM33"
2.22802904956673e-84,0.484230441979648,0.177,0.293,7.47236382643689e-80,"1","GPI"
2.62681104019172e-84,0.41295404896139,0.322,0.445,8.809798866595e-80,"1","LRP1B"
3.03796407696661e-84,0.317509630850806,0.172,0.29,1.01887239213306e-79,"1","HECTD4"
3.43575528792346e-84,0.266911168356804,0.201,0.341,1.15228360846377e-79,"1","TNRC6C"
5.01452202743024e-84,0.318623097288473,0.165,0.293,1.68177039755955e-79,"1","SAT2"
7.39511015547005e-84,0.31184407171773,0.347,0.497,2.48017204394155e-79,"1","ANKDD1A"
8.81031123670349e-84,0.407275528330385,0.166,0.287,2.95480218256562e-79,"1","CTNNA2"
1.28402233260741e-83,0.457176913767289,0.218,0.327,4.30635409909873e-79,"1","GON4L"
1.3670656256042e-83,0.634497515571914,0.368,0.453,4.58486469515137e-79,"1","ZNRF3"
1.62795254162572e-83,0.392430717685628,0.251,0.374,5.45982723410434e-79,"1","NUDT3"
1.893688713665e-83,0.743307663591017,0.319,0.377,6.35105320788967e-79,"1","GPAM"
1.91588427107059e-83,0.637390729635456,0.341,0.411,6.42549266831655e-79,"1","ITSN1"
2.13312198713768e-83,0.311929740388626,0.283,0.421,7.15406452046236e-79,"1","CSGALNACT1"
2.17403826487015e-83,0.271247759055489,0.209,0.348,7.29128953272151e-79,"1","SPECC1"
3.3044528478414e-83,0.260695073214855,0.159,0.296,1.10824739610905e-78,"1","PBRM1"
3.36495052677665e-83,0.664613932103445,0.262,0.328,1.12853710767035e-78,"1","GRAMD1C"
3.51944938548582e-83,0.298087178536267,0.233,0.374,1.18035293490423e-78,"1","CPLANE1"
4.09977311600984e-83,0.284696452397578,0.389,0.54,1.37498190764738e-78,"1","LGI1"
4.13976824720234e-83,0.36015556780152,0.135,0.255,1.38839547474672e-78,"1","NSUN6"
4.81639361864759e-83,0.269120162689658,0.187,0.318,1.61532209182203e-78,"1","SIK3"
9.62371246682441e-83,0.255063789736455,0.155,0.291,3.22760068712357e-78,"1","DLC1"
9.81609612050782e-83,0.313627657668481,0.199,0.324,3.29212231689591e-78,"1","CCAR1"
1.22939766949603e-82,0.35450363324071,0.219,0.352,4.12315390395578e-78,"1","NPIPB5"
1.52596215122213e-82,0.589991961080207,0.225,0.325,5.11777186276879e-78,"1","YWHAB"
3.16606541317777e-82,0.465297509573283,0.15,0.258,1.06183501827156e-77,"1","ACOX1"
6.08049208680777e-82,0.370403927002989,0.174,0.302,2.03927543607359e-77,"1","WDR60"
6.57970394956793e-82,0.369146682185469,0.209,0.342,2.20670111060609e-77,"1","SREBF1"
9.87035175457401e-82,0.434038860833652,0.285,0.404,3.31031857144903e-77,"1","FAM184A"
2.58101143600906e-81,0.494030985508252,0.181,0.284,8.65619615408718e-77,"1","GPC1"
3.47662093378015e-81,0.311212585866387,0.171,0.291,1.16598912877119e-76,"1","REPS1"
3.57745365455021e-81,0.383390925843141,0.311,0.449,1.19980640666305e-76,"1","SLC1A4"
9.87366984340457e-81,0.56852528780839,0.373,0.459,3.31143139208103e-76,"1","ZFHX4"
1.01373007665783e-80,0.435705947466241,0.222,0.335,3.39984793109504e-76,"1","BDP1"
1.6256965397466e-80,0.298762604639806,0.357,0.521,5.45226105500216e-76,"1","TIMP3"
1.86483100736054e-80,0.28064906959804,0.165,0.298,6.25427023248579e-76,"1","PPIG"
1.91597160423274e-80,0.658702867089165,0.471,0.536,6.42578556627575e-76,"1","RYR3"
2.12910688264577e-80,0.385732169021273,0.185,0.3,7.14059866301739e-76,"1","MOK"
3.89754800895017e-80,0.325259399093799,0.146,0.274,1.30715965124171e-75,"1","TNKS2"
5.75668649219616e-80,0.338194603384857,0.459,0.619,1.93067751575275e-75,"1","FAM171B"
6.77254151148026e-80,0.310296482177928,0.251,0.387,2.27137497212025e-75,"1","RORB"
8.07054901248281e-80,0.250940065279214,0.148,0.279,2.70670072780649e-75,"1","MORF4L2"
1.03124612833173e-79,0.254033101680829,0.153,0.304,3.45859326519895e-75,"1","AK4"
1.03308370248329e-79,0.721806149732947,0.179,0.255,3.46475612138846e-75,"1","SLC48A1"
3.2360560611425e-79,0.327516146789397,0.138,0.252,1.08530848178597e-74,"1","ERCC6L2"
4.20610327684747e-79,0.293392879508072,0.173,0.302,1.4106429169891e-74,"1","HLTF"
5.83740587015154e-79,0.263382252050182,0.168,0.293,1.95774918073142e-74,"1","RNMT"
6.39072032023825e-79,0.273059303905249,0.196,0.338,2.1433197810015e-74,"1","MGLL"
1.02218610277873e-78,0.296294959371662,0.168,0.288,3.42820775149929e-74,"1","NRDC"
1.36119259256425e-78,0.324923965687737,0.307,0.448,4.56516771694198e-74,"1","HIP1R"
1.49614042566401e-78,0.365320384012752,0.161,0.288,5.01775575959195e-74,"1","RPL14"
2.78309104645789e-78,0.434468545229559,0.202,0.311,9.33393075161046e-74,"1","MGA"
5.6111813581577e-78,0.371565917458432,0.162,0.272,1.88187800389893e-73,"1","MED12L"
5.62554238099346e-78,0.296405078421186,0.244,0.379,1.88669440373759e-73,"1","LINC00461"
7.31100988861175e-78,0.26533467048876,0.146,0.273,2.45196649644261e-73,"1","NADK2"
1.07214566445103e-77,0.42359102129204,0.163,0.276,3.59576212943585e-73,"1","OLFM2"
3.67563500703842e-77,0.376478518675673,0.184,0.303,1.23273446866055e-72,"1","ARPP19"
4.0838261040866e-77,0.264560940244229,0.167,0.295,1.36963359878856e-72,"1","ATP5MPL"
5.49100087794438e-77,0.28528240002267,0.239,0.382,1.84157187444499e-72,"1","HHATL"
5.57170434299088e-77,0.55012307881979,0.514,0.622,1.86863820255228e-72,"1","COL5A3"
1.30579251153121e-76,0.369864348458827,0.842,0.952,4.37936692517337e-72,"1","MACF1"
2.5007646919847e-76,0.258731370896987,0.214,0.349,8.38706462397829e-72,"1","RPS27A"
3.12863786544646e-76,0.527159595737264,0.178,0.28,1.04928256731343e-71,"1","RPS3A"
4.81645183347055e-76,0.334486931578865,0.168,0.281,1.61534161590935e-71,"1","PIK3R1"
5.02885089874219e-76,0.356083827649447,0.32,0.44,1.68657601442016e-71,"1","ACSBG1"
6.77994545329972e-76,0.479408686868132,0.171,0.265,2.27385810612766e-71,"1","XRN1"
7.15578399415706e-76,0.421799805149652,0.223,0.32,2.39990683596039e-71,"1","KCNA2"
1.38516794833133e-75,0.324315514955435,0.156,0.267,4.64557626511361e-71,"1","RBL2"
3.12117980626859e-75,0.259998704616305,0.181,0.301,1.04678128342636e-70,"1","TP53BP1"
7.5985394461031e-75,0.352685077518666,0.699,0.83,2.54839815943406e-70,"1","TTYH1"
1.48429053706288e-74,0.380732179819275,0.225,0.335,4.97801360320149e-70,"1","FLRT2"
1.60945745496659e-74,0.269464337471535,0.169,0.293,5.39779841246695e-70,"1","RPL7A"
2.11102664563079e-74,0.281688124242969,0.15,0.279,7.07996116411655e-70,"1","MAP1A"
2.36401157082659e-74,0.278337158671859,0.171,0.295,7.92842200623821e-70,"1","KIAA2026"
2.94437224231451e-74,0.486977211149418,0.161,0.254,9.87483562627441e-70,"1","MDH1"
3.13268149086186e-74,0.275046423344034,0.185,0.308,1.05063871840525e-69,"1","INTS3"
3.33305443131094e-74,0.824577732982575,0.382,0.405,1.11783979517306e-69,"1","MIAT"
6.65168277986046e-74,0.267776423820226,0.139,0.27,2.2308413707096e-69,"1","RPS4X"
7.22084699364856e-74,0.277448033322524,0.149,0.276,2.42172766472985e-69,"1","RPS6"
1.33507997743035e-73,0.664518386542043,0.193,0.278,4.47759122830589e-69,"1","CAMK2N1"
1.46510652907269e-73,0.393648244909199,0.172,0.285,4.91367427720397e-69,"1","CHD8"
1.57249282724968e-73,0.330220221656647,0.166,0.276,5.27382644402997e-69,"1","OSBPL6"
1.75521620447003e-73,0.319778174286241,0.146,0.263,5.88664410655159e-69,"1","MAPRE2"
2.85892847539393e-73,0.330183619546071,0.146,0.26,9.58827432077615e-69,"1","NDUFA5"
3.45904619741138e-73,0.443241916999579,0.172,0.261,1.16009491368783e-68,"1","ECPAS"
4.12595061045418e-73,0.428813075972536,0.14,0.254,1.38376131573412e-68,"1","MTRNR2L8"
4.29609545321281e-73,0.284074245765233,0.152,0.27,1.44082449309851e-68,"1","LTN1"
4.78315581639371e-73,0.295963544757321,0.139,0.26,1.60417479770212e-68,"1","ZNF644"
6.20349842893271e-73,0.33520917898599,0.165,0.28,2.08052930309545e-68,"1","RPL29"
6.41863842530082e-73,0.380505968225022,0.142,0.26,2.15268295507739e-68,"1","LMO4"
7.8806642916503e-73,0.346479945416156,0.16,0.269,2.64301719013368e-68,"1","SLF2"
7.98479628151382e-73,0.310444569178833,0.167,0.282,2.67794097689411e-68,"1","TSC1"
9.15440756230901e-73,0.254631288189976,0.169,0.294,3.07020520824719e-68,"1","RAB11FIP2"
1.30939291390657e-72,0.285161265693233,0.143,0.264,4.39144195465987e-68,"1","USP16"
1.33688964354179e-72,0.336240764584662,0.227,0.334,4.48366048651046e-68,"1","MIR29B2CHG"
2.65868510648502e-72,0.413259841354627,0.152,0.254,8.91669811012946e-68,"1","RNPS1"
3.33163946580766e-72,0.443727343922422,0.193,0.287,1.11736524404257e-67,"1","SCAPER"
3.52904246363872e-72,0.341124968161885,0.143,0.256,1.18357026145515e-67,"1","ROCK2"
4.41848121683283e-72,0.260533264292811,0.187,0.309,1.4818702305014e-67,"1","RPAP2"
4.42600754717887e-72,0.262195039092177,0.131,0.258,1.48439441117285e-67,"1","PPP2R1A"
2.58079884693554e-71,0.526808995586973,0.264,0.35,8.6554831728524e-67,"1","CHN1"
3.40236104780686e-71,0.309460158889604,0.201,0.315,1.14108384821346e-66,"1","PDCD6IP"
3.89511988011481e-71,0.772264341708045,0.231,0.279,1.30634530539291e-66,"1","KCNMA1"
4.17299844980111e-71,0.257303663968466,0.156,0.277,1.3995402200943e-66,"1","VPS53"
5.82201798145914e-71,0.701788406345559,0.599,0.61,1.95258839062177e-66,"1","NRXN1"
6.8511503231523e-71,0.407875063264753,0.169,0.266,2.29773879537882e-66,"1","LUC7L"
9.54896403732502e-71,0.293046558962127,0.262,0.388,3.20253155883807e-66,"1","MEIS2"
1.18190953919093e-70,0.541120803536521,0.168,0.26,3.96388821253854e-66,"1","CHST1"
1.34427912494696e-70,0.416898988351422,0.147,0.25,4.50844332924713e-66,"1","EIF4G3"
2.57046796443638e-70,0.372040983490645,0.15,0.252,8.62083545912672e-66,"1","FUBP1"
2.68537425457882e-70,0.686286731827879,0.701,0.8,9.00620817500645e-66,"1","MT-CO1"
3.50925249802341e-70,0.359740238446297,0.191,0.296,1.17693310278709e-65,"1","BTBD8"
4.45278381196915e-70,0.52162436803801,0.248,0.351,1.49337463485821e-65,"1","C2orf72"
9.15326644905619e-70,0.271335618874912,0.151,0.263,3.06982250168446e-65,"1","FAM204A"
9.20849143033668e-70,0.319863393558156,0.185,0.299,3.08834385590631e-65,"1","TNS3"
9.27319008367007e-70,0.575311887853406,0.212,0.291,3.11004249026127e-65,"1","CABLES1"
1.0994204727435e-69,0.349300360522624,0.16,0.264,3.68723638148714e-65,"1","EPN2"
1.22807125506863e-69,0.291473670889744,0.16,0.267,4.11870537524918e-65,"1","DPP8"
1.63570666835996e-69,0.334141937258142,0.157,0.269,5.48583302434563e-65,"1","AES"
3.38778442915963e-69,0.286199007285023,0.437,0.579,1.13619514185156e-64,"1","GABRA2"
3.50737887877703e-69,0.434194793904241,0.176,0.273,1.17630472836424e-64,"1","SFSWAP"
3.58996296678349e-69,0.388111244229242,0.155,0.252,1.20400177979985e-64,"1","ZMYND11"
6.34194436150985e-69,0.30226080588984,0.171,0.301,2.12696129996317e-64,"1","SH3BP2"
9.50211781691998e-69,0.254014106211736,0.171,0.287,3.18682027343862e-64,"1","WDR17"
1.03611053891593e-68,0.668836785393486,0.215,0.281,3.47490752541625e-64,"1","CMYA5"
1.83238907225513e-68,0.286307742294857,0.158,0.283,6.14546647052924e-64,"1","PCDH10"
1.9037828518576e-68,0.313900858272872,0.445,0.587,6.38490692856e-64,"1","F3"
2.22105023827678e-68,0.377763412088578,0.167,0.266,7.44895828913268e-64,"1","EPB41L2"
2.27521181890228e-68,0.394832133425056,0.464,0.584,7.63060539823446e-64,"1","ADGRG1"
3.28135818102693e-68,0.264994486512825,0.194,0.316,1.10050190675281e-63,"1","AGL"
3.49059288749749e-68,0.256596816680054,0.189,0.314,1.17067504260891e-63,"1","ALCAM"
3.73563028692302e-68,0.406265589954293,0.152,0.25,1.25285568562824e-63,"1","TLK1"
7.50021175829181e-68,0.503017723177863,0.181,0.268,2.51542101949591e-63,"1","AMZ2"
1.38198660545066e-67,0.343089420251325,0.17,0.283,4.63490667736043e-63,"1","RPS12"
3.738229019889e-67,0.375544210995938,0.878,0.967,1.25372724869037e-62,"1","DST"
4.72414062514004e-67,0.359024503297728,0.268,0.385,1.58438228285947e-62,"1","TRIP11"
4.78205962552579e-67,0.471697082553918,0.335,0.424,1.60380715720884e-62,"1","SLCO1C1"
4.79267324094789e-67,0.310358697946569,0.171,0.283,1.6073667515491e-62,"1","VPS13D"
5.4799398657078e-67,0.671716741907037,0.288,0.388,1.83786223216108e-62,"1","PLP1"
1.7340824076833e-66,0.271369246106987,0.225,0.348,5.81576557888826e-62,"1","CLDN10"
2.50882180895785e-65,0.380896590707241,0.248,0.351,8.41408658288282e-61,"1","PNN"
3.93019411723437e-65,0.831673237340642,0.255,0.274,1.31810850303806e-60,"1","OAF"
1.80253684626723e-64,0.631069807982454,0.214,0.278,6.04534807501103e-60,"1","AIFM3"
6.88780469299871e-64,0.399651911101153,0.194,0.286,2.31003193793791e-59,"1","MIRLET7BHG"
7.05133500377212e-63,0.301463191676412,0.2,0.295,2.36487673356509e-58,"1","PPP2R1B"
8.45969958866741e-63,0.258154904665017,0.152,0.259,2.83721404804728e-58,"1","MFSD14C"
2.30542241232079e-62,0.287545907575296,0.686,0.81,7.73192568644147e-58,"1","C1orf61"
4.18924433673421e-62,0.44860863048172,0.215,0.299,1.40498876565392e-57,"1","GJB6"
5.21712265180902e-62,0.407140687440899,0.298,0.407,1.74971859496371e-57,"1","FRMD4A"
1.09211381982826e-61,0.257786361338255,0.218,0.338,3.66273132894001e-57,"1","DNAH7"
2.4683000085369e-60,0.427774827945515,0.186,0.282,8.27818456863106e-56,"1","PPP1R9A"
5.69469614829612e-60,0.41906863085581,0.373,0.479,1.90988719421555e-55,"1","TSPAN7"
1.23897135293879e-58,0.618554732491113,0.909,0.919,4.15526212348613e-54,"1","SLC1A2"
3.78401050448164e-58,0.319318680510359,0.495,0.615,1.26908144299305e-53,"1","CADM1"
3.23089258376593e-57,0.278966897694148,0.446,0.581,1.08357675474342e-52,"1","HTRA1"
8.87705226261725e-54,0.44383384905964,0.275,0.36,2.97718578783657e-49,"1","MFGE8"
2.14147353534038e-52,0.328872200146922,0.164,0.256,7.18207394282458e-48,"1","CSPG5"
2.37058240454063e-51,0.324167761994794,0.608,0.75,7.95045926834838e-47,"1","MT-ND2"
2.38691556862997e-51,0.276224616367802,0.793,0.897,8.00523743407118e-47,"1","PCDH9"
1.1165579297607e-50,0.438258552697846,0.682,0.791,3.74471198483143e-46,"1","MT-ND1"
1.20452770370189e-50,0.316751944502494,0.209,0.291,4.03974501267541e-46,"1","GOLGA8B"
2.53762471452589e-50,0.403014305240504,0.191,0.266,8.51068576757693e-46,"1","LINC00982"
1.82221601654413e-49,0.315229804740255,0.253,0.361,6.1113480762857e-45,"1","CIRBP"
9.63307981085415e-49,0.329864990547732,0.185,0.278,3.23074230696427e-44,"1","DGKG"
1.13554931732681e-46,0.336279509777904,0.752,0.875,3.80840530045065e-42,"1","MT-CO2"
1.05349449866681e-45,0.262748654286117,0.766,0.879,3.53320984962875e-41,"1","GPM6A"
3.17583405032467e-45,0.948143104134228,0.294,0.276,1.06511122379789e-40,"1","SNAP25"
5.32733845128048e-45,0.501511611337146,0.668,0.696,1.78668276979045e-40,"1","ADGRV1"
1.43069627441089e-40,0.273186421928668,0.257,0.383,4.79826916511925e-36,"1","XIST"
1.42686531058527e-37,0.545110368186402,0.873,0.924,4.78542087864089e-33,"1","MT-CO3"
4.24572820394082e-36,0.309763778111489,0.775,0.895,1.42393232503767e-31,"1","MT-ND4"
2.73409897757261e-34,0.30905921121754,0.443,0.533,9.16962115098302e-30,"1","PTN"
1.8535495675194e-27,0.312948011788215,0.821,0.906,6.21643453954657e-23,"1","MT-ATP6"
4.08031215617208e-23,0.422259706148274,0.225,0.26,1.36845509093699e-18,"1","WIF1"
4.98383566364601e-23,0.394186830997577,0.813,0.803,1.6714788048736e-18,"1","GLUL"
2.16047284833138e-252,1.46806508780329,1,0.899,7.24579383873377e-248,"2","SLC1A2"
2.70006745795862e-176,2.3987101452833,0.658,0.165,9.05548624050161e-172,"2","WIF1"
1.64509374621496e-175,1.34186809141535,0.952,0.535,5.51731540605572e-171,"2","NRXN1"
2.59137086792707e-169,1.38897274983269,0.915,0.471,8.69093961685381e-165,"2","HTRA1"
3.58997992687139e-134,0.908698900972262,0.995,0.765,1.20400746787413e-129,"2","GLUL"
2.74682973580867e-120,1.18455612101364,0.878,0.484,9.2123175679551e-116,"2","F3"
1.38063921943092e-118,1.13875174731491,0.877,0.488,4.63038781412742e-114,"2","ADGRG1"
6.52583749681074e-118,1.56887965718465,0.624,0.206,2.18863537968039e-113,"2","GJB6"
2.74696090852346e-115,1.3092377164949,0.761,0.343,9.21275749500598e-111,"2","SLC1A4"
5.76539821791646e-112,0.931769042603572,0.986,0.91,1.93359925432482e-107,"2","SPARCL1"
1.48566498114986e-109,0.71474129558483,0.961,0.632,4.9826232137804e-105,"2","ADGRV1"
2.35221730812284e-102,0.879664377251446,0.957,0.726,7.88886640798238e-98,"2","ATP1B2"
3.87103371428608e-100,1.3944003651844,0.72,0.336,1.29826728709726e-95,"2","SLCO1C1"
8.31798057024091e-100,0.941023402403595,0.896,0.565,2.78968432364739e-95,"2","SLC6A1"
1.82276799369823e-97,1.49313538414392,0.598,0.218,6.11319929726511e-93,"2","GRM3"
2.9604686648292e-97,0.94503418584166,0.83,0.445,9.92881980810418e-93,"2","PTN"
1.18893276723623e-96,1.42755414396195,0.58,0.204,3.98744271475688e-92,"2","OAF"
9.12232157985561e-94,0.867521791327621,0.924,0.646,3.05944421145197e-89,"2","PLPP3"
1.31182021889773e-91,0.65480808902042,0.996,0.932,4.3995826501392e-87,"2","ATP1A2"
2.26864167830167e-90,1.28515858743795,0.673,0.297,7.60857046068813e-86,"2","GPAM"
5.21980530936546e-90,0.992644526359408,0.862,0.534,1.75061830465499e-85,"2","ACSL6"
1.62354804124147e-88,0.627331947168941,0.999,0.905,5.44505542071565e-84,"2","SLC1A3"
2.98933018882258e-88,1.49403480534673,0.539,0.187,1.00256155872732e-83,"2","LINC00982"
6.33460506635498e-88,1.22426745798627,0.743,0.393,2.12449984715413e-83,"2","TSPAN7"
7.50570168640633e-86,0.760177698287532,0.964,0.76,2.51726223158695e-81,"2","CST3"
4.22858293070658e-82,0.890290074821637,0.854,0.53,1.41818214330037e-77,"2","CADM1"
1.96295071051383e-80,0.817297310322842,0.813,0.459,6.58334409292127e-76,"2","NCAN"
2.55299676578921e-80,1.89981619141325,0.379,0.094,8.56224055310385e-76,"2","DIO2"
8.31643477542323e-80,0.790893375195826,0.841,0.497,2.78916589498144e-75,"2","SDC4"
1.02769798722358e-79,0.963073665538355,0.819,0.487,3.44669350955046e-75,"2","GABRA2"
4.94918156319824e-79,0.917405239747478,0.86,0.541,1.65985651266543e-74,"2","COL5A3"
1.07452194926491e-77,0.908012011196047,0.827,0.496,3.60373171344466e-73,"2","GRIA2"
1.57923768920541e-77,1.00766651780501,0.628,0.279,5.2964473620571e-73,"2","MFGE8"
6.83627044095191e-77,0.737583906318734,0.923,0.651,2.29274838048645e-72,"2","GPR37L1"
6.70799908103947e-75,0.634880955332131,0.979,0.826,2.24972873179902e-70,"2","GPM6A"
1.30204953390606e-74,1.36879182900472,0.496,0.178,4.36681372681414e-70,"2","CSPG5"
1.65047348605308e-74,0.645510015926648,0.982,0.845,5.53535797752483e-70,"2","NTRK2"
3.19511321218631e-68,0.545379606364811,0.995,0.898,1.07157706910305e-63,"2","CPE"
3.22270441638223e-68,0.669496051841131,0.964,0.809,1.08083060716627e-63,"2","NTM"
1.65939920947023e-65,0.774220677229495,0.826,0.529,5.56529306872126e-61,"2","FAM171B"
1.09191692926944e-64,0.703479686288807,0.931,0.709,3.66207099738385e-60,"2","FGFR3"
1.11053326260628e-64,0.646217536600313,0.953,0.767,3.72450645612893e-60,"2","TTYH1"
1.28851793082904e-63,0.94903157122432,0.798,0.527,4.32143143641443e-59,"2","HEPN1"
1.35424628982138e-63,0.869218090890954,0.74,0.427,4.54187120680295e-59,"2","TIMP3"
3.61335674452623e-63,0.644333160518651,0.896,0.631,1.21184758497921e-58,"2","SFXN5"
4.93635165674484e-62,0.556913882524815,0.896,0.624,1.65555361863908e-57,"2","ITM2C"
3.91324785431899e-61,0.89340987842042,0.778,0.493,1.3124250653815e-56,"2","ETNPPL"
4.46465462992995e-61,0.777067757984474,0.842,0.562,1.49735586978591e-56,"2","EDNRB"
6.82071779770231e-61,1.09723905512537,0.531,0.232,2.2875323349934e-56,"2","ALCAM"
1.73367744261793e-54,0.829933218182782,0.733,0.441,5.814407407052e-50,"2","SCG3"
2.24827166210377e-52,0.689706391003532,0.825,0.559,7.54025350036363e-48,"2","PREX2"
2.92357565495812e-52,0.640477691504352,0.678,0.388,9.80508803159856e-48,"2","ZFHX4"
3.59674022624447e-52,0.597037508258405,0.871,0.622,1.20627473707787e-47,"2","SYT11"
4.05923361272664e-52,0.66757901219149,0.757,0.471,1.36138576903626e-47,"2","MYO10"
4.42795153509337e-52,0.792022351192298,0.673,0.382,1.48504638583961e-47,"2","ZNRF3"
5.63119316235597e-52,0.94282452675731,0.591,0.305,1.88858956279095e-47,"2","RORB"
1.21591833210604e-51,0.680083805609833,0.769,0.488,4.07794690221723e-47,"2","ACSS1"
2.39057549014305e-50,0.38902246895402,0.855,0.593,8.01751207884177e-46,"2","SLC4A4"
2.70836214903161e-50,1.58601832302763,0.284,0.079,9.0833049754222e-46,"2","CXCL14"
5.69204656542899e-50,1.35844087978533,0.339,0.114,1.90899857711357e-45,"2","NT5E"
1.5765480752635e-49,1.61422769362987,0.304,0.093,5.28742693481871e-45,"2","SLC13A5"
2.38766955892256e-49,1.04769380977105,0.464,0.203,8.00776616671448e-45,"2","OLFM2"
3.16244410801544e-49,1.47675563846789,0.353,0.124,1.06062050494622e-44,"2","CHRDL1"
1.09038700813823e-48,0.399362236633064,0.992,0.91,3.65693994789398e-44,"2","GJA1"
2.36455525741796e-48,0.669068005329875,0.767,0.499,7.93024542232835e-44,"2","DKK3"
2.46184838364043e-48,0.804704339632947,0.656,0.376,8.25654710905327e-44,"2","MEGF10"
8.61274287299134e-48,0.775084816419001,0.559,0.288,2.88854170474383e-43,"2","MERTK"
1.02086656435143e-47,0.616834915898081,0.843,0.605,3.42378228352184e-43,"2","ASPH"
1.81138122303392e-47,0.612529626460649,0.842,0.597,6.07501034581117e-43,"2","LRIG1"
7.41111336767236e-47,0.527039037519894,0.899,0.678,2.48553920124996e-42,"2","LSAMP"
1.22246053880934e-46,0.727207687017779,0.639,0.363,4.09988815505876e-42,"2","ACSBG1"
1.47625855053421e-46,0.888223689406177,0.483,0.227,4.95107592678164e-42,"2","CABLES1"
4.48033071328347e-46,0.63508245811153,0.774,0.514,1.50261331462101e-41,"2","ALDOC"
1.33124332521567e-45,0.81611839678957,0.623,0.352,4.46472386410832e-41,"2","MIAT"
2.05016629736024e-43,1.51168275028084,0.267,0.08,6.87584772808676e-39,"2","NRP1"
9.43906805185336e-43,1.25297626815995,0.349,0.133,3.16567464323058e-38,"2","FKBP9"
1.2884086816944e-42,0.549815248816488,0.72,0.459,4.3210650366667e-38,"2","LGI1"
3.05813021804165e-42,0.82314699850619,0.458,0.218,1.02563571252681e-37,"2","GPC1"
5.54274444660505e-42,0.490143732720481,0.88,0.667,1.8589256325024e-37,"2","METTL7A"
1.23516451992982e-41,0.772424678790766,0.639,0.382,4.14249476694063e-37,"2","BSG"
1.46794136466516e-41,0.728677883678828,0.688,0.434,4.92318174881402e-37,"2","LMO3"
2.35197663968213e-40,0.624752390528618,0.673,0.416,7.88805925416593e-36,"2","ANKDD1A"
2.72490399621093e-40,0.391352455409961,1,0.986,9.13878302249222e-36,"2","CLU"
6.69579710817619e-40,0.445087212137419,0.543,0.307,2.24563643414013e-35,"2","HHATL"
1.1848765920065e-39,1.06716961241187,0.664,0.425,3.97383911427138e-35,"2","SAT1"
1.5330914279412e-39,0.936344325718597,0.519,0.277,5.14168203102918e-35,"2","CLDN10"
2.868609500429e-39,0.663938016348408,0.5,0.263,9.62074254253879e-35,"2","MGLL"
7.41387708130362e-39,0.587960432597845,0.529,0.287,2.48646609552761e-34,"2","CHN1"
1.33289668549644e-38,1.19309479452802,0.283,0.1,4.47026890381795e-34,"2","ENTPD1"
2.79219766711702e-38,0.60019298680513,0.583,0.339,9.36447253597706e-34,"2","FRMD4A"
3.21284748339213e-38,0.535869689253226,0.766,0.524,1.07752478898005e-33,"2","ACOT11"
5.87975478384052e-38,0.794806165173657,0.348,0.151,1.97195215940443e-33,"2","TMEM132B"
1.23411377486096e-37,1.09728992596231,0.379,0.166,4.1389707781287e-33,"2","PAMR1"
1.61835223409889e-37,0.352374024247453,0.866,0.65,5.42762972272086e-33,"2","AGT"
3.51656427268711e-37,0.57726175360577,0.755,0.523,1.1793853257738e-32,"2","GLUD1"
7.29945906062795e-37,0.651417729693614,0.543,0.305,2.4480925797534e-32,"2","APCDD1"
7.60381465477043e-37,0.431566309904085,0.902,0.712,2.55016735891691e-32,"2","SERPINE2"
2.26251765185863e-36,0.828804100410262,0.488,0.257,7.58803170080346e-32,"2","MYORG"
3.44367991965583e-36,0.526231125002563,0.773,0.54,1.15494137145417e-31,"2","SIRPA"
4.66026566333027e-36,0.590071205566631,0.746,0.51,1.56295989816771e-31,"2","KCNJ10"
4.92878824229625e-36,0.708736786887635,0.551,0.313,1.65301700070132e-31,"2","ELOVL5"
5.9725816468963e-36,0.672397489043126,0.657,0.418,2.00308443273608e-31,"2","HACD3"
6.11917392925075e-36,0.731918293290541,0.554,0.316,2.05224855239212e-31,"2","MEIS2"
8.07491369567333e-36,0.90329400188851,0.325,0.136,2.70816455525492e-31,"2","SLC7A10"
2.69911016534648e-35,0.525914748002533,0.744,0.51,9.05227567253903e-31,"2","SLC25A18"
4.53612411746133e-35,0.449833003657057,0.643,0.406,1.52132530651418e-30,"2","MRVI1"
5.09818553599185e-35,1.00609086197159,0.396,0.186,1.70982946506095e-30,"2","SCARA3"
1.51918511825411e-34,0.644289553230028,0.448,0.236,5.09504304960064e-30,"2","LHX2"
2.3344947943972e-34,0.707725423305008,0.436,0.224,7.82942864144932e-30,"2","IGFBP7"
4.45126223518196e-34,0.822995910122756,0.412,0.201,1.49286432843533e-29,"2","CHST1"
1.31987983040684e-33,0.520893697223276,0.586,0.356,4.42661297521845e-29,"2","DAG1"
1.88477360502646e-33,0.44758240745823,0.698,0.467,6.32115371653775e-29,"2","PIK3C2A"
2.41483144720941e-33,1.03459151634761,0.271,0.103,8.09886170765093e-29,"2","SEMA4A"
2.72629384505053e-33,0.775406423146897,0.371,0.173,9.14344429753045e-29,"2","MSMO1"
6.56733800395443e-33,0.392145360376123,0.871,0.675,2.20255381976624e-28,"2","HEPACAM"
8.90297298926994e-33,0.616806239514469,0.604,0.373,2.98587908114135e-28,"2","ABHD2"
1.0390544854436e-32,0.657356805508924,0.588,0.359,3.48478093328074e-28,"2","PDGFRB"
1.24099260423697e-32,0.490945867781222,0.505,0.293,4.16204099608996e-28,"2","ITGA6"
1.30369102571597e-32,0.685120718845379,0.62,0.393,4.37231896204621e-28,"2","SLC15A2"
1.31799456839055e-32,0.563632596886836,0.587,0.359,4.42029018346824e-28,"2","ATP13A4"
2.48918521236718e-32,0.614560219985035,0.562,0.336,8.34822936523704e-28,"2","FAM184A"
2.1706572412387e-31,0.675242801688222,0.529,0.308,7.27995025566634e-27,"2","LINC00461"
3.47038943446858e-31,0.795111113705139,0.411,0.208,1.16389920853207e-26,"2","PCDH7"
3.61508141700926e-31,0.763788402145788,0.486,0.27,1.21242600563657e-26,"2","CD47"
5.30976884755855e-31,0.836238082456065,0.38,0.185,1.78079027609419e-26,"2","GLI3"
5.31851205136086e-31,0.746981197512874,0.522,0.304,1.78372257178541e-26,"2","MGAT4C"
7.6465634778748e-31,0.623652195737982,0.524,0.307,2.56450445920965e-26,"2","SLC39A12"
1.03605193568785e-30,0.697720098688468,0.552,0.332,3.47471098190992e-26,"2","AL391807.1"
1.29927531538077e-30,0.674340711783974,0.505,0.289,4.35750955272402e-26,"2","C2orf72"
1.84189551263656e-30,0.629813395855461,0.366,0.179,6.17734917028048e-26,"2","SLC6A11"
3.0992537136365e-30,0.657629475475753,0.493,0.281,1.03942771047941e-25,"2","OPHN1"
3.91448400030005e-30,0.417616840760577,0.732,0.515,1.31283964402063e-25,"2","TNIK"
1.055772048135e-29,0.75114010723317,0.412,0.214,3.54084829503517e-25,"2","HEPH"
1.08864270517946e-29,0.29941713631035,0.824,0.624,3.65108990463086e-25,"2","SEPT7"
1.36522311329124e-29,0.499456006166423,0.693,0.475,4.57868527735615e-25,"2","ITPR2"
1.95947103732283e-29,0.540365285517056,0.655,0.436,6.57167396497332e-25,"2","ACSL3"
2.35234352814332e-29,0.584166384847914,0.541,0.327,7.88928972468707e-25,"2","PMP22"
2.48162585717242e-29,0.540976933617803,0.566,0.351,8.32287679978485e-25,"2","CSGALNACT1"
3.93770588093403e-29,0.475108464066055,0.554,0.344,1.32062779834766e-24,"2","RANBP3L"
4.16693939701597e-29,1.07248892956351,0.364,0.178,1.39750813497122e-24,"2","TFRC"
5.9662172073126e-29,0.591533583121742,0.506,0.297,2.0009499269885e-24,"2","CARMIL1"
1.27027455408024e-28,0.678416538716449,0.535,0.323,4.2602467994743e-24,"2","RSRP1"
2.76699275571039e-28,0.703921805758736,0.482,0.277,9.27994030410152e-24,"2","GRAMD1C"
4.27638593353856e-28,0.296858906915805,0.949,0.813,1.43421431439016e-23,"2","MSI2"
7.78964565566291e-28,0.628013798389984,0.587,0.375,2.61249135999623e-23,"2","ITGAV"
8.68367524414331e-28,0.544390741224191,0.514,0.309,2.91233100338078e-23,"2","NUDT3"
1.08102234698852e-27,0.313371313174025,0.703,0.498,3.6255327473301e-23,"2","SLC14A1"
3.10202001422899e-27,0.771508657917229,0.399,0.21,1.04035547237212e-22,"2","EPB41L2"
3.47178272065648e-27,0.300679866196763,0.928,0.781,1.16436648885377e-22,"2","LUC7L3"
3.73112028276003e-27,0.477814859643275,0.653,0.444,1.25134312043206e-22,"2","BBS2"
5.09408602451315e-27,0.66248109393598,0.536,0.33,1.70845457090122e-22,"2","SLITRK2"
5.6302318312782e-27,0.738222732469031,0.411,0.22,1.88826715157408e-22,"2","PCDH10"
5.78272805685717e-27,0.705293413153815,0.452,0.255,1.93941133570876e-22,"2","EFR3B"
5.90013118488372e-27,0.814974533959127,0.434,0.24,1.9787859967863e-22,"2","SALL3"
5.93243144317433e-27,1.02394983985732,0.266,0.111,1.98961885741181e-22,"2","NLGN4X"
5.99886379141458e-27,1.12414894282368,0.285,0.124,2.01189893836462e-22,"2","SLC20A1"
6.27634100929382e-27,0.364225099431476,0.813,0.623,2.10495924769696e-22,"2","PRNP"
7.36095775892755e-27,0.688638561622211,0.324,0.156,2.46871801318912e-22,"2","PLCB1"
8.82619221933875e-27,0.409809784200953,0.676,0.469,2.96012834652183e-22,"2","NTRK3"
9.87918091245101e-27,0.893339146535451,0.292,0.131,3.31327969441782e-22,"2","BRINP2"
1.03671335658807e-26,0.552480148586368,0.483,0.287,3.47692925532507e-22,"2","EMX2OS"
1.19381131922862e-26,0.267204528474346,0.569,0.377,4.00380440242895e-22,"2","LAMP1"
1.45100375690728e-26,1.09854668631797,0.268,0.113,4.86637639991563e-22,"2","CHST10"
1.45755621338985e-26,0.940102675781955,0.321,0.151,4.88835202846689e-22,"2","ATP8A1"
1.56591531103299e-26,0.965593154340712,0.292,0.13,5.25176677014243e-22,"2","GPD2"
2.09012366658293e-26,0.554802856947186,0.461,0.268,7.00985675298584e-22,"2","FOXG1"
2.15167771881342e-26,0.672866754375474,0.476,0.278,7.21629673335644e-22,"2","MFAP3L"
3.30268714266864e-26,0.741284274167712,0.402,0.216,1.10765521390821e-21,"2","ANOS1"
3.88128357257737e-26,0.269440739647506,0.592,0.399,1.301704884571e-21,"2","WLS"
3.93243929645926e-26,0.472143038002231,0.463,0.277,1.31886149124651e-21,"2","FLRT2"
4.55549841486365e-26,0.598075958324109,0.441,0.251,1.52782305837697e-21,"2","CYP4V2"
4.79849806420116e-26,0.650507104223405,0.505,0.305,1.60932028077178e-21,"2","NIN"
5.760901741549e-26,0.744774510523381,0.458,0.264,1.9320912260807e-21,"2","NUMB"
6.21756461573415e-26,0.291171180368323,0.909,0.755,2.08524682082492e-21,"2","PTPRZ1"
7.28070945000152e-26,1.04283195820343,0.284,0.125,2.44180433534151e-21,"2","ABCD2"
7.77116005867341e-26,0.319046164408532,0.457,0.279,2.60629166047789e-21,"2","SREBF1"
8.49857210312312e-26,0.850218827570823,0.338,0.168,2.85025111194543e-21,"2","RGS20"
8.94602353181522e-26,0.44282795248655,0.562,0.364,3.00031737210019e-21,"2","WFS1"
9.0706514147348e-26,0.807268656237022,0.353,0.178,3.04211507147376e-21,"2","PRDM16"
1.37234041667743e-25,0.651415051626357,0.385,0.205,4.60255528945278e-21,"2","SLC48A1"
1.47295412599668e-25,0.282793945922904,0.4,0.235,4.93999354776768e-21,"2","ANGPTL4"
1.61590166540722e-25,0.542300277255838,0.522,0.324,5.41941100544274e-21,"2","CHKA"
2.72604131409612e-25,0.509054057407451,0.531,0.333,9.14259735921557e-21,"2","LRP4"
3.13628103652318e-25,0.282873152068742,0.884,0.72,1.05184593402914e-20,"2","SON"
3.16583976248186e-25,0.70770705510523,0.353,0.18,1.06175933954117e-20,"2","SELENBP1"
3.44832455069797e-25,0.271433551476042,0.777,0.59,1.15649908781309e-20,"2","SPAG9"
5.28980348988985e-25,0.452206927784297,0.553,0.358,1.77409429443926e-20,"2","GRIN2C"
5.9064181175757e-25,0.42235148783913,0.64,0.439,1.98089450827254e-20,"2","PAQR8"
8.57507787404342e-25,0.412070875576104,0.621,0.423,2.87590961739668e-20,"2","INTU"
9.82659722895886e-25,0.521046177523634,0.65,0.451,3.29564417864822e-20,"2","ARHGEF12"
1.35716799437805e-24,0.714931961232576,0.464,0.275,4.5516700195451e-20,"2","RDH11"
2.4032435829632e-24,0.731126812474372,0.37,0.197,8.05999832854196e-20,"2","TSPOAP1"
2.44848365002408e-24,0.493235410405241,0.557,0.36,8.21172446545075e-20,"2","HLA-A"
2.89115127751423e-24,0.354442450450959,0.579,0.386,9.69634315452721e-20,"2","DOCK4"
3.03234839374966e-24,1.01331700592341,0.274,0.123,1.01698900429576e-19,"2","PIK3IP1"
3.67453194542317e-24,0.457451147258515,0.76,0.574,1.23236452385602e-19,"2","ARGLU1"
4.91003041968036e-24,0.556576998346773,0.397,0.223,1.6467260021524e-19,"2","RABGAP1"
6.25790103675542e-24,0.533823258718152,0.577,0.381,2.09877484970703e-19,"2","POU2F1"
6.31290982920582e-24,0.333859676865977,0.793,0.611,2.11722369851905e-19,"2","HIF3A"
6.39510401030678e-24,0.25609149803139,0.685,0.497,2.14478998297669e-19,"2","FMNL2"
6.71640977489624e-24,0.448713393374213,0.533,0.342,2.2525495103047e-19,"2","TP53BP2"
7.7227453589085e-24,0.439208648771272,0.564,0.371,2.59005433847073e-19,"2","ITGA7"
8.26038744620492e-24,0.401032986608252,0.579,0.388,2.77036874170821e-19,"2","PTAR1"
1.17439981742169e-23,0.683572559287987,0.356,0.189,3.93870210766887e-19,"2","ELOVL2"
1.49669248995914e-23,0.306618185480496,0.822,0.647,5.01960727282496e-19,"2","CHD9"
1.90190942183798e-23,0.555821826350943,0.505,0.316,6.37862381896023e-19,"2","PAPLN"
2.54814102719776e-23,0.347829100237759,0.798,0.62,8.54595537701586e-19,"2","PON2"
2.56925805925277e-23,0.543240754733775,0.522,0.332,8.61677767912196e-19,"2","ARHGAP32"
2.8589268242922e-23,0.715611361524127,0.399,0.223,9.58826878331118e-19,"2","CPT1A"
3.40094963003882e-23,0.74397245023426,0.332,0.17,1.14061048692242e-18,"2","SORCS2"
4.31252773993613e-23,0.38816684424388,0.496,0.318,1.44633555341978e-18,"2","PLIN5"
4.50187976262515e-23,0.446065689269848,0.513,0.327,1.50984043478922e-18,"2","BMP7"
5.00072926004977e-23,0.619238300403704,0.395,0.222,1.67714457923549e-18,"2","TGFBR3"
6.00786719148178e-23,0.289813652969767,0.763,0.58,2.01491849867916e-18,"2","LRP1"
1.68513895553605e-22,0.786386447981749,0.256,0.117,5.65161902907681e-18,"2","AC120042.3"
2.20011702675378e-22,0.369306822822608,0.461,0.288,7.37875248432682e-18,"2","ATP2C1"
2.26689095373082e-22,0.279550049448381,0.699,0.515,7.60269888062242e-18,"2","ADD1"
3.82889602861298e-22,0.770229096560705,0.383,0.213,1.28413515007622e-17,"2","AXL"
4.06385984339801e-22,0.891067741806721,0.3,0.147,1.36293731427882e-17,"2","AC002429.2"
7.82032765378184e-22,0.648993669082669,0.396,0.226,2.62278148852535e-17,"2","TMCO1"
8.76396134964921e-22,0.575225029579838,0.452,0.274,2.93925735744535e-17,"2","PNPLA8"
9.0908861983413e-22,0.565760519542868,0.466,0.288,3.04890141319971e-17,"2","SGK3"
9.99867427762526e-22,0.45476272570625,0.488,0.309,3.35335537922996e-17,"2","CDH2"
1.62490878676343e-21,0.397404973125912,0.591,0.406,5.4496190890472e-17,"2","IQCK"
1.86267745964544e-21,0.539128023383278,0.463,0.285,6.24704766415887e-17,"2","SDC2"
2.03011622468667e-21,0.36414462898629,0.681,0.497,6.80860379435417e-17,"2","RNPC3"
2.73237469325523e-21,0.414175960007591,0.612,0.429,9.1638382462394e-17,"2","TRIM9"
3.11890485575641e-21,0.509886124753091,0.448,0.275,1.04601831052358e-16,"2","SEMA4B"
3.26894994919051e-21,0.314682747402666,0.603,0.423,1.09634043395951e-16,"2","ALDH1L1"
5.09227471025151e-21,0.42178480263643,0.574,0.391,1.70784709232415e-16,"2","VEGFA"
5.10789245617246e-21,0.365144744937324,0.634,0.452,1.71308497195112e-16,"2","ZNF207"
5.808305613891e-21,0.829205073307729,0.347,0.188,1.94798953678676e-16,"2","OMG"
6.8569691897139e-21,0.338028099493321,0.452,0.286,2.29969032684625e-16,"2","CYFIP2"
8.22456599188652e-21,0.27161172966691,0.798,0.631,2.7583549423589e-16,"2","SRSF5"
9.43515830687879e-21,0.777088831879086,0.277,0.137,3.16436339296101e-16,"2","RHOJ"
1.07097409820683e-20,0.36241441448582,0.737,0.56,3.59183293056607e-16,"2","NRCAM"
1.09433379452446e-20,0.555938440368553,0.399,0.233,3.67017668007613e-16,"2","TMEM94"
1.34720041357951e-20,0.416801755902213,0.501,0.327,4.51824074706297e-16,"2","PPP1R12A"
1.45976895300396e-20,0.716526382476192,0.324,0.172,4.89577311458468e-16,"2","CHI3L1"
1.5819644940567e-20,0.298184209880407,0.562,0.392,5.30559252016735e-16,"2","TKT"
1.83787464523167e-20,0.372257269659839,0.444,0.281,6.16386398517797e-16,"2","DNAH7"
2.14676820863096e-20,0.334267007960943,0.63,0.453,7.19983121810652e-16,"2","GABPB1-AS1"
2.30046972832315e-20,0.288434045338039,0.502,0.337,7.71531537485017e-16,"2","S1PR1"
5.56893229725982e-20,0.259022867228498,0.889,0.753,1.867708513855e-15,"2","MT-CO1"
6.79092522412018e-20,0.441952881317728,0.475,0.304,2.27754050166542e-15,"2","P2RY1"
8.57392936177634e-20,0.544516598249771,0.403,0.244,2.87552442935255e-15,"2","GOLGA8B"
8.71505361604511e-20,0.616006372966432,0.359,0.203,2.92285468174921e-15,"2","ASTN1"
9.10708569545391e-20,0.643722714637406,0.347,0.193,3.05433440054133e-15,"2","SUN2"
1.01176713371474e-19,0.69133347779661,0.321,0.173,3.39326461305249e-15,"2","FBXO21"
1.30040420534821e-19,0.693021861541597,0.373,0.215,4.36129562389682e-15,"2","MTMR10"
1.40654717625087e-19,0.380014728919907,0.522,0.35,4.71727791971018e-15,"2","ACACB"
1.58315813274966e-19,0.567154890494274,0.379,0.222,5.30959574561582e-15,"2","OSBPL6"
1.75649923406031e-19,0.535977385404089,0.414,0.251,5.89094713119146e-15,"2","PHLPP1"
1.76045588285016e-19,0.46606594244605,0.351,0.202,5.90421693990286e-15,"2","ASAP2"
1.84406888825003e-19,0.767663410307483,0.258,0.127,6.18463823741294e-15,"2","EPHA4"
2.65256089188318e-19,0.403975064190686,0.444,0.281,8.8961587191978e-15,"2","CTSF"
3.9049051136425e-19,0.444300049104089,0.534,0.36,1.30962707701342e-14,"2","C20orf194"
3.95005831728471e-19,0.400693455937475,0.614,0.438,1.32477055845095e-14,"2","SUGP2"
4.52589493126453e-19,0.318433313479213,0.421,0.27,1.5178946420475e-14,"2","STON2"
4.85742204683434e-19,0.648364178452691,0.297,0.157,1.6290822060673e-14,"2","MEF2C"
5.42392028272361e-19,0.855669644197499,0.252,0.122,1.81907438441984e-14,"2","CACNB2"
5.42760258090608e-19,0.693303571393257,0.366,0.211,1.82030935358428e-14,"2","PLCG1"
5.69988678569516e-19,0.420851497253248,0.632,0.458,1.91162803018644e-14,"2","CHPT1"
7.13241260368516e-19,0.250416479670623,0.676,0.507,2.39206853902393e-14,"2","AMER2"
7.52765178116729e-19,0.531187206961232,0.324,0.181,2.52462385436788e-14,"2","IGSF11"
7.79308589297551e-19,0.644349431129607,0.316,0.172,2.61364514678613e-14,"2","TTYH3"
8.36865013033629e-19,0.585693254250801,0.348,0.198,2.80667788071219e-14,"2","TMBIM1"
9.79835234687894e-19,0.432502018251794,0.492,0.324,3.28617141009626e-14,"2","LAPTM4A"
1.50614721842843e-18,0.266301931545133,0.476,0.321,5.05131654116528e-14,"2","CEP85L"
2.41767227687632e-18,0.580249368173109,0.318,0.179,8.1083892821878e-14,"2","PTPRG"
2.52615920783996e-18,0.306569676285604,0.488,0.327,8.47223275125365e-14,"2","GNAO1"
3.07970996498655e-18,0.932764727504085,0.268,0.135,1.03287312805719e-13,"2","SMURF2"
4.10709870832227e-18,0.502352257090852,0.384,0.232,1.37743876479712e-13,"2","DLC1"
5.2048646949882e-18,0.457516327905346,0.415,0.26,1.74560752140514e-13,"2","AGL"
5.28930171228805e-18,0.281065645768301,0.663,0.497,1.77392600826716e-13,"2","FTX"
5.59343917724678e-18,0.522248034475762,0.324,0.184,1.87592763126503e-13,"2","ATP6AP1"
5.70632471182759e-18,0.412368075037721,0.394,0.245,1.91378718185274e-13,"2","EMX2"
7.69124584575697e-18,0.456284691566662,0.414,0.26,2.57949003174997e-13,"2","SSR1"
9.09195842299322e-18,0.620632211511556,0.318,0.176,3.04926101590347e-13,"2","RPN2"
9.89347864556384e-18,0.963110712712097,0.25,0.124,3.3180748681492e-13,"2","FZD8"
1.00056233656689e-17,0.277372293085434,0.28,0.161,3.35568596437803e-13,"2","PAQR6"
1.39976884366031e-17,0.4787123754909,0.312,0.182,4.69454474786794e-13,"2","DNM3"
1.52545151787457e-17,0.445295206960322,0.516,0.35,5.11605930064773e-13,"2","FAM213A"
1.75665422239746e-17,0.581293257588179,0.286,0.155,5.89146693107659e-13,"2","CTSL"
1.81321261082667e-17,0.540820228167511,0.379,0.229,6.08115245419049e-13,"2","DNM1L"
2.08654045748939e-17,0.593559015450999,0.351,0.207,6.99783938632793e-13,"2","PPIP5K2"
2.39986122698779e-17,0.538286401351608,0.457,0.297,8.04865458307165e-13,"2","CRB1"
2.49730410526912e-17,0.37797119623057,0.409,0.26,8.37545850825156e-13,"2","CTSB"
3.50095655540172e-17,0.324104384929098,0.361,0.225,1.17415080955063e-12,"2","CD46"
3.80148247951898e-17,0.654123740918807,0.35,0.205,1.27494119398108e-12,"2","GALNT2"
3.96572581278701e-17,0.560979737524409,0.447,0.289,1.33002512309251e-12,"2","ERBB4"
4.3168346623631e-17,0.360533555769783,0.45,0.298,1.44778000906334e-12,"2","NEO1"
4.78899411840344e-17,0.545927582733254,0.31,0.174,1.60613284743015e-12,"2","FBLN1"
5.14388454373531e-17,0.343396037919128,0.528,0.367,1.72515599827795e-12,"2","ITSN1"
5.25281375458502e-17,0.301003536569806,0.563,0.405,1.76168867701272e-12,"2","ZNF518A"
7.86162387924781e-17,0.417687012527899,0.42,0.271,2.63663141662213e-12,"2","KCNA2"
7.88739452033875e-17,0.416642540160334,0.585,0.421,2.64527437423121e-12,"2","ZFYVE16"
8.64135748096353e-17,0.638002928636017,0.396,0.245,2.89813847196555e-12,"2","RIC3"
9.14170732617069e-17,0.255319146326037,0.539,0.382,3.06594580305113e-12,"2","EGFR"
9.61345415983329e-17,0.252612490697028,0.688,0.529,3.22416025612489e-12,"2","MYO6"
1.08357701183971e-16,0.825984720500512,0.271,0.142,3.63410058230803e-12,"2","SLC2A1"
1.42497002528076e-16,0.303862208828809,0.682,0.522,4.7790644707866e-12,"2","TTC14"
1.66398012707731e-16,0.57243204464453,0.437,0.283,5.58065655019189e-12,"2","SCRG1"
1.70953950414356e-16,0.464254435190435,0.383,0.237,5.73345358899666e-12,"2","AIFM3"
1.87038404905295e-16,0.306150312264892,0.489,0.338,6.27289402371377e-12,"2","TACC1"
2.12805470293201e-16,0.262987802377326,0.47,0.325,7.13706986269336e-12,"2","ADGRL3"
2.20079849015253e-16,0.546631215820566,0.28,0.156,7.38103797627357e-12,"2","FAXDC2"
3.37686826959507e-16,0.306828818802619,0.489,0.339,1.13253408025679e-11,"2","GATAD1"
4.77509011740505e-16,0.336214113231795,0.489,0.339,1.60146972357530e-11,"2","SOX5"
5.68876383746991e-16,0.476400292979653,0.517,0.36,1.90789761581066e-11,"2","STOM"
7.59194436856252e-16,0.722600797502481,0.295,0.165,2.5461863023285e-11,"2","LRRN3"
1.05654508729958e-15,0.737140814782089,0.268,0.145,3.54344091378532e-11,"2","DOCK5"
1.09748571998121e-15,0.31961219285652,0.508,0.355,3.68074760767297e-11,"2","PTPRF"
1.13040189487963e-15,0.494899058188528,0.457,0.305,3.79114187504729e-11,"2","ADGRB3"
1.18669859832201e-15,0.36360719512267,0.386,0.247,3.97994975905235e-11,"2","TAPBP"
1.23440454495021e-15,0.359687916860339,0.537,0.382,4.13994596285401e-11,"2","CLSTN1"
1.30177214327569e-15,0.259136127315309,0.457,0.315,4.36588341411802e-11,"2","PCSK7"
1.65172091961834e-15,0.311402232489237,0.453,0.308,5.539541620216e-11,"2","STXBP5"
1.79271468628167e-15,0.77993377967906,0.258,0.137,6.01240651485147e-11,"2","FUT8"
1.80967547255661e-15,0.37085835885266,0.528,0.374,6.06928959986037e-11,"2","NRBP2"
1.93432348205e-15,0.420539100277028,0.357,0.222,6.48733409409928e-11,"2","PDK4"
2.04310407786035e-15,0.41046513889694,0.315,0.192,6.85216245632803e-11,"2","NKAIN4"
2.3602254578739e-15,0.628381518983732,0.263,0.143,7.9157241406175e-11,"2","ENPP4"
2.37734971606058e-15,0.365588327404894,0.523,0.368,7.97315547772398e-11,"2","SPON1"
2.43703563563864e-15,0.519612610707035,0.319,0.189,8.17333011480487e-11,"2","AIG1"
2.62617127215672e-15,0.507519550258644,0.378,0.238,8.80765321255922e-11,"2","AASDH"
2.86054901852928e-15,0.294055476471154,0.697,0.544,9.59370929834349e-11,"2","MARCH6"
3.17858213027184e-15,0.361302077879457,0.482,0.333,1.06603287485057e-10,"2","UGP2"
3.40908627704864e-15,0.297787837935148,0.668,0.514,1.14333935559657e-10,"2","GABBR1"
3.64109781634186e-15,0.549220835748079,0.333,0.2,1.22115138564473e-10,"2","TTYH2"
3.95549441966568e-15,0.435311514486011,0.415,0.272,1.32659371846747e-10,"2","SPRED1"
4.33451261152123e-15,0.316609833957053,0.396,0.264,1.45370883965199e-10,"2","MON2"
5.13109244321001e-15,0.456565129196451,0.321,0.194,1.72086578360377e-10,"2","PLXNA2"
5.54813329625516e-15,0.384766401896081,0.542,0.389,1.86073294489805e-10,"2","LRP1B"
6.13041898952478e-15,0.434828999936063,0.379,0.24,2.05601992070682e-10,"2","LEPROT"
7.58611480484519e-15,0.605136623256702,0.297,0.171,2.54423118324898e-10,"2","TMEM56"
8.97279130876556e-15,0.267099883744087,0.531,0.383,3.00929474913379e-10,"2","TOM1L2"
9.44078883884702e-15,0.777449476058792,0.262,0.143,3.16625176077251e-10,"2","ATL2"
9.78203181772527e-15,0.543027113411786,0.353,0.219,3.2806978310287e-10,"2","DPP8"
1.24887123658765e-14,0.441883605613506,0.351,0.22,4.18846435326766e-10,"2","CRIM1"
1.27965896399208e-14,0.371286884422755,0.415,0.277,4.29172023343665e-10,"2","GON4L"
1.41998622331494e-14,0.26028323113973,0.564,0.416,4.76234979575365e-10,"2","CEP350"
1.43282375168141e-14,0.30487613937343,0.429,0.29,4.8054042983891e-10,"2","LGR4"
1.54592982999782e-14,0.258114608461496,0.551,0.403,5.18473946384668e-10,"2","GNAQ"
1.63412366420079e-14,0.312161374034839,0.365,0.238,5.48052394499662e-10,"2","ZBTB43"
1.7490890465719e-14,0.563946741727363,0.373,0.236,5.86609484439285e-10,"2","WDR17"
2.07511844257245e-14,0.279072060020394,0.384,0.256,6.95953223269948e-10,"2","AHCYL2"
2.56036989546141e-14,0.477605779460116,0.371,0.235,8.58696855539848e-10,"2","CTNNA2"
2.81285808605676e-14,0.330183306587952,0.36,0.235,9.43376344901717e-10,"2","GOLGA8A"
2.81502819515896e-14,0.33515181310979,0.489,0.344,9.44104156092413e-10,"2","TPP1"
3.21811070149825e-14,0.421344056170757,0.501,0.355,1.07928996706848e-09,"2","APOE"
3.36825806393993e-14,0.288778178275817,0.627,0.478,1.12964638948417e-09,"2","NFAT5"
3.71418803446997e-14,0.363945184680185,0.378,0.245,1.24566438300054e-09,"2","SORT1"
3.97339292636429e-14,0.405351728007018,0.297,0.182,1.33259651964405e-09,"2","STOX1"
4.28463444686949e-14,0.343335071551428,0.479,0.336,1.43698070079109e-09,"2","SLC18B1"
5.71917545588991e-14,0.582393672718963,0.306,0.182,1.91809706439636e-09,"2","ZNF326"
6.13333480128097e-14,0.708925524429024,0.277,0.157,2.05699782565361e-09,"2","HS2ST1"
7.40979660054662e-14,0.597228392477789,0.257,0.146,2.48509758389133e-09,"2","SLC22A5"
7.73015590725967e-14,0.319294728497349,0.56,0.416,2.59253968817675e-09,"2","NOTCH2"
7.80866647394485e-14,0.259752862122451,0.371,0.252,2.61887056203163e-09,"2","TNS3"
8.42311441367879e-14,0.341635156281623,0.428,0.293,2.82494411205959e-09,"2","ZNF680"
8.53450971619612e-14,0.571903681464412,0.279,0.161,2.86230386861786e-09,"2","ITFG1"
1.02478684627546e-13,0.446830580351102,0.377,0.245,3.43693012503862e-09,"2","BCL2"
1.10702850558531e-13,0.296880256330918,0.318,0.204,3.71275220203202e-09,"2","GPSM2"
1.10787794839194e-13,0.264710259243331,0.521,0.381,3.71560106331687e-09,"2","MAGI2"
1.29409197705335e-13,0.326004690409916,0.372,0.243,4.34012567264154e-09,"2","GPI"
1.49385373862298e-13,0.331762261469236,0.483,0.342,5.01008666859374e-09,"2","MAST4"
2.07691432859244e-13,0.369179100194021,0.339,0.218,6.96555527523331e-09,"2","PRKG1"
2.14033058702808e-13,0.44316806964859,0.36,0.231,7.17824072277478e-09,"2","SERINC3"
2.16839455194429e-13,0.272138698407575,0.257,0.153,7.27236164831077e-09,"2","TMEM9"
2.24585879781727e-13,0.625996628881754,0.309,0.186,7.53216123611957e-09,"2","AASS"
2.91758288424412e-13,0.372326695741209,0.494,0.352,9.78498947717794e-09,"2","TRAK1"
2.92663994697524e-13,0.378651384688879,0.304,0.188,9.81536505416557e-09,"2","SREBF2"
2.99292135953738e-13,0.351798360160318,0.309,0.195,1.00376596556165e-08,"2","MSANTD4"
3.07825730132523e-13,0.328724180160944,0.372,0.246,1.03238593371845e-08,"2","KCNMA1"
3.08926930722863e-13,0.515623430718262,0.33,0.205,1.03607914025834e-08,"2","DMXL2"
4.1451025919419e-13,0.461202208220931,0.396,0.263,1.39018450728547e-08,"2","TGFB2"
4.22974167031118e-13,0.626382034025352,0.262,0.149,1.41857076138896e-08,"2","IP6K2"
4.43905437107387e-13,0.645597472988874,0.355,0.23,1.48877005497076e-08,"2","VSIR"
5.13938593907092e-13,0.389767719656594,0.368,0.244,1.72364725624561e-08,"2","ASAH1"
5.56431177124309e-13,0.31352860129164,0.33,0.212,1.86615888183951e-08,"2","ACOX1"
8.15820936308005e-13,0.564445926960816,0.277,0.162,2.73610025618979e-08,"2","PFKM"
8.31863896034002e-13,0.504812345418658,0.45,0.314,2.78990513451884e-08,"2","EPHX1"
8.51828560899302e-13,0.360816964459166,0.29,0.18,2.85686262754408e-08,"2","DBT"
9.43969540804214e-13,0.468943177411821,0.281,0.169,3.16588504594917e-08,"2","LFNG"
9.77620739281896e-13,0.254822925921532,0.428,0.302,3.27874443540362e-08,"2","ENHO"
1.01319289690137e-12,0.427437218664908,0.423,0.289,3.39804633762781e-08,"2","CDH20"
1.07789416715506e-12,0.476062879921123,0.297,0.18,3.61504145780464e-08,"2","HSPA13"
1.09626432805872e-12,0.38462649419841,0.437,0.302,3.67665130344333e-08,"2","TMEM184B"
1.10576186762046e-12,0.322179509996677,0.607,0.466,3.70850415162551e-08,"2","POLR2J3.1"
1.35751636849657e-12,0.459019000190623,0.289,0.175,4.55283839666379e-08,"2","GPR155"
1.37843726949547e-12,0.263756884136013,0.498,0.363,4.6230029144339e-08,"2","BMP2K"
1.40426813151808e-12,0.551979535356259,0.277,0.163,4.70963445948534e-08,"2","IFNAR1"
1.73470713390971e-12,0.469656957197049,0.388,0.258,5.81786078570639e-08,"2","NT5C2"
1.89347531959799e-12,0.342366422259889,0.291,0.183,6.35033752686773e-08,"2","CRY2"
1.90686158212364e-12,0.252350115922525,0.634,0.495,6.39523237412628e-08,"2","ARID1B"
1.95271930792744e-12,0.321185240818333,0.432,0.303,6.54903001492705e-08,"2","PSMA3-AS1"
2.31066834951931e-12,0.356519456520393,0.487,0.351,7.74951951061788e-08,"2","PCDH17"
2.49079032390058e-12,0.367631597737384,0.306,0.194,8.35361258829776e-08,"2","RAB34"
2.54136116563097e-12,0.569582853305734,0.362,0.237,8.52321707729315e-08,"2","UFL1"
3.14496245545221e-12,0.689248444916918,0.264,0.154,1.05475750830956e-07,"2","AC058791.1"
3.24226714096602e-12,0.470376181411183,0.437,0.306,1.08739155373718e-07,"2","HSD17B12"
3.53014696998191e-12,0.450782559476164,0.405,0.276,1.18394069079253e-07,"2","CNTFR"
4.24135992341873e-12,0.370955787027068,0.371,0.247,1.42246729111617e-07,"2","SPPL2A"
4.47940618131988e-12,0.33797458854214,0.327,0.215,1.50230324509106e-07,"2","LGALS3BP"
5.06572812873341e-12,0.644293478775517,0.254,0.147,1.69894389981461e-07,"2","IDH1"
5.78092939598572e-12,0.372504339112154,0.303,0.194,1.93880810082569e-07,"2","CDC14B"
6.64219262318807e-12,0.505809918401594,0.333,0.214,2.22765856196481e-07,"2","MYSM1"
9.03087106455004e-12,0.284524831527561,0.254,0.156,3.02877353762879e-07,"2","EMC10"
1.2077920688993e-11,0.394406450038554,0.314,0.201,4.05069304067447e-07,"2","NFATC4"
1.2818523936217e-11,0.350192988770307,0.261,0.16,4.29907655772847e-07,"2","MID1"
1.42594711041544e-11,0.266219981556159,0.571,0.438,4.7823414189113e-07,"2","USP34"
1.47860915283416e-11,0.307942176445743,0.308,0.202,4.95895937677519e-07,"2","CSNK1D"
1.57638430007489e-11,0.432673517257173,0.348,0.23,5.28687766559116e-07,"2","CAT"
1.91710244391193e-11,0.424734366070973,0.476,0.345,6.42957817639184e-07,"2","AUTS2"
2.12181659597291e-11,0.306756040675204,0.329,0.218,7.11614849957394e-07,"2","TMED7"
2.62875779095247e-11,0.421403757160669,0.319,0.205,8.81632787929639e-07,"2","TM9SF3"
2.67098879497069e-11,0.440566046005209,0.268,0.164,8.95796222057269e-07,"2","POR"
2.88834567660905e-11,0.483178245484795,0.287,0.178,9.68693373021143e-07,"2","CLPTM1"
3.32904094848864e-11,0.45339188351803,0.332,0.216,1.11649375330412e-06,"2","FAM204A"
4.34498043938464e-11,0.614527980118783,0.272,0.165,1.45721953976082e-06,"2","NNT"
4.60337444577131e-11,0.308182624550442,0.258,0.162,1.54387972162278e-06,"2","ATP6V1A"
5.30581251900754e-11,0.277064880443528,0.315,0.21,1.77946340262475e-06,"2","MYLK"
5.33704598411238e-11,0.295548689661999,0.423,0.302,1.78993848215161e-06,"2","UQCRC2"
5.85358678925435e-11,0.379315663944199,0.29,0.185,1.96317593738013e-06,"2","ORMDL1"
5.97491808253453e-11,0.522274741788332,0.347,0.23,2.00386802652043e-06,"2","CYB5B"
6.27426359220950e-11,0.358891460716611,0.438,0.314,2.10426252355522e-06,"2","DDX46"
7.6588022060812e-11,0.31700443733485,0.426,0.305,2.56860908387551e-06,"2","ZMYND8"
7.75656092781576e-11,0.373585239014903,0.295,0.191,2.60139540397085e-06,"2","DDHD1"
8.61962023371428e-11,0.364403555548912,0.516,0.387,2.8908482339831e-06,"2","ACAP2"
9.67938218850238e-11,0.392738699869468,0.275,0.172,3.24627119837993e-06,"2","NLGN3"
1.04529578755615e-10,0.302848067897947,0.426,0.306,3.50571301230582e-06,"2","PNN"
1.19325728614454e-10,0.290969904660981,0.414,0.296,4.00194628627155e-06,"2","SAMD4B"
1.23292882009458e-10,0.331191818463598,0.383,0.268,4.13499667683321e-06,"2","TTC19"
1.34435150612946e-10,0.367025352360657,0.396,0.278,4.50868608125697e-06,"2","VEZT"
1.67284701367219e-10,0.439258848900239,0.272,0.171,5.61039431445378e-06,"2","GPR107"
1.92860922946561e-10,0.303440804268922,0.408,0.291,6.46816963378177e-06,"2","GPATCH2L"
1.94189889291117e-10,0.3185510060553,0.336,0.229,6.5127405070455e-06,"2","AMZ2"
1.95811892686896e-10,0.478858279103281,0.261,0.162,6.56713925693311e-06,"2","KIAA1147"
2.10260851201358e-10,0.410880534938496,0.425,0.303,7.05172842759114e-06,"2","TIA1"
2.41391539713585e-10,0.498327341290057,0.298,0.191,8.0957894589142e-06,"2","ODR4"
2.49706335564789e-10,0.343243540464812,0.345,0.235,8.37465108217191e-06,"2","TSC1"
2.6598535298135e-10,0.351488676665133,0.349,0.238,8.92061676828851e-06,"2","PCNX1"
2.70879318145387e-10,0.271249554081657,0.424,0.306,9.08475057196e-06,"2","OAT"
2.79746888588272e-10,0.37234596400412,0.361,0.248,9.38215114947346e-06,"2","RNF13"
3.44015840954664e-10,0.372459929899107,0.362,0.249,1.15376032739375e-05,"2","P4HB"
3.59323602172963e-10,0.316932528929685,0.281,0.184,1.20509949696768e-05,"2","SLC23A2"
4.14416100914197e-10,0.333667637994033,0.399,0.281,1.38986871924604e-05,"2","TMEM161B-AS1"
5.13420772183919e-10,0.256696506237478,0.31,0.21,1.72191058575043e-05,"2","ERLIN2"
5.68542943328846e-10,0.366610907483349,0.329,0.222,1.90677932333628e-05,"2","DNAJC3"
7.18044419294873e-10,0.422591604748377,0.306,0.201,2.40817737343114e-05,"2","STXBP3"
7.49902192791167e-10,0.468495588760952,0.284,0.182,2.51502197418302e-05,"2","SCAP"
8.65075769833616e-10,0.250889620247091,0.307,0.211,2.90129111686798e-05,"2","ZNF793"
9.18945958901599e-10,0.371452454062037,0.257,0.164,3.08196095696418e-05,"2","HERPUD2"
9.51724320186411e-10,0.377225770906459,0.321,0.215,3.19189302504118e-05,"2","EFR3A"
9.57233811153887e-10,0.33934768454272,0.386,0.273,3.21037075584791e-05,"2","YIPF4"
9.94529159375652e-10,0.416048649204885,0.271,0.173,3.33545189471406e-05,"2","SPCS3"
1.20680960735374e-09,0.450019814692171,0.258,0.164,4.04739806114298e-05,"2","TMX3"
1.31971728145544e-09,0.36392471131409,0.287,0.187,4.42606781854524e-05,"2","LMBRD2"
1.34504302701973e-09,0.412024185339168,0.286,0.188,4.51100530401878e-05,"2","BDH2"
1.49192254352605e-09,0.294666527868778,0.3,0.201,5.00360982647766e-05,"2","SEPT11"
1.55374171207329e-09,0.436407555802639,0.324,0.218,5.21093895395139e-05,"2","RGL1"
1.5590941789488e-09,0.401847441431317,0.329,0.223,5.22889005735848e-05,"2","CLK4"
1.64777684193765e-09,0.313079169004363,0.304,0.206,5.5263139724905e-05,"2","CBR4"
1.69544119379674e-09,0.434678251319113,0.252,0.157,5.6861706757555e-05,"2","ATRN"
1.79188739741313e-09,0.436740962063078,0.33,0.223,6.00963195344415e-05,"2","LTN1"
2.25520505248319e-09,0.462555925066684,0.301,0.199,7.56350670501812e-05,"2","SLC9A3R1"
2.3141219861934e-09,0.275207359259948,0.402,0.292,7.76110231729543e-05,"2","WASF3"
2.41452121344131e-09,0.429304478299288,0.285,0.186,8.09782124563946e-05,"2","STT3B"
3.41390242284131e-09,0.361808642483462,0.297,0.198,0.000114495459457252,"2","FKBP10"
4.13045195059476e-09,0.498120068136096,0.297,0.197,0.000138527097519047,"2","GGCX"
4.19287358563579e-09,0.33077804165593,0.274,0.182,0.000140620594315053,"2","BHLHE40"
4.31196776253609e-09,0.259706714640401,0.307,0.212,0.000144614774819935,"2","BRD8"
5.84634804515905e-09,0.354787734851988,0.286,0.192,0.000196074820738544,"2","MEAF6"
5.95607042338438e-09,0.30295176267866,0.335,0.235,0.000199754689859465,"2","FNBP4"
6.48543727441385e-09,0.286585135953133,0.306,0.209,0.000217508595309292,"2","GRAMD1B"
8.23941961197377e-09,0.285986133025638,0.488,0.374,0.000276333654946376,"2","ZMYM2"
9.38426222000138e-09,0.287783558446845,0.343,0.242,0.000314729386334406,"2","PCYOX1"
1.10351403242385e-08,0.335529287249724,0.339,0.237,0.000370096536194312,"2","UBR3"
1.3338745714287e-08,0.271538024135795,0.269,0.181,0.000447354853765757,"2","SLC11A2"
1.56501150004286e-08,0.31218109925287,0.406,0.299,0.000524873556884374,"2","ZNF91"
1.66926212756152e-08,0.28872569335131,0.316,0.221,0.000559837132341584,"2","SSR3"
1.70267889334776e-08,0.369405495904313,0.36,0.256,0.000571044447250972,"2","UBE4A"
1.72782835278505e-08,0.271478907715426,0.301,0.208,0.00057947907295705,"2","TOP2B"
1.84547092071374e-08,0.418537475427004,0.329,0.228,0.000618934037388974,"2","TMEM87A"
1.95984576754075e-08,0.255381924983863,0.258,0.173,0.000657293073517818,"2","SCPEP1"
2.29846148937703e-08,0.320530578189848,0.355,0.254,0.000770858014307269,"2","DCUN1D1"
2.74901238691936e-08,0.262978237247427,0.324,0.229,0.000921963774325016,"2","ATP6V1H"
2.83433288698094e-08,0.255505328751086,0.302,0.211,0.000950578563635669,"2","MARCH7"
3.02821055378791e-08,0.362570066804905,0.254,0.168,0.00101560125552939,"2","HDAC7"
3.07466982265889e-08,0.292078321234492,0.338,0.24,0.00103118276512334,"2","PHLDB1"
3.64825747567278e-08,0.430953757173084,0.251,0.163,0.00122355259219114,"2","SLC9A6"
3.75111516838023e-08,0.327692293623656,0.293,0.203,0.00125804900517136,"2","RICTOR"
3.83380677064031e-08,0.290625529356492,0.342,0.244,0.00128578211473735,"2","KANTR"
4.2988143666797e-08,0.38638003703157,0.287,0.195,0.00144173636229704,"2","AC009041.2"
4.94439169494932e-08,0.302233008402495,0.277,0.189,0.0016582500866521,"2","SURF4"
5.20297954680228e-08,0.447359935522283,0.285,0.192,0.00174497528040655,"2","TM2D1"
5.39008254798856e-08,0.29062734200631,0.268,0.182,0.0018077258849444,"2","SLC35E3"
5.99169161951724e-08,0.296656681624614,0.313,0.221,0.00200949353535369,"2","SMCHD1"
6.19200751559804e-08,0.338844023584266,0.351,0.256,0.00207667548058127,"2","PPP2R1B"
6.47855651056746e-08,0.488564141089877,0.284,0.192,0.00217277828251412,"2","STIM2"
8.47980210062463e-08,0.340447288286267,0.256,0.171,0.00284395602850749,"2","CTSA"
8.64918296272523e-08,0.345740837921486,0.292,0.202,0.00290076298203879,"2","SNX14"
9.69703869180401e-08,0.305766315714476,0.338,0.243,0.00325219283645723,"2","NRDC"
9.84082482868141e-08,0.34613730639652,0.331,0.235,0.00330041583104317,"2","SRSF2"
1.0448061089095e-07,0.372273834419638,0.256,0.171,0.00350407072806068,"2","PAAF1"
1.10690358581376e-07,0.272736413924206,0.284,0.196,0.0037123332461022,"2","TMEM33"
1.53099353569051e-07,0.292247991950379,0.315,0.226,0.00513464611999883,"2","WDR73"
1.53439462373584e-07,0.374759071948357,0.36,0.262,0.00514605268908527,"2","SLC30A1"
2.1929509134972e-07,0.269867269053089,0.342,0.248,0.00735471877368692,"2","MSL1"
2.55304592130423e-07,0.310219911261403,0.38,0.282,0.00856240541087013,"2","CLCN3"
2.55838453241882e-07,0.336446997130721,0.273,0.188,0.00858031004482625,"2","C1orf52"
3.07056654421517e-07,0.368345422942774,0.314,0.223,0.0102980660759888,"2","CLIP4"
3.14398174906974e-07,0.283289131399957,0.275,0.193,0.0105442859900301,"2","FBXL5"
3.23592825642826e-07,0.390405249301702,0.296,0.207,0.0108526561864091,"2","FOXO1"
3.73001284447854e-07,0.28961739193174,0.3,0.212,0.0125097170778121,"2","XRCC5"
4.80293843894896e-07,0.263623741662375,0.264,0.183,0.016108094936547,"2","ADI1"
5.20542573441551e-07,0.334639296723011,0.273,0.19,0.0174579568280827,"2","NPTN"
6.44390486416137e-07,0.346135390826046,0.292,0.207,0.0216115681334244,"2","CTNND1"
9.35385199643066e-07,0.388153623116993,0.275,0.192,0.0313709488256291,"2","HPS4"
9.89122795130099e-07,0.389723026359004,0.267,0.185,0.0331732003030733,"2","MIGA1"
1.46004468675568e-06,0.254948872441816,0.293,0.211,0.0489669787044119,"2","SYT17"
2.13625672026432e-06,0.269053173786662,0.285,0.206,0.0716457778842249,"2","SYPL1"
2.52418025511926e-06,0.345173039865491,0.251,0.176,0.0846559573961896,"2","AL683813.1"
3.56228019595141e-06,0.358391570492213,0.268,0.19,0.119471753211818,"2","NNT-AS1"
3.81710735013121e-06,0.273387784171435,0.277,0.199,0.128018146308701,"2","THOC1"
7.28191078509755e-06,0.251431252349559,0.272,0.197,0.244220723910602,"2","NWD1"
8.91875087262989e-06,0.307739451733538,0.309,0.229,0.299117066766261,"2","TULP3"
1.01600737387888e-05,0.288823571979117,0.258,0.187,0.340748553051498,"2","SEMA4D"
1.6247066335459e-05,0.317590446701679,0.277,0.201,0.544894110758622,"2","NARS"
3.2321438968806e-05,0.278862029139532,0.258,0.189,1,"2","IVD"
3.50930644824515e-05,0.265125219878443,0.263,0.198,1,"2","PTBP2"
3.98179719101385e-05,0.277031688650469,0.327,0.251,1,"2","EDEM3"
0.000143773758608107,0.257861112884511,0.291,0.223,1,"2","RBM12B"
0.00224149851753802,0.254751798841035,0.251,0.196,1,"2","ITGB5"
4.38324143463073e-223,1.81740067902353,0.927,0.346,1.47005151234645e-218,"3","HSPH1"
2.86303346241936e-197,1.34520153649353,0.922,0.362,9.60204162626206e-193,"3","DNAJB1"
1.89209971209104e-181,0.979748407280085,0.94,0.413,6.34572401441092e-177,"3","HSPB1"
2.18329070149129e-176,1.0321543103641,0.973,0.521,7.32232035466147e-172,"3","HSPA1A"
1.16780274581502e-175,1.34803326259698,0.932,0.43,3.91657684891442e-171,"3","SLC5A3"
1.40777067735437e-174,1.63089474784878,0.847,0.317,4.72138129771108e-170,"3","BAG3"
1.72028071888788e-161,1.8606528404192,0.766,0.252,5.76947747500618e-157,"3","HSPA4L"
4.09678500327182e-155,1.29173023965644,0.98,0.669,1.3739797543973e-150,"3","SLC7A11"
2.49153870385933e-154,1.4875316372119,0.807,0.296,8.35612250500343e-150,"3","CHORDC1"
1.5779684261309e-147,0.911796341147554,1,0.927,5.29219050755782e-143,"3","NEAT1"
8.11409390463199e-144,1.40469568282959,0.885,0.442,2.72130481373548e-139,"3","TPD52L1"
8.15681807593439e-144,0.770310337029132,0.895,0.424,2.73563364630688e-139,"3","HSPA1B"
6.24656282955383e-142,1.31551888318151,0.872,0.402,2.09497224177576e-137,"3","PALLD"
2.82700980026473e-140,1.03198334566012,0.923,0.465,9.48122546812784e-136,"3","CRYAB"
2.88314014171838e-138,1.49731237036773,0.859,0.392,9.6694754072951e-134,"3","HSPD1"
3.0291546847597e-135,0.933931825624271,0.993,0.764,1.01591789817471e-130,"3","HSP90AA1"
1.00197986598863e-132,1.45525895690213,0.752,0.278,3.36044007455268e-128,"3","THUMPD3-AS1"
3.40460163928112e-125,0.872759662404612,0.931,0.506,1.1418352977821e-120,"3","PLCG2"
5.7530316693569e-124,1.08611898443469,0.834,0.378,1.92945176126892e-119,"3","PTGES3"
3.84655540126744e-123,1.21327128274727,0.818,0.362,1.29005775047707e-118,"3","HSPE1"
5.177276235273e-121,1.84289041554443,0.576,0.157,1.73635490378586e-116,"3","ASNS"
2.06821543674834e-120,1.2029910639103,0.669,0.233,6.93638093176658e-116,"3","MKNK2"
5.30727368490139e-117,0.898702166091518,0.749,0.313,1.77995344844223e-112,"3","DNAJA1"
1.16000602135774e-114,1.40756749339439,0.635,0.21,3.89042819442958e-110,"3","SERPINH1"
2.45955461686975e-110,1.21631632565365,0.635,0.223,8.24885427405777e-106,"3","FKBP4"
1.22699782356595e-109,0.748439690036345,0.71,0.299,4.11510530067547e-105,"3","DDIT4"
1.1146624504889e-104,1.0059454153527,0.638,0.24,3.73835492644968e-100,"3","MGLL"
5.247446949472e-99,1.23414705863197,0.597,0.211,1.75988875791392e-94,"3","LHX2"
9.8706179613525e-97,0.969926174442536,0.838,0.44,3.3104078518784e-92,"3","NFAT5"
1.47475885653968e-96,0.322727989405343,0.519,0.233,4.94604625306278e-92,"3","GJB6"
2.14865050075036e-96,0.634802573219641,0.932,0.572,7.20614404941657e-92,"3","HSP90AB1"
4.39115545289252e-95,1.27487612049431,0.562,0.19,1.47270571579109e-90,"3","MRPS6"
5.17497975190191e-94,1.10628799124694,0.733,0.332,1.73558470919286e-89,"3","HIBCH"
9.5336961113048e-94,1.01434855424554,0.732,0.332,3.19741100180941e-89,"3","DNAJB6"
2.71082660543646e-93,1.04872320006164,0.59,0.221,9.09157026931278e-89,"3","DNAJB4"
7.23464303261427e-93,0.996583588510893,0.892,0.53,2.42635458027817e-88,"3","XPO1"
2.64772042839308e-92,0.800865877352419,0.959,0.669,8.87992477274473e-88,"3","MT-ND2"
2.90245862163009e-92,1.9294610699235,0.494,0.142,9.73426572522301e-88,"3","CHI3L1"
1.13123371327903e-89,0.791098797613001,0.89,0.528,3.79393162759523e-85,"3","CADM1"
4.75475716164521e-89,0.854173275074171,0.871,0.5,1.59465045687257e-84,"3","HP1BP3"
5.8131413826122e-89,0.777249262095074,0.996,0.896,1.94961135690048e-84,"3","MT-ND3"
5.42986227781753e-88,0.847697554135732,0.699,0.32,1.82106721073444e-83,"3","RANBP3L"
1.1373982043606e-86,0.856716578080972,0.708,0.329,3.81460609778459e-82,"3","SLC38A2"
1.37465671929577e-86,1.27426150695685,0.541,0.188,4.61032370517415e-82,"3","STIP1"
2.40456384779825e-86,1.03140415218769,0.569,0.217,8.06442623274578e-82,"3","SALL3"
4.75869356167399e-86,1.04113834125157,0.834,0.464,1.59597064671422e-81,"3","DYNLL1"
3.99522777497459e-85,1.12852370835008,0.574,0.217,1.33991949117098e-80,"3","MARS"
7.74861640096777e-85,1.08173603706313,0.639,0.266,2.59873096855657e-80,"3","ZMYND8"
3.20691365054267e-84,0.868582406174445,0.642,0.281,1.075534700119e-79,"3","FGD4"
5.30866247803011e-84,0.86738345615903,0.77,0.393,1.78041922188174e-79,"3","PAPOLA"
6.20546265155708e-83,1.20561060478541,0.629,0.259,2.08118806407921e-78,"3","ATP2C1"
1.25182640363271e-82,0.8655656167318,0.752,0.377,4.19837539250337e-78,"3","FXR1"
1.27945336808967e-81,0.777597667443606,0.595,0.254,4.29103070589912e-77,"3","FLRT2"
3.07715634469833e-80,0.905665294422334,0.66,0.299,1.03201669488493e-75,"3","NFE2L2"
4.18066263890278e-78,0.590550165243079,0.605,0.283,1.40211063583521e-73,"3","MERTK"
5.47690016162435e-78,0.595302979047282,0.711,0.367,1.83684277620558e-73,"3","CNN3"
1.67122566381337e-77,0.694607207409098,0.865,0.52,5.60495663129727e-73,"3","CPEB4"
7.95688120406699e-77,1.80330937083644,0.437,0.127,2.66857881821999e-72,"3","DNAJA4"
9.81560345552282e-77,0.655377590074673,0.719,0.371,3.29195708691324e-72,"3","TOB2"
2.86650384058457e-76,0.608951239735728,0.742,0.395,9.61368058055252e-72,"3","PSAT1"
2.60493307292806e-74,0.618149738700239,0.631,0.305,8.73642453998613e-70,"3","ST13"
1.30026582209383e-73,1.0007031680521,0.593,0.253,4.3608315141383e-69,"3","NDUFB4"
9.37871493631702e-73,0.428798613809894,0.766,0.43,3.145433415342e-68,"3","VIM"
4.71404541608941e-72,1.15379010459106,0.328,0.091,1.58099655164806e-67,"3","SEL1L3"
5.32433468928979e-72,0.703489183367809,0.816,0.472,1.78567536809401e-67,"3","SASH1"
8.6327530587107e-72,0.519314516360465,0.89,0.572,2.8952527208304e-67,"3","DOCK7"
1.0589389977004e-71,1.63797226395693,0.362,0.093,3.5514696104876e-67,"3","SESN2"
1.61937175933685e-71,0.874978577736368,0.41,0.143,5.43104900646393e-67,"3","CPEB3"
2.42946861696286e-71,0.500023374722977,0.762,0.432,8.14795184757005e-67,"3","ARHGEF12"
2.48304605325113e-71,0.649887987441623,0.702,0.366,8.32763985339363e-67,"3","SAFB2"
8.42553318299026e-71,0.617682241215303,0.745,0.409,2.82575531891128e-66,"3","NUFIP2"
9.64092198386279e-71,0.815795118596419,0.655,0.316,3.2333724149479e-66,"3","MRAS"
1.68396066952892e-70,0.872504794990439,0.625,0.289,5.6476672934661e-66,"3","MBNL2"
2.36484483421942e-70,0.449160922494554,0.844,0.52,7.93121660500508e-66,"3","KIAA0930"
4.1575678935344e-69,0.713365108997723,0.68,0.344,1.39436512013357e-64,"3","DNAJB2"
5.46071270976729e-69,1.23034102377978,0.433,0.144,1.83141382860175e-64,"3","PLOD3"
7.22025628617107e-69,0.656290864822747,0.731,0.397,2.42152955325605e-64,"3","ERBIN"
2.59010587315646e-68,0.452804260014199,0.616,0.318,8.68669707739214e-64,"3","SLITRK2"
2.71202203727227e-68,0.297944929067839,0.733,0.434,9.09557950860374e-64,"3","ITGB8"
1.29535056142854e-67,0.671806344127453,0.688,0.36,4.34434671291904e-63,"3","FGFR1"
1.9873309854643e-67,0.558234190997114,0.62,0.309,6.66511065905016e-63,"3","BCL6"
2.03087612824909e-67,1.50152828895721,0.4,0.121,6.81115235892181e-63,"3","GARS"
2.54125123281084e-67,0.477044942340648,0.761,0.444,8.52284838460099e-63,"3","TPT1"
2.81288121572349e-67,0.487921762755162,0.651,0.343,9.43384102129343e-63,"3","GRIN2C"
3.53331366386528e-67,0.941295807898176,0.607,0.276,1.18500273658714e-62,"3","COPS9"
4.40590497435739e-67,0.938453283357557,0.427,0.158,1.47765241029998e-62,"3","DDX3Y"
7.65351667049499e-67,0.820774640552522,0.525,0.225,2.56683642095061e-62,"3","LARP4"
1.64565248210922e-66,0.561468667198277,0.501,0.228,5.51918929449789e-62,"3","CABLES1"
3.34418450842412e-66,0.541254294484619,0.502,0.227,1.12157260043528e-61,"3","EMX2"
3.69643137082826e-66,0.884357849631662,0.705,0.366,1.23970915314838e-61,"3","PTAR1"
8.79866877779877e-66,1.00946005571097,0.711,0.373,2.95089753469815e-61,"3","ATP5F1E"
1.20159365413397e-65,0.591608561333589,0.855,0.54,4.02990479723451e-61,"3","PPM1K"
1.27962031306265e-65,0.767714249302869,0.65,0.323,4.29159060594951e-61,"3","AK3"
1.5186866369993e-65,0.626351364572199,0.573,0.272,5.09337124316826e-61,"3","EMX2OS"
1.61612333207055e-65,1.20007664069987,0.444,0.158,5.4201544310982e-61,"3","DNM3"
2.60638706482245e-65,0.641898572793699,0.642,0.324,8.74130093800152e-61,"3","TP53BP2"
2.99705320521614e-65,0.996627503514794,0.461,0.176,1.00515170396539e-60,"3","FOXO1"
3.06215938126504e-65,0.562802079207654,0.827,0.509,1.02698701328867e-60,"3","LPIN1"
4.88386105240456e-65,0.75478020107013,0.633,0.313,1.63794931975544e-60,"3","OSBPL1A"
8.35819432082239e-65,0.650542660184411,0.612,0.302,2.80317121131741e-60,"3","HSPA9"
9.88691261509204e-65,0.605860425033114,0.652,0.337,3.31587275284957e-60,"3","IRF2BP2"
1.78164568831063e-64,0.523919873703043,0.539,0.261,5.9752833094562e-60,"3","ZNF770"
2.20959434102577e-64,0.330169365354351,0.776,0.472,7.41053750093224e-60,"3","NCAN"
1.58715570882808e-63,0.510143937622153,0.92,0.645,5.32300281626762e-59,"3","ADGRV1"
1.76660614813258e-63,0.829583648623836,0.638,0.315,5.92484369960706e-59,"3","SUGT1"
2.14395325439473e-63,0.499668060291606,0.613,0.321,7.19039042458905e-59,"3","GPT2"
2.31202474437801e-63,0.534903494161032,0.703,0.392,7.75406858769498e-59,"3","CEP350"
3.74111515980942e-63,0.603230569552263,0.807,0.489,1.25469520229688e-58,"3","SLC3A2"
6.02942997986898e-63,0.525680689344183,0.701,0.389,2.02215022664846e-58,"3","FGF2"
7.9669930286783e-63,0.399222350022015,0.427,0.182,2.67197012195813e-58,"3","PPP1R3C"
1.14960524412371e-62,0.616690754652898,0.952,0.729,3.85554606774211e-58,"3","MT-ND1"
1.38222057366607e-62,0.696191124850675,0.532,0.242,4.63569135996128e-58,"3","ARHGAP26"
1.48680212970344e-62,1.15402562516197,0.356,0.11,4.98643698259941e-58,"3","JDP2"
1.68997202262832e-62,0.698111283360644,0.694,0.371,5.66782816949087e-58,"3","VEGFA"
1.9339946825311e-62,0.312002998830564,0.582,0.315,6.4862313662728e-58,"3","MEIS2"
2.45278927665395e-62,0.521862835979789,0.476,0.217,8.22616467604201e-58,"3","DLC1"
3.21899770682026e-62,0.394024170920507,0.852,0.547,1.07958745091338e-57,"3","COL5A3"
3.84979636660737e-62,0.825657297285717,0.514,0.225,1.29114470543278e-57,"3","DCUN1D1"
5.89763464733615e-62,0.536366636013601,0.877,0.578,1.9779487080236e-57,"3","MKLN1"
5.94055406156924e-62,0.834693794522021,0.463,0.186,1.99234302116909e-57,"3","CACYBP"
8.64891501804432e-62,0.648540276822475,0.575,0.279,2.90067311875171e-57,"3","ZRANB1"
1.4046117994154e-61,0.447908991421968,0.912,0.633,4.71078705287938e-57,"3","ANK2"
2.29852283172522e-61,0.497086911066678,0.684,0.385,7.70878587304006e-57,"3","EIF5"
2.80517896206056e-61,0.462521367338338,1,0.92,9.40800920295872e-57,"3","ZBTB20"
5.92551784365822e-60,0.25595137163749,0.626,0.37,1.98730017440609e-55,"3","ACSBG1"
8.36009353908249e-60,0.727067972866809,0.516,0.233,2.80380817113748e-55,"3","AHCYL2"
1.42247009937072e-59,0.46640850648783,0.688,0.39,4.77068021926951e-55,"3","ZFHX4"
1.58343557834239e-59,0.774896770575981,0.525,0.238,5.31052624264469e-55,"3","LCOR"
2.19197793607112e-59,0.908696794487584,0.561,0.261,7.35145560199533e-55,"3","DNAH7"
3.53646735338658e-59,0.406595620157272,0.677,0.388,1.18606042097879e-54,"3","ALDH2"
3.81554512370435e-59,0.530707759969821,0.614,0.322,1.27965752358797e-54,"3","TPP1"
4.53524903946239e-59,0.517603333230634,0.992,0.866,1.5210318228549e-54,"3","MT-ATP6"
4.87638052738299e-59,0.642970476402721,0.793,0.483,1.63544050127371e-54,"3","CLK1"
5.07592680465757e-59,0.526750016727202,0.88,0.591,1.70236433174606e-54,"3","RHOBTB3"
6.37123379407658e-59,0.638435254920362,0.614,0.319,2.1367843898574e-54,"3","IRS2"
6.39346118756611e-59,0.862702639298373,0.727,0.408,2.14423901308592e-54,"3","PFKP"
2.00892107842839e-58,1.29273737811984,0.315,0.09,6.73751951283313e-54,"3","PPP1R3D"
2.58470474848888e-58,0.629253878856281,0.578,0.289,8.66858278548201e-54,"3","ATP5MD"
2.78169933521268e-58,0.602243534246883,0.518,0.246,9.32926323043629e-54,"3","CEP290"
3.12116267454595e-58,1.02582095226686,0.373,0.128,1.04677553778922e-53,"3","PLOD1"
3.78615693747839e-58,0.581039892500486,0.624,0.328,1.2698013136915e-53,"3","SETD5"
8.76350374265472e-58,0.351643590186518,0.693,0.412,2.93910388521154e-53,"3","INTU"
1.02802721515661e-57,0.656492958355245,0.515,0.24,3.44779767419224e-53,"3","CCT3"
1.59220743259656e-57,0.694219468896782,0.489,0.225,5.33994528744235e-53,"3","FGD6"
2.06698919012703e-57,0.484067780050508,0.986,0.819,6.93226834584804e-53,"3","MT-CO2"
4.59402015641328e-57,0.619538926395374,0.57,0.288,1.54074248005789e-52,"3","STXBP5"
1.02336563316706e-56,0.701440735468128,0.552,0.266,3.43216366051569e-52,"3","FAM217B"
1.02341503364296e-56,0.901927729932168,0.424,0.169,3.43232933983177e-52,"3","AC016831.5"
1.13809725691512e-56,0.530701411740048,0.552,0.285,3.81695058024192e-52,"3","ZNF24"
1.60833435933004e-56,0.695305857006855,0.484,0.218,5.3940317743211e-52,"3","MAPK4"
1.67490142580657e-56,0.536241510225248,0.681,0.382,5.61728440187006e-52,"3","TSC22D1"
2.21845442972423e-56,1.09247494121352,0.503,0.214,7.44025246640912e-52,"3","IARS"
2.23800918668106e-56,0.311875873541344,0.559,0.309,7.50583521029094e-52,"3","PLIN5"
2.61523253811908e-56,0.289748173241059,0.647,0.384,8.77096688634376e-52,"3","RBM28"
2.6364660058082e-56,0.48565761409564,0.652,0.369,8.84217969027955e-52,"3","MAP4"
3.5010247288561e-56,1.1014356175923,0.303,0.091,1.17417367356376e-51,"3","ZNF703"
4.00922737774472e-56,0.483936759854808,0.52,0.268,1.34461467794802e-51,"3","MIR29B2CHG"
4.90102153472398e-56,0.530960403365639,0.761,0.465,1.64370460231573e-51,"3","MARK3"
8.12895952907419e-56,0.599639649017168,0.578,0.293,2.7262904468609e-51,"3","MBNL1"
8.53446232322896e-56,0.337226586115263,0.762,0.475,2.86228797396453e-51,"3","MYO10"
1.06222992600958e-55,0.345368248296807,0.719,0.443,3.56250672585093e-51,"3","CSNK1A1"
2.1621469478525e-55,0.693341392553504,0.542,0.265,7.25140843370772e-51,"3","KNOP1"
2.62107462185235e-55,0.831837316750655,0.503,0.228,8.79056006676841e-51,"3","UBE2B"
2.78161609934253e-55,0.454509773495212,0.671,0.387,9.32898407397499e-51,"3","SPEN"
3.05408585577826e-55,0.37474069166074,0.643,0.369,1.02427931431091e-50,"3","ABHD2"
3.11284931644742e-55,1.08129204418547,0.302,0.091,1.04398740375014e-50,"3","CA8"
3.15463262544017e-55,0.295561488115126,0.518,0.276,1.05800068992013e-50,"3","CYFIP2"
3.44309451905801e-55,0.365185774644379,0.677,0.399,1.15474503980168e-50,"3","NACC2"
3.87792652269569e-55,0.605011580509489,0.539,0.262,1.30057899718168e-50,"3","IFRD1"
6.60958251017399e-55,1.2756084652319,0.344,0.109,2.21672178226215e-50,"3","SH3BGR"
9.92093840128834e-55,0.705712388528854,0.531,0.254,3.32728432102408e-50,"3","ATP5PF"
1.16354906766619e-54,0.643255238883481,0.617,0.328,3.90231086313888e-50,"3","COX7C"
1.38738610552891e-54,0.42548987495301,0.78,0.493,4.65301552072286e-50,"3","FYN"
1.49210692429038e-54,0.813662132191863,0.587,0.29,5.00422820268506e-50,"3","EPHX1"
1.71168826660516e-54,0.84233702211972,0.631,0.328,5.74066010854037e-50,"3","ZNF106"
1.94207326949415e-54,0.360127823285392,0.59,0.325,6.51332533122947e-50,"3","LRP4"
1.94550666797638e-54,0.46506243676563,0.532,0.275,6.52484026305917e-50,"3","SAMD4B"
2.14331399084562e-54,0.583714259850677,0.665,0.375,7.18824646249803e-50,"3","UBE2D3"
2.23827695720966e-54,0.508492806541644,0.51,0.256,7.50673325908975e-50,"3","SPRED1"
2.48283796300878e-54,0.552311717566496,0.854,0.569,8.32694196033883e-50,"3","KIAA1109"
2.79049643322827e-54,0.407175597569194,0.765,0.48,9.35876693776098e-50,"3","RORA"
5.33754370275156e-54,0.446055657425467,0.647,0.368,1.79010540702882e-49,"3","TLR4"
6.51086715683546e-54,0.386196753196168,0.614,0.341,2.18361462705948e-49,"3","UQCRB"
7.34988939888283e-54,0.34346685352551,0.737,0.46,2.46500590659732e-49,"3","LGI1"
7.5374126315511e-54,0.540953152858796,0.94,0.712,2.52789744836961e-49,"3","MT3"
7.69406034009966e-54,0.368903150517718,0.661,0.396,2.58043395686263e-49,"3","EWSR1"
1.30001680816861e-53,0.806609422447061,0.55,0.266,4.3599963712359e-49,"3","PTPN13"
1.61343673275007e-53,0.682431643798051,0.673,0.373,5.41114411429719e-49,"3","TKT"
1.68630252231423e-53,0.558007512152334,0.918,0.664,5.65552139933745e-49,"3","ARHGAP5"
1.89873878809345e-53,0.916668016960263,0.443,0.185,6.36799014750781e-49,"3","PRICKLE2"
2.02198469920789e-53,0.384636730016044,0.867,0.597,6.78133228420341e-49,"3","NEBL"
3.28464840079229e-53,1.82699396761183,0.271,0.065,1.10160538065772e-48,"3","MTHFD2"
3.32381280001427e-53,0.852151970372897,0.45,0.191,1.11474033686879e-48,"3","HSPA4"
4.24440650144984e-53,0.781013419095869,0.552,0.269,1.42348905245625e-48,"3","EPRS"
6.0026063406696e-53,0.54948561487093,0.532,0.267,2.01315411453377e-48,"3","ZSWIM6"
7.91584767064078e-53,0.384655268453025,0.72,0.443,2.6548169917795e-48,"3","CHPT1"
1.65926853834396e-52,0.413071254155063,0.953,0.725,5.56485482389797e-48,"3","N4BP2L2"
1.71613281426694e-52,0.435532350473065,0.748,0.467,5.75556623248847e-48,"3","IL6ST"
2.73902553995023e-52,0.277937371916729,0.68,0.417,9.1861438558851e-48,"3","SESN3"
3.79810417883584e-52,0.44940619478923,0.801,0.52,1.27380817949796e-47,"3","ANKRD12"
4.74908880508117e-52,0.521325616892206,0.624,0.346,1.59274940344812e-47,"3","ATP5ME"
4.99759902935424e-52,0.836911825975212,0.382,0.151,1.67609476246482e-47,"3","AHSA1"
5.98426500409667e-52,0.839152194288495,0.41,0.168,2.00700279707394e-47,"3","ARHGAP35"
6.04774530394712e-52,0.56303176822295,0.484,0.233,2.02829282003778e-47,"3","FAM102A"
6.53536407013763e-52,0.445076730819142,0.597,0.333,2.19183040184276e-47,"3","FAM184A"
7.3542730227866e-52,0.451069546397676,0.532,0.279,2.46647608638217e-47,"3","SGK3"
9.74730168328066e-52,0.339810562770289,0.688,0.422,3.26905003853867e-47,"3","LDHB"
1.11635188369407e-51,0.304236240666141,0.559,0.315,3.74402094753316e-47,"3","MT1X"
1.30479803162028e-51,0.893397199763208,0.437,0.184,4.37603163844811e-47,"3","XPOT"
2.39985327538139e-51,0.533819191774033,0.39,0.174,8.0486279149741e-47,"3","PRDM16"
2.82175792464321e-51,0.60421473996656,0.48,0.234,9.4636117276684e-47,"3","IL17RB"
3.37922949072063e-51,0.388565842749715,0.442,0.219,1.13332598659788e-46,"3","MYBPC1"
3.48242326188258e-51,0.679250568697896,0.48,0.23,1.16793511357018e-46,"3","MORC3"
4.3374218414736e-51,0.607066872570958,0.897,0.642,1.45468453719342e-46,"3","HNRNPU"
5.8876162703873e-51,0.255863719304756,0.482,0.261,1.97458874476249e-46,"3","MYORG"
6.03268398163234e-51,0.513326215455831,0.535,0.28,2.02324155375985e-46,"3","POU3F3"
7.99833766063569e-51,0.951697635685034,0.344,0.123,2.682482484624e-46,"3","SALL1"
1.04793984174459e-50,0.464774303839001,0.707,0.428,3.51458064124299e-46,"3","RPS24"
1.24473384675599e-50,0.351714435667731,0.758,0.484,4.17458837525025e-46,"3","CELF2"
1.30230400876997e-50,0.320811814770096,0.541,0.302,4.36766718461274e-46,"3","TCF7L2"
1.69614838227229e-50,0.62082236747545,0.407,0.178,5.68854244446482e-46,"3","SLC7A5"
1.8419336749334e-50,1.2105384527515,0.336,0.114,6.17747715899165e-46,"3","RMND5A"
2.04849060500064e-50,0.373766391477104,0.622,0.364,6.87022779105116e-46,"3","NIPBL"
2.14015876373583e-50,0.522010090467763,0.707,0.424,7.17766446181721e-46,"3","SMARCA2"
2.52619404658876e-50,0.376083255380702,0.787,0.514,8.47234959344938e-46,"3","BPTF"
3.38171233802428e-50,0.460202165547384,0.422,0.202,1.13415868392658e-45,"3","PLCG1"
4.45585816214503e-50,0.460546165998102,0.443,0.213,1.4944057104202e-45,"3","AFF1"
4.54204125272228e-50,0.434807317433301,0.786,0.511,1.523309795338e-45,"3","DAAM1"
4.78159998370537e-50,0.408628544518989,0.429,0.208,1.60365300253511e-45,"3","PCDH7"
4.95635860368736e-50,0.380739878663915,0.516,0.277,1.66226354850467e-45,"3","ANKRD17"
5.07703600335137e-50,0.37600642997011,0.895,0.64,1.70273633480398e-45,"3","SOX9"
5.26413787488328e-50,0.906121057110932,0.357,0.135,1.76548656047835e-45,"3","GREB1"
5.41503769870336e-50,0.275659626665622,0.822,0.55,1.81609534339113e-45,"3","FAM107A"
6.12613220805438e-50,0.413975906994754,0.613,0.353,2.05458221993728e-45,"3","ITSN1"
6.61245123750801e-50,0.502944998584754,0.603,0.333,2.21768389603544e-45,"3","KTN1"
8.77243963925682e-50,0.457731655898996,0.519,0.273,2.94210080621395e-45,"3","RHOQ"
1.83167528807282e-49,0.793990932694068,0.438,0.191,6.14307258113862e-45,"3","CLDN12"
3.59818048189895e-49,0.822400360955474,0.476,0.216,1.20675777001927e-44,"3","RANBP2"
4.19214600713719e-49,0.276835724534682,0.6,0.361,1.40596192787367e-44,"3","ARHGEF26"
4.43076711059079e-49,0.307552619136171,0.664,0.415,1.48599067354994e-44,"3","C6orf62"
9.0029856911715e-49,0.390070212282052,0.454,0.236,3.0194213411051e-44,"3","LONRF2"
9.67131112231737e-49,0.815990368904917,0.387,0.158,3.2435643242028e-44,"3","CMIP"
1.59958377003196e-48,0.333457245758366,0.818,0.556,5.36468404793319e-44,"3","NFIB"
1.80106066758592e-48,0.36543015940275,0.613,0.354,6.04039726694966e-44,"3","KLHL24"
1.949256051726e-48,0.752092263109677,0.461,0.215,6.53741494627865e-44,"3","SOS1"
2.06000920194016e-48,0.616722335520195,0.471,0.226,6.90885886146692e-44,"3","AHCTF1"
2.26013471466283e-48,0.523054493772356,0.409,0.192,7.58003980603619e-44,"3","TLK1"
2.43919582761888e-48,0.294924085525686,0.749,0.488,8.1805749666682e-44,"3","FMNL2"
2.77396131904727e-48,1.53452554765825,0.28,0.078,9.30331147182072e-44,"3","CRYZ"
2.85297935277918e-48,0.497688418645987,0.434,0.21,9.56832215335082e-44,"3","MED12L"
3.62715430961875e-48,0.917194808902573,0.397,0.16,1.21647501235994e-43,"3","ZNF516"
3.63861664974651e-48,0.458427261493561,0.505,0.266,1.22031925199198e-43,"3","SQSTM1"
3.97190010335163e-48,0.37931632115728,0.587,0.337,1.33209585666207e-43,"3","KDM5A"
4.86607946371164e-48,0.272683127893104,0.647,0.401,1.63198573053961e-43,"3","NOTCH2"
6.61631925537616e-48,0.80271209375115,0.388,0.159,2.21898115186806e-43,"3","ABHD3"
8.10602940440605e-48,0.319782856566893,0.999,0.876,2.7186001416497e-43,"3","PNISR"
1.23362312178318e-47,0.533212286343071,0.438,0.208,4.13732522583644e-43,"3","FOXN3"
1.31221316389821e-47,0.492405203580143,0.957,0.768,4.40090050908183e-43,"3","MT-CYB"
1.43394278110899e-47,0.342168997845109,0.61,0.362,4.80915729928334e-43,"3","KMT2E"
1.46262905762655e-47,0.539544498150941,0.399,0.185,4.90536533346791e-43,"3","GLI3"
1.5307156845198e-47,0.330722783698915,0.575,0.335,5.13371426274251e-43,"3","KAT2A"
2.41761002994031e-47,0.277561259732752,0.587,0.347,8.10818051841383e-43,"3","ANKRD26"
2.93214283744098e-47,0.905531553959385,0.342,0.131,9.83382064820957e-43,"3","ADNP2"
3.60553338812183e-47,0.423032773652378,0.997,0.912,1.2092237877083e-42,"3","MACF1"
4.15739465078804e-47,0.307506579156279,0.915,0.682,1.39430701798129e-42,"3","FUT9"
4.40137064939285e-47,0.326746796029197,0.988,0.843,1.47613168839338e-42,"3","MT-ND4"
5.16486074959702e-47,0.552980641148511,0.45,0.224,1.73219099819985e-42,"3","ZBTB43"
5.24359954958788e-47,0.339397226264327,0.637,0.384,1.75859841694078e-42,"3","MEGF10"
8.70910648584005e-47,0.433852006964935,0.561,0.312,2.92086013322104e-42,"3","VAPA"
9.22831948514857e-47,0.369824888191557,0.805,0.538,3.09499378892913e-42,"3","FAM171B"
1.07818383219787e-46,1.29693083484029,0.267,0.078,3.6160129364252e-42,"3","WHRN"
1.23398529666931e-46,0.417562257410402,0.565,0.32,4.13853988796953e-42,"3","EPS15"
1.44605112787831e-46,0.614423312855782,0.299,0.121,4.84976627267829e-42,"3","EPHA4"
1.72605802733093e-46,0.593635144744082,0.408,0.19,5.78885341206247e-42,"3","ERCC6L2"
1.79370027636856e-46,0.347633303763239,0.586,0.343,6.01571198688486e-42,"3","SHPRH"
2.13507192791918e-46,0.376412555962866,0.369,0.175,7.16060423185535e-42,"3","ETV1"
2.65595677894494e-46,0.860260823358465,0.369,0.15,8.90754784522555e-42,"3","CCT5"
2.6655675455089e-46,0.582196519140578,0.506,0.257,8.93978043412774e-42,"3","ZHX1"
3.1902149527597e-46,0.365615819267974,0.528,0.295,1.06993429085655e-41,"3","PHGDH"
4.15787080903056e-46,0.457385910007366,0.499,0.266,1.39446671193267e-41,"3","EHMT1"
7.29055137585918e-46,0.440698109738924,0.903,0.665,2.44510512043565e-41,"3","MT2A"
7.32922960407505e-46,0.517661494956789,0.573,0.317,2.45807702461469e-41,"3","OGT"
8.73316112142006e-46,0.361701915627632,0.506,0.28,2.92892757690186e-41,"3","ERBB4"
1.19435619832146e-45,0.723848469739619,0.331,0.13,4.00563181793051e-41,"3","GTF3C3"
1.34602157417047e-45,0.397030835142414,0.482,0.259,4.51428715545293e-41,"3","FOXO3"
1.52319643925584e-45,0.661032722921942,0.405,0.185,5.10849621797625e-41,"3","PARD3"
1.60383539275088e-45,0.253669742459812,0.557,0.331,5.3789431402079e-41,"3","AUTS2"
1.74727610326222e-45,0.267079694997447,0.945,0.734,5.86001459512083e-41,"3","TCF4"
1.81106015533046e-45,0.303558196459912,0.741,0.487,6.07393354894731e-41,"3","ZNF638"
2.33434890553026e-45,1.15525349865956,0.307,0.105,7.82893935936737e-41,"3","YARS"
2.69573257160325e-45,0.67533481934134,0.448,0.215,9.04094789864297e-41,"3","COX7B"
2.87748825008233e-45,0.665202531551352,0.422,0.193,9.65052009312613e-41,"3","TCP1"
3.47696366778361e-45,0.45372520004427,0.492,0.262,1.16610407490127e-40,"3","P4HA1"
3.58620069015398e-45,0.532190777320253,0.51,0.267,1.20273998746384e-40,"3","SSFA2"
3.74206779232137e-45,0.593918569299564,0.42,0.194,1.25501469618874e-40,"3","CCT4"
4.12328090485796e-45,0.738008859339077,0.306,0.114,1.38286594987126e-40,"3","CEBPB"
4.7159906325337e-45,0.27477671069036,0.392,0.203,1.58164893833915e-40,"3","EFR3A"
4.83405747152076e-45,0.61147858237748,0.527,0.276,1.62124619479863e-40,"3","ZNF680"
5.066446107296e-45,1.24716292609991,0.315,0.106,1.69918469546493e-40,"3","NQO1"
5.51832319507603e-45,0.429992820509356,0.522,0.286,1.8507352331646e-40,"3","MED13"
5.68172437586904e-45,0.380404925905317,0.476,0.254,1.90553672117896e-40,"3","G3BP1"
5.97965966081377e-45,0.842149631653752,0.427,0.192,2.00545825704372e-40,"3","KANSL1L"
7.56766303983114e-45,0.481546726326249,0.418,0.202,2.53804283029857e-40,"3","PPP1CC"
8.79204342728488e-45,0.437031427852049,0.529,0.29,2.9486755246428e-40,"3","AC074117.1"
9.53180207223124e-45,0.529844105322496,0.413,0.202,3.19677577898491e-40,"3","SUPT20H"
1.21596113074056e-44,0.514026030647019,0.529,0.284,4.07809044027771e-40,"3","INTS6"
2.05425662186726e-44,0.845346084187932,0.294,0.106,6.88956585841843e-40,"3","ERRFI1"
2.11273344790044e-44,0.863099309872432,0.374,0.154,7.08568543756848e-40,"3","NAA16"
3.21379870192902e-44,0.365230406847644,0.4,0.202,1.07784380865295e-39,"3","PCSK5"
4.08006036114895e-44,0.317826533308341,0.399,0.206,1.36837064392213e-39,"3","SMARCD3"
4.54006743890544e-44,0.737155005350436,0.382,0.167,1.52264781766011e-39,"3","STOX1"
4.9420053457645e-44,0.595109140257116,0.607,0.344,1.6574497528625e-39,"3","HERC4"
5.54556148455262e-44,0.458696239204188,0.697,0.431,1.85987041068926e-39,"3","ACSL3"
5.56431492541731e-44,0.796002498076841,0.395,0.173,1.86615993968646e-39,"3","TUBE1"
5.74739317988588e-44,0.558276815496975,0.435,0.215,1.92756072467013e-39,"3","CYB5B"
7.44277276275302e-44,0.817513271378608,0.382,0.163,2.49615712917211e-39,"3","PPP1R15B"
8.80157238994822e-44,0.382387374690559,0.336,0.156,2.95187134814084e-39,"3","PLCB1"
1.39831137271695e-43,0.346248267830122,0.759,0.512,4.6896566818181e-39,"3","PCM1"
1.53040535081381e-43,0.473460184412564,0.595,0.345,5.13267346555934e-39,"3","MTUS1"
1.59992874677942e-43,0.592285140030071,0.374,0.171,5.36584103094882e-39,"3","PIKFYVE"
1.70805627710351e-43,0.372486383431576,0.954,0.756,5.72847914214974e-39,"3","HNRNPA2B1"
1.74556153119611e-43,0.768851199347804,0.299,0.116,5.85426426332553e-39,"3","FZD8"
1.8378757888441e-43,0.271086091312973,0.922,0.706,6.16386782062534e-39,"3","APC"
1.84937603778367e-43,0.339817466612905,0.439,0.231,6.20243735551888e-39,"3","RAB11FIP2"
2.23352832600403e-43,0.472456829348389,0.431,0.214,7.49080729975232e-39,"3","PTOV1"
2.55971825294307e-43,0.363719096324624,0.493,0.279,8.58478307672045e-39,"3","ZNF655"
2.56137041651806e-43,0.35138270389355,0.718,0.465,8.59032410291827e-39,"3","MAP4K4"
2.84004928046728e-43,0.303053623244209,0.746,0.501,9.52495727683115e-39,"3","POGZ"
2.94853605408917e-43,0.625338053117529,0.395,0.185,9.88880021820427e-39,"3","CEP95"
3.07496474863952e-43,0.296130938171326,0.576,0.35,1.03128167739872e-38,"3","RXRA"
3.53258853646565e-43,0.433719219171506,0.546,0.308,1.18475954335985e-38,"3","TAOK3"
3.63141574951777e-43,0.993986758271488,0.514,0.253,1.21790421407327e-38,"3","DDR2"
3.69860513937965e-43,0.508272183059643,0.429,0.21,1.24043819164515e-38,"3","PDK4"
3.79035270194578e-43,0.384346422133238,1,0.976,1.27120848917858e-38,"3","MALAT1"
5.24654451722266e-43,0.436514581436777,0.746,0.493,1.75958610018614e-38,"3","MT1E"
5.87024659548983e-43,0.960096645509258,0.337,0.13,1.96876330319538e-38,"3","SMAD1"
6.85911672130992e-43,0.407489795850216,0.376,0.186,2.30041056599292e-38,"3","SLC9A3R1"
7.0601521611037e-43,0.510795751677428,0.545,0.3,2.36783383179096e-38,"3","TMA7"
7.3668777408829e-43,0.366831603502361,0.511,0.286,2.47070345673731e-38,"3","SPRY2"
8.30932332326003e-43,0.492832944262356,0.766,0.509,2.78678085615495e-38,"3","GPBP1"
1.06984046446918e-42,0.744171630087331,0.314,0.123,3.58803094973675e-38,"3","NFKBIA"
1.51773978161851e-42,0.450253420487449,0.403,0.193,5.09019567959214e-38,"3","MTRNR2L8"
1.89305213473502e-42,0.587085686724969,0.425,0.203,6.34891824947432e-38,"3","AARS"
2.39958818908022e-42,0.445175015577103,0.447,0.232,8.04773886853723e-38,"3","ANAPC16"
5.02515932950295e-42,0.389797456004306,0.776,0.522,1.6853379359287e-37,"3","TTC3"
8.58831046256452e-42,0.327794521514529,0.778,0.531,2.88034756293489e-37,"3","MARCH6"
9.2457787116685e-42,0.373883915818244,0.6,0.365,3.10084926431938e-37,"3","DICER1"
1.23524505246882e-41,0.418444463314261,0.412,0.211,4.14276485696993e-37,"3","RASSF8"
1.25780780772403e-41,0.633429802740254,0.435,0.215,4.21843582554484e-37,"3","CSTB"
2.08507468436393e-41,0.561478894443584,0.512,0.277,6.99292347641975e-37,"3","ARHGEF10"
2.5767724142941e-41,0.25451655683892,0.549,0.336,8.64197932305954e-37,"3","REV3L"
2.6983356624527e-41,0.565106902203788,0.405,0.195,9.04967814473385e-37,"3","PDS5A"
3.14737808143766e-41,0.258436842503644,0.502,0.3,1.05556766095256e-36,"3","MAP4K5"
3.15760660916532e-41,0.55755691844412,0.465,0.237,1.05899810458186e-36,"3","CTBP2"
3.47242217750349e-41,0.449613762249213,0.454,0.24,1.16458094989112e-36,"3","ZNF148"
3.53453986928548e-41,0.743013014833845,0.418,0.194,1.18541398136096e-36,"3","FAM13A"
4.19606113136647e-41,0.474843695224811,0.333,0.151,1.40727498223769e-36,"3","NEDD4L"
4.58416752081105e-41,0.39549799265156,0.427,0.227,1.53743810312961e-36,"3","WDFY2"
5.51361990731233e-41,0.475190879265805,0.438,0.231,1.84915784451441e-36,"3","EDEM3"
5.57871066001978e-41,0.591612534196954,0.285,0.116,1.87098798115743e-36,"3","AKAP12"
7.48731283019346e-41,0.548297920346973,0.42,0.208,2.51109497699028e-36,"3","VEZF1"
7.66184227201835e-41,0.254866531311229,0.505,0.3,2.56962866118951e-36,"3","HMGN3"
9.34717732831476e-41,0.494214713921503,0.503,0.272,3.13485633237021e-36,"3","TSC22D2"
1.1011237736615e-40,0.29084510388324,0.492,0.281,3.69294891210593e-36,"3","BZW1"
1.23414042259189e-40,0.424524700545352,0.426,0.221,4.13906014928869e-36,"3","RBM14"
1.91372343064423e-40,0.82258882380522,0.337,0.14,6.41824564169462e-36,"3","NR1D1"
1.99230017277189e-40,0.431714336985865,0.4,0.204,6.68177631944236e-36,"3","GAREM2"
2.72181215170819e-40,0.656892699415915,0.371,0.167,9.12841359439892e-36,"3","PNPLA6"
4.48127994075581e-40,1.02129184422376,0.285,0.101,1.50293166653068e-35,"3","RANGAP1"
4.7547977054814e-40,0.537276406095291,0.403,0.196,1.59466405446435e-35,"3","SNX3"
4.95031019299113e-40,0.418126568026389,0.767,0.516,1.66023503252536e-35,"3","MGST1"
5.05305147736689e-40,1.14999093772416,0.312,0.114,1.69469240447931e-35,"3","TENT4B"
7.65034370863055e-40,0.539889319143564,0.275,0.111,2.56577227300051e-35,"3","NLGN4X"
8.42146345400865e-40,0.250176394061039,0.52,0.31,2.82439041320542e-35,"3","COX6C"
8.45635502467278e-40,0.517178684382626,0.392,0.196,2.83609234817476e-35,"3","CCNT2"
8.4830769001478e-40,0.297954759515048,0.399,0.22,2.84505433077157e-35,"3","B3GAT1"
9.67679018607402e-40,0.31124339918175,0.452,0.253,3.2454018926055e-35,"3","TLE1"
1.22256477725722e-39,0.470567268700383,0.386,0.187,4.10023774996526e-35,"3","TAB2"
1.405993685102e-39,0.262320677108939,0.916,0.709,4.71542162109508e-35,"3","BAZ2B"
1.54417867423517e-39,0.598317497929902,0.499,0.265,5.17886643764992e-35,"3","NBPF19"
1.61704771054139e-39,0.347175809266594,0.86,0.626,5.42325461161371e-35,"3","FTH1"
1.91097154516015e-39,0.55538429847043,0.386,0.186,6.40901636815812e-35,"3","MAP3K7"
1.96239335996929e-39,0.885112716197059,0.256,0.092,6.58147485066501e-35,"3","ADRB1"
2.10849953639892e-39,0.450136224503766,0.529,0.302,7.07148574517469e-35,"3","LPP"
2.39174227976446e-39,0.459622581495511,0.673,0.424,8.02142525787405e-35,"3","KIF21A"
3.25648176544491e-39,0.483459235316214,0.459,0.245,1.09215885449491e-34,"3","SLC30A1"
3.54494354006154e-39,0.54751417700965,0.456,0.239,1.18890316446584e-34,"3","MAFG"
3.56960414097171e-39,0.61423957889121,0.55,0.305,1.19717383679909e-34,"3","SLC39A12"
4.2491950257613e-39,0.283306787018542,0.592,0.37,1.42509502773982e-34,"3","CDK13"
4.31725053942527e-39,0.487681996166045,0.307,0.14,1.44791948591245e-34,"3","MITD1"
4.75955902175021e-39,0.304031760939475,0.344,0.168,1.59626090471459e-34,"3","TNFRSF1A"
4.76168145456164e-39,0.378108193760483,0.362,0.181,1.59697272623088e-34,"3","NWD1"
5.33458635996983e-39,0.716218458771,0.353,0.158,1.78911357340668e-34,"3","CCT6A"
5.82082362101084e-39,0.677760127941257,0.31,0.128,1.95218782601462e-34,"3","SOX21"
7.98131681476704e-39,0.444155991991754,0.376,0.19,2.67677403333657e-34,"3","SAMD4A"
1.23566974182871e-38,0.350045416987071,0.412,0.222,4.14418918014511e-34,"3","AP3D1"
1.43873029113266e-38,0.660669183331375,0.339,0.151,4.82521365040073e-34,"3","KCTD6"
1.4682498935904e-38,0.496876765610564,0.616,0.373,4.9242164931235e-34,"3","ANKRD11"
1.48894979623273e-38,0.561391544415272,0.265,0.107,4.99363982660533e-34,"3","ESRRA"
2.25604547412074e-38,0.418432008755146,0.416,0.217,7.56632531110613e-34,"3","OLFM2"
4.68342578800456e-38,0.37014997144787,0.471,0.261,1.57072734078097e-33,"3","SETD2"
5.63761423155754e-38,0.501874122588379,0.401,0.204,1.89074306097977e-33,"3","FBXO11"
7.26105653401631e-38,0.467089606224875,0.373,0.185,2.43521314037839e-33,"3","ME2"
7.6390856079914e-38,0.504181744134674,0.295,0.133,2.56199653120816e-33,"3","TIPARP"
8.08617618670625e-38,1.12777030551946,0.293,0.108,2.71194176949754e-33,"3","PPID"
9.04615922822406e-38,0.404487049355269,0.481,0.27,3.03390088196178e-33,"3","AC245297.3"
9.13263618943662e-38,0.287445048777081,0.498,0.292,3.06290352521325e-33,"3","RBBP6"
9.54312902205093e-38,0.49389576731212,0.268,0.117,3.20057461141544e-33,"3","PTPN9"
1.35957703083546e-37,0.26591838008364,0.421,0.236,4.55974944601597e-33,"3","C1orf198"
1.37534481732543e-37,0.290355171220407,0.736,0.501,4.61263144834602e-33,"3","ATRX"
2.57892997399291e-37,0.317760507363962,0.367,0.192,8.64921534677742e-33,"3","ELAVL3"
3.22795907330284e-37,0.344598959869118,0.41,0.223,1.08259291400431e-32,"3","CNOT4"
4.64050569337769e-37,0.937891570377388,0.277,0.104,1.55633279944501e-32,"3","KCNE4"
6.13744895402694e-37,0.292766523268715,0.395,0.216,2.05837763020155e-32,"3","BMPR1A"
6.44880483235021e-37,0.493025036981525,0.508,0.285,2.16280016467361e-32,"3","LARP7"
6.72015066604675e-37,0.437769646101614,0.346,0.173,2.25380413037876e-32,"3","PAN2"
7.11975548590259e-37,0.674643261676324,0.282,0.114,2.38782359486201e-32,"3","FNDC3B"
7.28231591474873e-37,0.346424711796623,0.399,0.208,2.44234311148843e-32,"3","FAM199X"
9.6554945359424e-37,0.344850667763304,0.316,0.155,3.23825975746436e-32,"3","DUT"
1.02596693280309e-36,0.603981676662407,0.379,0.185,3.44088789923502e-32,"3","GOLGA3"
1.22322668582812e-36,0.262105771928351,0.485,0.291,4.10245765893033e-32,"3","NSD1"
1.24928292978019e-36,0.268555325311694,0.353,0.189,4.1898450898968e-32,"3","PIAS1"
1.34697398731091e-36,0.415909110139535,0.375,0.189,4.51748135864332e-32,"3","KLF15"
2.28559674611611e-36,0.264048913707847,0.366,0.203,7.66543436712421e-32,"3","CBFA2T2"
3.22369115742036e-36,0.296060143376744,0.392,0.214,1.08116154037564e-31,"3","ZFHX3"
4.21010820769521e-36,0.680361649620955,0.341,0.156,1.41198609069682e-31,"3","NDUFA12"
4.45396805601627e-36,0.457552115861783,0.328,0.164,1.49377180662674e-31,"3","EXOSC10"
5.54355702866898e-36,0.471071115791539,0.412,0.212,1.859198156275e-31,"3","BRD4"
5.66106191736688e-36,0.844431418619507,0.356,0.159,1.8986069458465e-31,"3","FAM208B"
6.61010865928884e-36,0.263218186175419,0.458,0.271,2.21689824215229e-31,"3","FGFR1OP2"
7.01023862691195e-36,0.941732249918299,0.252,0.092,2.35109383069373e-31,"3","NHS"
7.84062001938854e-36,0.597545119352861,0.346,0.162,2.62958714210253e-31,"3","EIF2S2"
8.56285205194596e-36,0.911626542079461,0.305,0.122,2.87180932118163e-31,"3","CDC14A"
8.63499462434071e-36,0.255527369918308,0.302,0.157,2.89600449711139e-31,"3","PTPN4"
8.96669467996e-36,0.353672474357161,0.442,0.248,3.00725006176498e-31,"3","ASAP1"
8.97052699738512e-36,0.350958955279799,0.416,0.23,3.00853534438302e-31,"3","INO80D"
9.97206178562847e-36,0.520929915638952,0.475,0.261,3.34443008166408e-31,"3","LARS"
1.13468021047516e-35,0.409382341613618,0.442,0.244,3.80549048989158e-31,"3","SLC7A2"
1.20895280643166e-35,0.314466005740071,0.607,0.39,4.0545859222105e-31,"3","CLIP1"
1.2651865244802e-35,0.886250469757489,0.297,0.123,4.24318256580171e-31,"3","XAF1"
1.29176590625989e-35,0.2873511428527,0.284,0.144,4.33232449641444e-31,"3","DOCK5"
1.40124695095538e-35,0.753079827398731,0.306,0.131,4.69950202411415e-31,"3","CRYBG3"
1.4925329008928e-35,0.381184339686739,0.387,0.208,5.00565684301429e-31,"3","SH3YL1"
1.56918364061988e-35,0.532861226151993,0.303,0.142,5.26272809391096e-31,"3","PGAP1"
1.99606071483452e-35,0.461734892472722,0.455,0.252,6.69438842541201e-31,"3","BAZ2A"
2.01689094980434e-35,0.488499346256362,0.354,0.173,6.7642488674538e-31,"3","POLR3H"
2.2346210616905e-35,0.493197265018507,0.289,0.132,7.49447211669759e-31,"3","ATP5PD"
2.48956538673651e-35,0.511167053264663,0.425,0.227,8.3495043940369e-31,"3","SERP1"
2.60409334416044e-35,0.26832120456668,0.373,0.206,8.73360825764529e-31,"3","PPM1B"
2.71075716448823e-35,0.320195607571522,0.465,0.273,9.09133737826063e-31,"3","SRSF10"
3.20958437372107e-35,0.251365283459147,0.285,0.13,1.07643040725857e-30,"3","CYR61"
3.34701701493599e-35,0.255234089047214,0.473,0.281,1.12252256646923e-30,"3","STAT3"
3.49555448461194e-35,0.315211364088305,0.412,0.229,1.17233906304915e-30,"3","KLF7"
3.51347749076277e-35,0.89603655796509,0.268,0.102,1.17835008085202e-30,"3","FAM173B"
3.88841301295738e-35,0.489362510900477,0.401,0.213,1.30409595628565e-30,"3","TULP3"
4.38941672795975e-35,0.622052111445591,0.26,0.107,1.47212258222314e-30,"3","KATNAL2"
4.53172844578843e-35,0.299831085324206,0.408,0.228,1.51985108614852e-30,"3","IGF1R"
4.55880247807041e-35,0.363064280025792,0.556,0.339,1.52893117509525e-30,"3","PLOD2"
4.56261528168261e-35,0.591078522374241,0.401,0.198,1.53020991317072e-30,"3","CSF1"
4.88072709956652e-35,0.353549147981338,0.397,0.216,1.63689825465262e-30,"3","ATP6V1H"
6.42989025084659e-35,0.805686850239934,0.258,0.096,2.15645659232893e-30,"3","GPR180"
8.9984347722587e-35,0.796805979549532,0.405,0.196,3.01789505392012e-30,"3","RHOT1"
9.09043891498286e-35,0.423684863646068,0.354,0.179,3.04875140330695e-30,"3","CGGBP1"
1.41207933288876e-34,0.409295774559514,0.514,0.303,4.73583166664231e-30,"3","SPART"
1.42872466798406e-34,0.400998120273085,0.437,0.242,4.79165679148494e-30,"3","HCG18"
1.57563328218256e-34,0.50815335810635,0.903,0.705,5.28435890178387e-30,"3","FTL"
1.58428292461468e-34,0.344194673433996,0.357,0.192,5.31336807257272e-30,"3","ICE2"
1.72738067790574e-34,0.273903941469495,0.286,0.14,5.79328931756028e-30,"3","CDH4"
1.75086589991121e-34,0.26278995018987,0.45,0.267,5.87205405512221e-30,"3","FAR1"
2.06812027803556e-34,0.548178612477717,0.328,0.152,6.93606178847565e-30,"3","TSHZ1"
2.77000595440072e-34,0.452639298969114,0.294,0.138,9.29004596986915e-30,"3","PMPCB"
3.03693341090608e-34,0.477185314985252,0.379,0.198,1.01852672734968e-29,"3","NUTM2B-AS1"
3.05290999214529e-34,0.341125263938551,0.911,0.716,1.02388495316569e-29,"3","PDE4DIP"
3.17229092041412e-34,0.312345895236907,0.293,0.148,1.06392292888849e-29,"3","NOTCH2NL"
3.21230733072688e-34,0.735499792984099,0.277,0.115,1.07734363257918e-29,"3","EEF2K"
3.37366612577953e-34,0.503878682225098,0.357,0.177,1.13146014526394e-29,"3","DYNLRB1"
3.49932842637199e-34,0.407062175642939,0.349,0.182,1.17360476763664e-29,"3","ZC3H7A"
4.12317011806029e-34,0.62964997137357,0.352,0.165,1.38282879419506e-29,"3","EXOSC6"
4.37579865751517e-34,1.08500728487267,0.264,0.094,1.46755535375744e-29,"3","CEBPG"
4.59344900298572e-34,0.708505895553024,0.395,0.194,1.54055092662135e-29,"3","OLMALINC"
4.71830112186845e-34,0.373451696294485,0.39,0.209,1.58242383025224e-29,"3","KIAA1958"
5.03292557391257e-34,0.581187536460347,0.32,0.148,1.6879425789788e-29,"3","MCL1"
5.38065602120123e-34,0.570933824931855,0.376,0.184,1.80456441639047e-29,"3","MOB1B"
6.54731047224442e-34,0.276361666224716,0.465,0.277,2.19583698618133e-29,"3","KPNA5"
9.87096071961907e-34,0.621295090411705,0.323,0.15,3.31052280614584e-29,"3","MID1"
1.01041554457868e-33,0.408622149616756,0.425,0.237,3.38873165340799e-29,"3","BCL2"
1.17488285216425e-33,0.341737493332471,0.484,0.287,3.94032210958846e-29,"3","PHC3"
1.38360604365699e-33,0.291889697070654,0.369,0.199,4.6403379492168e-29,"3","HERPUD1"
1.57866480694459e-33,0.296164866279396,0.442,0.252,5.29452602953076e-29,"3","KIF5B"
1.60451736949467e-33,0.352444160200573,0.302,0.149,5.38123035381123e-29,"3","SMTN"
1.68949974382991e-33,0.478654852178806,0.353,0.179,5.66624424085676e-29,"3","NOP56"
2.15411371115937e-33,0.323512168241534,0.337,0.176,7.22446656448628e-29,"3","PPP4R2"
2.80256791472891e-33,0.430627671183961,0.314,0.155,9.39925227241781e-29,"3","PCDHGA10"
3.98245030096816e-33,0.420947345020934,0.303,0.145,1.3356341819387e-28,"3","RPS6KB1"
4.53686606738587e-33,0.280016686976618,0.346,0.19,1.52157414167987e-28,"3","DCUN1D4"
5.21285120439089e-33,0.353231520177796,0.342,0.175,1.74828603692862e-28,"3","YTHDC2"
1.04529165607746e-32,0.596810338552597,0.295,0.132,3.50569915615258e-28,"3","OTUD4"
1.12769216503408e-32,0.476649358974583,0.252,0.113,3.78205398309131e-28,"3","SIRT7"
1.14195905809682e-32,0.377417455119104,0.319,0.158,3.82990228904511e-28,"3","RPL31"
1.62361887724186e-32,0.429468241277443,0.269,0.127,5.44529299049374e-28,"3","FAM92A"
1.80881107932855e-32,0.509786823430566,0.414,0.221,6.06639059785208e-28,"3","MIB1"
2.01948866853239e-32,0.279651306157825,0.386,0.216,6.77296109652393e-28,"3","ZNF605"
2.40324224888833e-32,0.394506217811009,0.271,0.129,8.05999385432168e-28,"3","PLEKHG1"
2.73541271576626e-32,0.283750729606733,0.281,0.142,9.17402716613687e-28,"3","SLC2A1"
3.12797226950988e-32,0.324852024655408,0.336,0.177,1.04905933974822e-27,"3","CC2D1A"
4.85020775358457e-32,0.420518918373883,0.269,0.125,1.62666267639719e-27,"3","KLHL9"
5.72883926782921e-32,0.530473874646801,0.308,0.143,1.92133811364456e-27,"3","CCT8"
5.83510591680021e-32,0.416883038603074,0.341,0.175,1.95697782237645e-27,"3","NDUFA1"
6.15789642953036e-32,0.528736350951276,0.295,0.141,2.06523530453589e-27,"3","PIK3CA"
6.46398210132286e-32,0.344638369719257,0.374,0.205,2.16789031714166e-27,"3","COPA"
7.75167001625794e-32,0.440486252670878,0.293,0.144,2.59975509005259e-27,"3","AC124312.1"
7.82845319520829e-32,0.2880380786306,0.931,0.755,2.62550663260895e-27,"3","DDX5"
9.43630550030265e-32,0.314815346226408,0.329,0.173,3.1647481386915e-27,"3","CUL3"
1.24700102460553e-31,0.643724517658449,0.268,0.115,4.18219203632204e-27,"3","CARS"
1.27423804100911e-31,0.410833625070653,0.373,0.197,4.27353954193635e-27,"3","KLHL21"
1.52801565852388e-31,0.65414090218584,0.336,0.163,5.12465891555738e-27,"3","ZNF471"
1.83823768264878e-31,0.277755590145433,0.379,0.214,6.16508154006748e-27,"3","ASXL2"
2.5984911822433e-31,0.300240504713943,0.289,0.147,8.71481972700757e-27,"3","KBTBD11"
2.720689633779e-31,0.318674729235739,0.288,0.145,9.12464889376801e-27,"3","LUZP1"
3.53148235855273e-31,0.289746034790709,0.507,0.317,1.18438855341142e-26,"3","VGLL4"
4.04508926558042e-31,0.777790611656348,0.28,0.118,1.35664203789036e-26,"3","HDDC2"
4.08615838771559e-31,0.313163865198015,0.327,0.171,1.37041580007205e-26,"3","MAP4K3"
4.32877279713461e-31,0.601974715404588,0.254,0.109,1.45178382070301e-26,"3","ME1"
4.70928047227e-31,0.407980699668069,0.358,0.19,1.57939848478991e-26,"3","SYTL4"
5.41350946826401e-31,0.294652296320892,0.294,0.151,1.81558280546638e-26,"3","TMEM131"
5.53520730621283e-31,0.524315229151493,0.376,0.198,1.85639782635766e-26,"3","PNRC1"
7.4165347763567e-31,0.345175117444616,0.332,0.176,2.48735743329451e-26,"3","NCOA2"
7.64933985760139e-31,0.436893854736473,0.268,0.124,2.56543560144235e-26,"3","FKBP5"
9.00295947673061e-31,0.606971792133628,0.25,0.109,3.01941254930591e-26,"3","CEP152"
9.66985703543775e-31,0.324842230391976,0.273,0.138,3.24307665254511e-26,"3","SFMBT2"
1.18505919306594e-30,0.434546202857618,0.335,0.17,3.97445152170456e-26,"3","WDR82"
1.3073381112085e-30,0.548442964811937,0.461,0.26,4.38455055737105e-26,"3","UBR2"
1.37825281188371e-30,0.256774448757545,0.346,0.19,4.62238428049558e-26,"3","PGK1"
1.45819495327919e-30,0.329412005303271,0.318,0.168,4.89049423430774e-26,"3","IPO5"
2.21326398194794e-30,0.945211763778424,0.272,0.111,7.42284474265701e-26,"3","DCHS2"
2.22050252838366e-30,0.308771605313971,0.348,0.195,7.4471213796931e-26,"3","ELP4"
2.23338035512752e-30,0.433198962706159,0.278,0.133,7.49031103502669e-26,"3","PRR14L"
2.29997990800168e-30,0.363552579258399,0.395,0.22,7.71367261545603e-26,"3","KIAA0232"
2.56168489374196e-30,0.841538490444052,0.28,0.118,8.59137879663177e-26,"3","RNF169"
2.78174939961369e-30,0.38190999872133,0.352,0.191,9.32943113642441e-26,"3","NAA25"
3.26959000724349e-30,0.49130548085412,0.315,0.156,1.09655509662932e-25,"3","IRF2BPL"
3.28376631993442e-30,0.275890931102885,0.319,0.17,1.10130954837961e-25,"3","GNA13"
3.54992385414113e-30,0.293413867329903,0.272,0.138,1.19057346220185e-25,"3","PPARGC1A"
3.60850555763363e-30,0.452935884980915,0.261,0.125,1.21022059391917e-25,"3","FBXO42"
4.52433988163122e-30,0.350100975268815,0.337,0.182,1.51737310950148e-25,"3","LATS1"
4.72311495319792e-30,0.413828710493327,0.314,0.164,1.58403829300352e-25,"3","ZBED5"
5.86910806007071e-30,0.357726211562355,0.332,0.181,1.96838146118652e-25,"3","CDH10"
7.02406362577358e-30,0.657991731776865,0.29,0.133,2.35573045881194e-25,"3","MATR3.1"
7.26794770823385e-30,0.409621524118904,0.288,0.139,2.43752430238747e-25,"3","ALKBH5"
8.29901555903804e-30,0.275087105918533,0.306,0.163,2.78332383819018e-25,"3","RB1"
8.47523278229629e-30,0.322836458514477,0.575,0.376,2.84242357052653e-25,"3","CDC42BPA"
1.15467453460623e-29,0.529807052155849,0.268,0.124,3.87254745416238e-25,"3","PLEKHA8"
1.25015853736621e-29,0.707750026901714,0.264,0.113,4.19278170261878e-25,"3","NADK"
1.26958205745291e-29,0.396068554764422,0.314,0.165,4.25792430428556e-25,"3","RAVER2"
1.43210668820192e-29,0.275800305384479,0.307,0.162,4.80299941089158e-25,"3","CYSTM1"
1.52512437267501e-29,0.685611195137156,0.256,0.112,5.11496212107744e-25,"3","STK17B"
1.53174319121026e-29,0.605838762368025,0.328,0.16,5.13716031468097e-25,"3","RPS27L"
1.97467672808032e-29,0.506755178364838,0.345,0.177,6.62267081063579e-25,"3","NDUFC1"
2.69519896645066e-29,0.42422093652307,0.354,0.189,9.03915829368221e-25,"3","ETNK1"
2.91557118260956e-29,0.417980873405983,0.31,0.159,9.77824263223594e-25,"3","SMARCAD1"
3.09664614656365e-29,0.418410888701118,0.297,0.152,1.03855318463452e-24,"3","BIRC2"
3.41203219375043e-29,0.567712884882347,0.328,0.162,1.14432735714002e-24,"3","SPATS2L"
5.63967295081625e-29,0.546148860292181,0.28,0.133,1.89143351424475e-24,"3","TIMM44"
8.08953145689182e-29,0.809961903595388,0.331,0.155,2.71306706001238e-24,"3","TARS"
8.25419542765833e-29,0.439671460201565,0.362,0.199,2.76829206252805e-24,"3","POLK"
8.33458897003182e-29,0.312134039451312,0.346,0.193,2.79525444876927e-24,"3","MPC1"
1.05692122311004e-28,0.264837851606176,0.37,0.217,3.54470239806645e-24,"3","BAZ1B"
1.08363984533672e-28,0.402995058143609,0.267,0.127,3.63431131329029e-24,"3","PER2"
1.17952427569622e-28,0.337163459680055,0.362,0.201,3.95588851582997e-24,"3","PTCHD1"
1.29113836020437e-28,0.305231827757515,0.359,0.202,4.33021983245342e-24,"3","SYNM"
1.42863378072492e-28,0.676960205920608,0.302,0.141,4.79135197379523e-24,"3","JADE1"
1.76642148281333e-28,0.659845822299835,0.271,0.122,5.92422436905933e-24,"3","ELMSAN1"
1.90703579828274e-28,0.663906362760885,0.286,0.131,6.39581666028066e-24,"3","GKAP1"
2.67580563288383e-28,0.363645364014196,0.357,0.201,8.9741169315658e-24,"3","PNPT1"
2.70280258764026e-28,0.403087912064907,0.366,0.202,9.06465931842792e-24,"3","KAT6A"
3.30188998522526e-28,0.340306299428089,0.276,0.141,1.10738786324485e-23,"3","NPC1"
3.48484900409482e-28,0.475341715863469,0.268,0.126,1.16874865899332e-23,"3","RIDA"
3.59570624119805e-28,0.323175843362559,0.29,0.149,1.205927959173e-23,"3","SNAPC3"
3.92475465801475e-28,0.25094839175293,0.276,0.146,1.31628421720499e-23,"3","RC3H1"
3.95514502635122e-28,0.579817475867843,0.278,0.131,1.32647653893767e-23,"3","MAGI3"
4.25190302448191e-28,0.488387327039698,0.265,0.127,1.42600323635074e-23,"3","ZCCHC8"
4.43105793002076e-28,0.258237640356183,0.299,0.164,1.48608820857036e-23,"3","BICD2"
4.45998293076013e-28,0.383993183885847,0.311,0.163,1.49578907531833e-23,"3","YAF2"
5.49062225976891e-28,0.424668574065108,0.308,0.157,1.8414448934813e-23,"3","ARAP1"
6.30434911284389e-28,0.252000960633776,0.37,0.217,2.11435260546558e-23,"3","RPS6KA2"
6.94370866145196e-28,0.267936367051964,0.363,0.211,2.32878101087776e-23,"3","GAREM1"
7.62557704287398e-28,0.423973604438429,0.282,0.141,2.55746602863908e-23,"3","TMEM170B"
9.24901653096715e-28,0.43780403245958,0.32,0.169,3.10193516415576e-23,"3","FAM135A"
1.02132563119838e-27,0.352667657949268,0.284,0.142,3.42532190191311e-23,"3","FEM1C"
1.14421405144365e-27,0.322698562697517,0.259,0.131,3.8374650857317e-23,"3","CASP7"
1.3535368053833e-27,0.288609700320208,0.35,0.202,4.53949173789451e-23,"3","FLCN"
1.66428963906808e-27,0.318871761976643,0.267,0.134,5.58169459150652e-23,"3","UQCRQ"
1.94312380245919e-27,0.308173546557945,0.354,0.204,6.51684860868762e-23,"3","HOPX"
1.95407777801583e-27,0.317710174641003,0.275,0.144,6.55358605190949e-23,"3","C8orf59"
2.86119494810933e-27,0.310313160515609,0.404,0.24,9.59587561696906e-23,"3","CTDSPL"
3.13523569046988e-27,0.482967205927144,0.305,0.155,1.05149534586979e-22,"3","BCAR3"
3.37746945600857e-27,0.586093175095835,0.328,0.165,1.13273570615616e-22,"3","CHD1"
3.56954328061894e-27,0.391105143869033,0.325,0.174,1.19715342545398e-22,"3","RSBN1L"
4.24151364140324e-27,0.454606423805864,0.278,0.138,1.42251884505382e-22,"3","PRKCSH"
5.52103463742096e-27,0.587257818273312,0.301,0.144,1.85164459669824e-22,"3","MOB4"
5.98514150368409e-27,0.330504772777692,0.366,0.207,2.00729675750557e-22,"3","ATP5MG"
6.74938149675479e-27,0.635989753780795,0.292,0.143,2.26360756638162e-22,"3","GTF2H2"
7.01053726780424e-27,0.416869667431367,0.268,0.13,2.35119398887618e-22,"3","RRBP1"
8.47570749412688e-27,0.368113885538959,0.327,0.179,2.84258277938027e-22,"3","CENPC"
1.26533210893043e-26,0.352920029936362,0.261,0.131,4.24367082693087e-22,"3","ACKR3"
1.50966066921472e-26,0.256759763179372,0.276,0.149,5.06309995241232e-22,"3","ATP5PO"
1.77278275741955e-26,0.479639832999312,0.354,0.191,5.9455588118337e-22,"3","RFX2"
2.35968675119908e-26,0.344809812714761,0.302,0.161,7.91391742617146e-22,"3","AKIRIN1"
2.56037912948106e-26,0.259789897803977,0.32,0.184,8.58699952445358e-22,"3","TCTN1"
2.81833793810872e-26,0.356049929652156,0.282,0.144,9.45214177682901e-22,"3","CA2"
3.13675429026642e-26,0.282144346295443,0.388,0.235,1.05200465386955e-21,"3","SMC5"
3.89001026047938e-26,0.434390141994423,0.282,0.144,1.30463164115957e-21,"3","NPAS2"
5.48480376737072e-26,0.36614254305297,0.251,0.128,1.83949348750079e-21,"3","NOP58"
7.90387124187749e-26,0.400117217817181,0.407,0.238,2.65080033710087e-21,"3","CMYA5"
2.29631933128826e-25,0.454758071379992,0.308,0.164,7.70139577327457e-21,"3","ZBTB1"
2.68848239681237e-25,0.318323538051105,0.34,0.196,9.01663226242931e-21,"3","ATAD2B"
3.30247274494955e-25,0.291419297401927,0.295,0.162,1.10758330920118e-20,"3","RAB3GAP1"
3.8231161764835e-25,0.402271610555186,0.254,0.128,1.28219670326904e-20,"3","COLGALT2"
4.82927836382148e-25,0.671393660571088,0.25,0.113,1.61964337765845e-20,"3","NBPF1"
8.18373750862239e-25,0.450868153989019,0.284,0.145,2.74466188564178e-20,"3","PCID2"
1.21782972511024e-24,0.25397434697292,0.37,0.222,4.08435733207472e-20,"3","MAF"
1.30870503725103e-24,0.269092415368785,0.303,0.169,4.3891349539325e-20,"3","TNRC18"
1.66660565785202e-24,0.620777414742478,0.264,0.126,5.58946205530411e-20,"3","ZFAND3"
2.11655005408653e-24,0.337574455568336,0.28,0.149,7.09848557139539e-20,"3","CEBPZ"
2.21986514304351e-24,0.251940541659806,0.255,0.14,7.44498371673932e-20,"3","DENND4C"
2.59516936893251e-24,0.560240495276882,0.281,0.14,8.70367902952584e-20,"3","SIK2"
2.76066358805501e-24,0.25200717236554,0.301,0.171,9.25871354161888e-20,"3","ATXN2L"
3.22154200634682e-24,0.307634529477972,0.255,0.133,1.0804407580886e-19,"3","UBQLN1"
3.22685512767487e-24,0.267557150953719,0.339,0.199,1.0822226727196e-19,"3","TRPM7"
3.35161216235253e-24,0.409542043831163,0.307,0.166,1.12406368700979e-19,"3","RNF216"
4.2153992170062e-24,0.283176924996268,0.272,0.145,1.41376058939954e-19,"3","SAP18"
4.99946642670467e-24,0.300339926952486,0.315,0.177,1.67672105018821e-19,"3","SEMA4D"
5.50855625731221e-24,0.481044266157608,0.264,0.131,1.84745959757737e-19,"3","JMY"
5.53679946226124e-24,0.656889026404236,0.281,0.136,1.85693180365318e-19,"3","COMMD6"
5.97899797813461e-24,0.263850735796195,0.26,0.141,2.00523634190679e-19,"3","SEM1"
6.59691368579815e-24,0.294902568122062,0.327,0.192,2.21247291194298e-19,"3","DNASE1"
8.69533440053706e-24,0.288191746460647,0.271,0.146,2.91624125125212e-19,"3","CEP97"
1.18557490036611e-23,0.305005139147346,0.264,0.142,3.97618110084785e-19,"3","EIF3F"
1.33378325693506e-23,0.554344208850114,0.295,0.154,4.4732422871088e-19,"3","SNAP23"
1.51872521773908e-23,0.460540804806927,0.285,0.148,5.09350063525333e-19,"3","RNF24"
1.54465235783985e-23,0.408490922303762,0.308,0.168,5.18045507772328e-19,"3","BAIAP2"
1.74937616658456e-23,0.412273172955592,0.29,0.159,5.86705778749131e-19,"3","AC005162.3"
1.88358409048283e-23,0.423353275104989,0.268,0.14,6.31716432266131e-19,"3","CASP8AP2"
2.24442529708349e-23,0.313241722534077,0.286,0.158,7.52735356135862e-19,"3","CRYZL1"
2.492540721122e-23,0.422467101312721,0.293,0.155,8.35948307049895e-19,"3","HEATR5A"
4.49654922313517e-23,0.282655508638469,0.267,0.15,1.50805267845507e-18,"3","FAM198B-AS1"
5.00923371596216e-23,0.430807222828063,0.271,0.141,1.67999680365939e-18,"3","PRKX"
7.91154615703951e-23,0.370734779348857,0.277,0.146,2.65337435014791e-18,"3","MOB1A"
1.3126325627212e-22,0.402045854998757,0.298,0.161,4.40230708885437e-18,"3","SLC41A1"
1.85280960265765e-22,0.430745081490524,0.251,0.13,6.21395284539324e-18,"3","NAA10"
2.4033694498848e-22,0.624097767220294,0.261,0.127,8.06042046102363e-18,"3","TSPYL4"
2.45964014621894e-22,0.372066117555458,0.271,0.146,8.24914112238907e-18,"3","DFFA"
4.53512972532021e-22,0.255086890256803,0.282,0.159,1.52099180727789e-17,"3","UBXN2A"
5.41043413385974e-22,0.323226830230801,0.272,0.149,1.81455139981388e-17,"3","PYGO1"
5.58499709703521e-22,0.269537158114008,0.268,0.149,1.87309632640367e-17,"3","ACSS3"
1.29231039617617e-21,0.433453880039614,0.252,0.133,4.33415060669563e-17,"3","ITGB1BP1"
3.85052133515624e-21,0.467232246293418,0.282,0.15,1.2913878453847e-16,"3","AP5M1"
6.09319847720731e-21,0.326140079774745,0.282,0.158,2.04353690528579e-16,"3","GRSF1"
1.04067477723041e-20,0.259497398024043,0.281,0.163,3.49021506787535e-16,"3","ZBTB16"
1.69072914552682e-20,0.315971778952763,0.264,0.148,5.67036740826783e-16,"3","RYK"
2.46791695801203e-20,0.363803324522806,0.271,0.153,8.27689989378075e-16,"3","PSME4"
2.72363786480553e-20,0.255484457340548,0.254,0.145,9.1345366709848e-16,"3","ATG12"
6.32337285150073e-20,0.367878097968891,0.259,0.142,2.12073278693631e-15,"3","SLC35E2B"
7.54069391145696e-20,0.295962926295644,0.251,0.138,2.52899792402444e-15,"3","PHF20"
2.57927956035067e-19,0.258044477445939,0.265,0.153,8.65038778950407e-15,"3","PPIL4"
2.90688310020624e-19,0.33050861245535,0.256,0.141,9.74910454147168e-15,"3","SNHG25"
5.96758949714572e-19,0.300324360134956,0.261,0.151,2.00141016555273e-14,"3","FAM193A"
1.44172883744211e-18,0.475727705041792,0.382,0.235,4.83527017501336e-14,"3","MT1G"
1.63841507729097e-18,0.46013883375254,0.258,0.139,5.49491648621845e-14,"3","YTHDC1"
2.29214170844158e-18,0.36385670232942,0.25,0.137,7.68738486177138e-14,"3","DIXDC1"
4.28814807604579e-18,0.493841911963213,0.254,0.136,1.43815910174424e-13,"3","NDUFB3"
6.27835312763724e-18,0.460863475000518,0.306,0.175,2.10563407194698e-13,"3","COL27A1"
2.11007766226589e-13,0.334525792224614,0.732,0.588,7.07677846370734e-09,"3","EDNRB"
1.54958347106279e-12,0.440864160080499,0.25,0.147,5.19699304525039e-08,"3","FABP7"
0,4.32406895400444,0.897,0.078,0,"4","GRID2"
0,4.126872430519,0.976,0.162,0,"4","SEPT4"
0,4.29780980642913,0.874,0.082,0,"4","GRIA1"
4.73392155186674e-300,4.27606241896679,0.812,0.079,1.58766261006507e-295,"4","ALDH1A1"
9.09058065824897e-263,4.25295013182104,0.737,0.054,3.04879894116354e-258,"4","GRIA4"
5.47220053610509e-241,4.89655576460035,0.574,0.015,1.83526661579892e-236,"4","VAT1L"
2.19598452553228e-240,5.30418608137233,0.593,0.021,7.36489290173017e-236,"4","DAB2"
6.62072799983086e-224,3.02587668748007,0.844,0.19,2.22045975658328e-219,"4","LCAT"
1.28463768736155e-223,3.64076429724792,0.749,0.101,4.30841787587317e-219,"4","PLEKHH2"
7.89297869624349e-214,3.61796818195854,0.73,0.108,2.64714719514614e-209,"4","MAP2K6"
3.40191277059606e-212,1.62264981482055,0.998,0.822,1.14093350500251e-207,"4","NDRG2"
4.43579419279265e-198,2.33439396872222,0.904,0.241,1.4876766563788e-193,"4","SLC38A1"
8.52815170883693e-198,2.90593733048017,0.786,0.204,2.86017152010973e-193,"4","PDLIM3"
1.51585751921246e-194,4.64424682072138,0.518,0.021,5.08388294793475e-190,"4","ST3GAL6"
3.73753996064125e-161,3.05109250250123,0.636,0.086,1.25349615199986e-156,"4","ZIC1"
3.07619192195535e-160,4.3711640243395,0.46,0.022,1.03169324678539e-155,"4","BLM"
3.21796817241416e-160,4.75782319271191,0.398,0.01,1.07924216566426e-155,"4","TIMP4"
1.12686486900674e-159,4.69867674069111,0.433,0.016,3.7792793976748e-155,"4","PCSK6"
2.83362161991972e-157,3.77339830712009,0.471,0.027,9.50340018888677e-153,"4","DAO"
3.74333043261379e-157,1.67910334123669,0.961,0.604,1.25543816049001e-152,"4","SLC4A4"
1.20524893564367e-156,2.97191928267718,0.679,0.142,4.04216388036174e-152,"4","TRIB2"
1.80895688212803e-156,5.09766670469573,0.396,0.01,6.06687959128099e-152,"4","PAX3"
1.95695515137547e-149,3.32183478755401,0.546,0.057,6.56323618668304e-145,"4","STK32A"
2.30819410439916e-145,2.72015873354116,0.69,0.176,7.74122138733392e-141,"4","RGCC"
4.21485249921276e-144,1.88715495841623,0.884,0.454,1.41357723118598e-139,"4","TUBB2B"
1.13387436554775e-140,4.39144413124141,0.415,0.021,3.80278784717404e-136,"4","LINC01727"
4.38761267202551e-140,4.06703706497366,0.413,0.021,1.47151753794392e-135,"4","LAMA2"
9.79857718261649e-140,3.14715386789424,0.525,0.056,3.28624681550592e-135,"4","KCTD12"
9.70815651775385e-137,2.09824507604563,0.822,0.354,3.25592153292429e-132,"4","FGFR2"
1.26358435984258e-136,3.64564753338542,0.475,0.041,4.23780922604004e-132,"4","KCNJ16"
4.96995486929302e-136,5.41741176918923,0.321,0.005,1.66682346406349e-131,"4","ARHGEF28"
3.98049804876337e-133,4.34494808107481,0.413,0.025,1.33497943559426e-128,"4","WFDC1"
2.26639458367205e-122,1.48764904902431,0.923,0.602,7.60103415471933e-118,"4","SCD5"
3.77989200705217e-121,1.60603058600608,0.914,0.468,1.26770018132516e-116,"4","PTN"
5.27787664660607e-118,4.55476805989968,0.34,0.015,1.77009426973874e-113,"4","KLHDC8A"
6.12865449401635e-118,4.23923429358559,0.351,0.017,2.0554281442032e-113,"4","STON1"
5.60111522885231e-117,3.81524017027107,0.413,0.037,1.87850202545249e-112,"4","XYLT1"
1.88776321740182e-115,2.352223017223,0.649,0.195,6.33118027852222e-111,"4","TCF12"
7.99527649263286e-113,3.07608286231075,0.469,0.058,2.68145583009921e-108,"4","JPH4"
1.0310683521275e-112,1.85269116622146,0.809,0.338,3.45799703936522e-108,"4","NDRG4"
7.01805543745564e-107,3.62281225455216,0.377,0.03,2.35371543261387e-102,"4","KIAA1217"
5.11843629195813e-106,0.998233172321651,1,0.912,1.71662116359692e-101,"4","SLC1A3"
6.1023110404297e-106,3.65277158229704,0.373,0.03,2.04659307673931e-101,"4","SPOCK3"
7.8437166532943e-106,3.9846310855569,0.319,0.015,2.63062569118184e-101,"4","COL22A1"
4.79540762383086e-104,2.66538689841971,0.488,0.074,1.60828380888039e-99,"4","GAS7"
1.9839489553961e-103,5.73154388904898,0.253,0.004,6.65376800660745e-99,"4","AL355306.2"
4.14233983455011e-101,3.23600961278078,0.424,0.053,1.38925793371142e-96,"4","ATP10B"
2.41917415171308e-97,2.44006499113163,0.542,0.114,8.11342627001534e-93,"4","TNR"
6.63901229510247e-97,1.44761893377095,0.876,0.445,2.22659194353147e-92,"4","TRPM3"
2.87532543680811e-96,2.46522425279852,0.516,0.099,9.64326644996704e-92,"4","TRMT9B"
4.44780427623915e-94,2.09156534574946,0.627,0.186,1.49170459816509e-89,"4","PTPRD"
5.1989063688532e-93,3.7409614619778,0.325,0.025,1.74360921798599e-88,"4","TSPAN11"
5.99672846264452e-93,4.04557130325453,0.287,0.015,2.01118279180172e-88,"4","PROX1"
8.80241641948356e-91,3.8043199323654,0.308,0.021,2.9521544187664e-86,"4","FGF14"
3.80894903027085e-90,1.92993911408101,0.662,0.212,1.27744532577224e-85,"4","DGKG"
6.95930089752598e-90,1.6269998225832,0.767,0.399,2.33401033501226e-85,"4","CDC42EP4"
2.06049331529713e-89,3.32359340502379,0.334,0.03,6.91048248084353e-85,"4","IRX2"
1.25644571434352e-87,4.19921042876079,0.298,0.021,4.2138676367653e-83,"4","AL449403.2"
1.75201532844551e-87,1.98840005920264,0.687,0.275,5.87590900854054e-83,"4","PTCH1"
8.40232968849306e-84,3.59589819599924,0.304,0.024,2.8179733309268e-79,"4","GRM5"
9.76995510846467e-82,2.22177707412138,0.542,0.148,3.27664754427688e-77,"4","FNBP1L"
3.42087012381037e-81,4.33869538579468,0.255,0.013,1.14729142212352e-76,"4","KCNT2"
9.72342440856721e-81,3.74771127231819,0.278,0.019,3.26104207814527e-76,"4","C1orf226"
6.4183058812268e-80,2.6846416111933,0.439,0.084,2.15257142644584e-75,"4","NKX2-2"
7.98843731253142e-80,2.10047048195133,0.555,0.152,2.67916210587679e-75,"4","NCKAP5"
2.76730209082948e-79,3.37480868781539,0.33,0.038,9.28097775222392e-75,"4","ADAMTS1"
3.20726079127778e-79,3.4888598491853,0.308,0.029,1.07565112417874e-74,"4","RASSF2"
5.12440305093247e-78,3.69710269198495,0.281,0.022,1.71862229522173e-73,"4","CRNDE"
8.16493323157437e-78,0.875003930441071,0.687,0.258,2.73835530720541e-73,"4","SPARC"
2.54157970460032e-77,2.06660539848741,0.557,0.165,8.52395001328854e-73,"4","ST8SIA1"
4.20078373671668e-76,1.1330515516195,0.959,0.761,1.40885884962004e-71,"4","C1orf61"
9.08846921381711e-76,2.92158645595072,0.298,0.029,3.04809080492998e-71,"4","CLDN11"
7.49738229585409e-75,2.26499510970137,0.505,0.138,2.51447207438354e-70,"4","SMTN"
9.16746036611668e-75,2.03084965659778,0.552,0.173,3.07458285758821e-70,"4","TUBB2A"
1.35382772843157e-73,3.50415522098332,0.287,0.028,4.5404674356138e-69,"4","LRCH1"
3.50153897454775e-73,1.82325577141381,0.602,0.22,1.17434614128382e-68,"4","MCC"
3.69226603817234e-72,1.50806023442429,0.724,0.314,1.23831218388224e-67,"4","FAT3"
2.92017280939289e-71,2.84558461830847,0.349,0.053,9.79367556814186e-67,"4","DCBLD2"
1.65896413170123e-70,3.4194684171258,0.272,0.024,5.56383390489959e-66,"4","NOS1AP"
5.84461043058556e-70,2.07411562402457,0.465,0.11,1.96016544620979e-65,"4","MATN2"
7.29081161669669e-70,1.36578711483578,0.777,0.446,2.44519240000774e-65,"4","LRRC8A"
2.43167986426207e-69,2.30357058006976,0.445,0.106,8.15536792876212e-65,"4","LGALS3"
3.22848422864018e-69,1.29748792124026,0.822,0.473,1.08276904060134e-64,"4","PIK3C2A"
3.71275950431456e-68,2.6378747464891,0.377,0.07,1.24518528255702e-63,"4","TENM1"
1.44328057504587e-67,1.24254996634202,0.792,0.566,4.84047439258883e-63,"4","PEBP1"
9.05971043645046e-67,1.25666851441764,0.846,0.522,3.03844568617675e-62,"4","S100B"
9.94799738307097e-67,1.47021936041049,0.711,0.34,3.33635936233434e-62,"4","PRCP"
1.5508384931052e-66,2.49463525927004,0.383,0.074,5.20120213817621e-62,"4","ETV5"
3.80977460445364e-65,1.591165177603,0.625,0.273,1.27772220684166e-60,"4","CTNNB1"
4.21481304321402e-65,1.75520768795542,0.572,0.215,1.41356399843312e-60,"4","TPI1"
4.33070389036812e-64,1.6967718504853,0.595,0.235,1.45243147075166e-59,"4","SELENOP"
1.18203097187884e-63,1.45790716507583,0.707,0.346,3.96429547348724e-59,"4","FRMD4A"
6.67672337975067e-63,1.32443474929609,0.743,0.501,2.23923948710078e-58,"4","EIF1"
9.64714659996979e-62,2.16501256841854,0.435,0.11,3.23546002669787e-57,"4","ESRRG"
3.62879002794751e-61,1.2737757346656,0.749,0.405,1.21702359957304e-56,"4","SPOCK2"
4.91938776899101e-61,2.36112904239791,0.375,0.078,1.64986426996421e-56,"4","SND1"
3.84712316703504e-60,1.20761821691644,0.799,0.471,1.29024816776021e-55,"4","ABI2"
6.03740081747654e-60,1.3225990250284,0.726,0.409,2.02482348616528e-55,"4","CHL1"
1.68076034327062e-59,2.75254679638597,0.289,0.04,5.63693403926099e-55,"4","PDZD2"
9.494636859602e-59,2.34043313232997,0.347,0.066,3.18431130997332e-54,"4","ABCA5"
8.02200760878239e-58,1.41159284470979,0.668,0.339,2.69042091183344e-53,"4","PHYHIPL"
6.67951223916011e-55,2.60690245576373,0.261,0.035,2.24017481476952e-50,"4","MTSS1"
8.50345032020276e-55,1.44402213563428,0.627,0.478,2.8518871683896e-50,"4","HSPA8"
8.62891589178604e-55,1.65631618144348,0.501,0.165,2.8939658117872e-50,"4","TOGARAM2"
1.00723512185574e-54,2.22722561176313,0.373,0.088,3.37806515167978e-50,"4","STK17A"
1.84605112143985e-54,1.83810708511596,0.482,0.155,6.19128625108495e-50,"4","ZIC2"
2.11715308099293e-54,2.06816037819688,0.405,0.105,7.1005080030341e-50,"4","ZDHHC14"
3.77848749422797e-54,2.44298985622211,0.319,0.06,1.26722913581418e-49,"4","RAPH1"
5.09218672484995e-54,1.41713473728307,0.645,0.318,1.70781758378018e-49,"4","ADGRL3"
9.94397239607376e-54,1.67517480403102,0.529,0.222,3.33500946219522e-49,"4","SEMA6D"
1.40935250992114e-53,1.4060714889053,0.722,0.425,4.72668644777352e-49,"4","TMSB4X"
2.96147023245691e-53,1.49618815802223,0.627,0.309,9.93217886561399e-49,"4","CAMTA1"
3.14204931440537e-52,1.85690379142011,0.448,0.136,1.05378049906527e-47,"4","ZNF704"
6.75067222209655e-52,1.31928192632921,0.651,0.335,2.26404044984674e-47,"4","S1PR1"
1.039684289739e-51,1.95366550620026,0.343,0.075,3.48689317092666e-47,"4","TAGLN3"
2.75505609536682e-51,1.08962152898802,0.807,0.507,9.23990713264123e-47,"4","AMER2"
6.18289270706142e-51,1.99668816598476,0.39,0.105,2.07361855609426e-46,"4","GYG1"
8.69508962835055e-51,1.41402905655755,0.578,0.239,2.91615915955621e-46,"4","TNS3"
8.04155447921821e-50,0.962027271685721,0.85,0.611,2.6969765412402e-45,"4","ACTG1"
1.2607423446497e-49,2.01507269920261,0.379,0.098,4.22827767548618e-45,"4","KCNN2"
5.65068694207389e-49,1.50355978716139,0.557,0.228,1.89512738663274e-44,"4","SLC20A2"
7.05304514745008e-49,1.51095011597981,0.58,0.28,2.36545028155181e-44,"4","ZEB2"
8.24818812124341e-49,1.95032822985133,0.4,0.115,2.76627733210262e-44,"4","AKAP7"
8.56808096910293e-49,0.948091128574685,0.914,0.731,2.87356299541774e-44,"4","MT3"
1.04593938330235e-48,2.39035514080818,0.323,0.072,3.50787150371943e-44,"4","NUAK1"
1.49329508480202e-48,1.71391639569374,0.488,0.181,5.00821305540901e-44,"4","LINC00844"
3.27447138053144e-48,1.10173081109142,0.767,0.462,1.09819221160263e-43,"4","SCG3"
1.35536652852394e-47,1.85792294428001,0.411,0.123,4.54562826336359e-43,"4","RNF182"
1.98260245963949e-47,2.26746795262641,0.34,0.087,6.64925212913893e-43,"4","PATJ"
1.08479010089336e-46,1.44414479302698,0.535,0.219,3.63816904037615e-42,"4","FAM181B"
1.09957177932925e-46,2.3093811688705,0.313,0.07,3.68774383351445e-42,"4","MEIS1"
1.49508746851767e-46,1.97632577924534,0.328,0.076,5.01422435191456e-42,"4","CPNE2"
2.12913706976359e-46,2.12664564297357,0.33,0.078,7.14069990457314e-42,"4","TENT5A"
2.17795704073549e-46,2.09925803569574,0.34,0.086,7.3044323232187e-42,"4","ADAM22"
6.64721530389244e-46,1.26160263550351,0.66,0.353,2.22934306861945e-41,"4","LGI4"
1.22291456110083e-45,1.74086065586621,0.428,0.14,4.10141085501996e-41,"4","DGKZ"
1.52881051413251e-45,1.27872193884069,0.608,0.299,5.12732470229761e-41,"4","PREX1"
5.81435443309353e-45,2.1081343726992,0.313,0.071,1.95001818977091e-40,"4","TMEM108"
9.22480360814246e-45,1.32962046168784,0.503,0.19,3.09381463409882e-40,"4","DPP6"
1.96018343624001e-44,1.81660772866707,0.435,0.163,6.57406320846176e-40,"4","MTMR4"
2.72303848366711e-44,2.37643020285915,0.291,0.062,9.13252646652276e-40,"4","HNMT"
1.21005418248203e-42,2.07297872804001,0.308,0.074,4.05827971720825e-38,"4","GDF10"
1.22019709371205e-42,2.44367529353301,0.268,0.054,4.09229701289148e-38,"4","IFI16"
6.58382208004725e-42,1.63807629527446,0.424,0.145,2.20808224920625e-37,"4","PDE4D"
1.07165054433519e-41,1.12130425750485,0.7,0.447,3.59410159559137e-37,"4","ATP2A2"
1.1901264824005e-41,1.1872543458659,0.638,0.379,3.99144619667481e-37,"4","H3F3A"
1.63959949481712e-41,1.07503578302046,0.69,0.425,5.49888878571765e-37,"4","MARCKS"
2.03435166960643e-41,1.3651425693771,0.557,0.283,6.82280862952605e-37,"4","PPP1R1B"
3.25382917303013e-41,1.68333642312748,0.394,0.126,1.09126922805084e-36,"4","SMAD9"
3.2825151318841e-41,1.83522298927929,0.379,0.121,1.10088992493129e-36,"4","LAMA4"
6.15812643454168e-41,1.24953229314056,0.578,0.28,2.06531244361659e-36,"4","LIMCH1"
6.8832362426337e-41,1.70685351921442,0.441,0.168,2.30849977105449e-36,"4","BCAT2"
7.73373490446297e-41,1.81917200837317,0.39,0.131,2.59374001225879e-36,"4","PLA2G4C"
7.86143218729402e-41,1.4365313645359,0.415,0.14,2.63656712697467e-36,"4","UCHL1"
7.87583510554353e-41,2.19934536125486,0.302,0.076,2.64139757769719e-36,"4","CDK2AP2"
7.31248233595236e-40,1.74834165461161,0.411,0.15,2.4524603258317e-35,"4","GORASP1"
1.27087751404067e-39,2.59419356617282,0.253,0.058,4.2622690065896e-35,"4","GABRA4"
3.73776103460777e-39,2.21299754290828,0.285,0.069,1.25357029578675e-34,"4","MOB3B"
8.22214151025568e-39,1.67584978603445,0.4,0.138,2.75754181970955e-34,"4","FABP7"
1.64132185847629e-38,1.40438143845636,0.445,0.168,5.50466524895777e-34,"4","AKAP6"
2.57866745802386e-38,1.73733600955312,0.358,0.11,8.64833492072041e-34,"4","FSTL5"
2.75492957414907e-38,2.11867785193451,0.278,0.065,9.23948280578116e-34,"4","PBX3"
5.14686073906938e-38,1.17498090889647,0.557,0.254,1.72615415466909e-33,"4","GRM3"
1.18032523247361e-37,1.09976979940043,0.627,0.337,3.95857476467e-33,"4","FAT1"
4.8387303637146e-37,1.58259325251964,0.377,0.125,1.6228133893826e-32,"4","CCDC80"
8.24669761970809e-37,1.97410167068448,0.302,0.081,2.7657774476977e-32,"4","PRTG"
1.50990135716336e-36,1.16141359804741,0.608,0.312,5.06390717165448e-32,"4","RPS6KA5"
3.36353464005225e-36,1.43179819544979,0.488,0.233,1.12806224758072e-31,"4","INSR"
7.20807483615406e-36,1.98870767340229,0.296,0.079,2.41744413854935e-31,"4","PPP1R13B"
1.00085823900931e-35,0.487147369170749,0.97,0.787,3.35667836198943e-31,"4","GLUL"
1.04760788176341e-35,0.737478304389911,0.882,0.655,3.51346731385813e-31,"4","ANK2"
1.30790506142764e-35,1.20409683673544,0.593,0.312,4.38645199501603e-31,"4","MFGE8"
1.56417483302919e-35,1.38470531516226,0.486,0.227,5.24592955501329e-31,"4","SEC14L1"
2.13163826607659e-35,1.88143398481846,0.276,0.069,7.14908841676766e-31,"4","KITLG"
3.00931116903006e-35,1.12712215060587,0.64,0.378,1.0092627798693e-30,"4","GABRB1"
3.70252778095887e-35,1.28190300344528,0.512,0.242,1.24175376717799e-30,"4","MYL6"
4.64794409953678e-35,1.38476144397816,0.518,0.295,1.55882749210265e-30,"4","NUPR1"
3.50046736013534e-34,0.858369424981026,0.758,0.543,1.17398674324219e-29,"4","ENO1"
5.13638672047536e-34,2.01838513221018,0.3,0.096,1.72264137831303e-29,"4","ADAM33"
5.52971782559441e-34,0.552869735395225,0.979,0.861,1.85455676434785e-29,"4","PCDH9"
6.40798769541576e-34,1.64554695375445,0.364,0.13,2.14911091328854e-29,"4","ARHGAP31"
1.22940003237296e-33,1.33463504369704,0.478,0.216,4.12316182857243e-29,"4","CNTNAP3B"
2.96395016693797e-33,0.643444018052206,0.927,0.766,9.94049606987657e-29,"4","PTPRZ1"
4.24417844947965e-33,1.55470965996471,0.388,0.146,1.42341256838649e-28,"4","INPP5F"
4.49789067626555e-33,0.676810134123234,0.685,0.391,1.50850257500594e-28,"4","TUBA1A"
5.48975510979912e-33,1.3566158203267,0.501,0.245,1.84115406872443e-28,"4","MPP6"
8.72446017535237e-33,1.4870282556007,0.422,0.179,2.92600945360968e-28,"4","KLF6"
8.79994205715763e-33,0.908462832570343,0.662,0.394,2.95132456712952e-28,"4","MAP2"
9.57549684206205e-33,1.52971488721235,0.398,0.162,3.21143013089077e-28,"4","OSBPL9"
1.14064502345649e-31,1.44268594912325,0.398,0.156,3.82549527966838e-27,"4","CYP2J2"
3.5469935156737e-31,0.940826352605234,0.638,0.372,1.18959068528664e-26,"4","PDLIM5"
8.59538764224697e-31,1.05133724887999,0.574,0.333,2.88272110745679e-26,"4","MEGF9"
9.76471019351874e-31,0.528735352668433,0.959,0.83,3.27488850470231e-26,"4","DTNA"
2.28266977814935e-30,1.81361117277137,0.302,0.098,7.65561790195727e-26,"4","AC004158.1"
4.00125602418998e-30,0.759137948157425,0.857,0.656,1.34194124539283e-25,"4","ACTB"
4.99645348458204e-30,1.18979350827266,0.525,0.276,1.67571056965912e-25,"4","PDE4B"
7.5338500790659e-30,1.34333635525668,0.403,0.165,2.52670263951712e-25,"4","PHKG1"
9.83253481213313e-30,0.798650298643305,0.754,0.537,3.29763552529321e-25,"4","SELENOW"
1.28545854508805e-29,1.19259771665139,0.505,0.253,4.31117086851632e-25,"4","FIGN"
2.89336269481966e-29,1.1070241838462,0.518,0.272,9.70375980588618e-25,"4","ZBTB18"
4.81090376068681e-29,1.11853170359939,0.469,0.217,1.61348090325914e-24,"4","SCAMP1"
9.70468168292452e-29,0.452791208766503,0.955,0.844,3.25475614281922e-24,"4","GPM6B"
1.5102013430921e-28,1.41952180679248,0.4,0.172,5.06491326446229e-24,"4","RNF217"
2.8992810695838e-28,1.08059178885028,0.512,0.271,9.72360885117016e-24,"4","RFTN2"
3.31063398840165e-28,1.29803773760523,0.415,0.182,1.11032042703015e-23,"4","CDH10"
5.07434225590605e-28,1.25106466899625,0.471,0.237,1.70183290578577e-23,"4","CCS"
5.97681710615381e-28,0.693114247323655,0.809,0.583,2.00450492106187e-23,"4","PREX2"
1.06062437547779e-27,1.66682474900069,0.296,0.1,3.55712203047742e-23,"4","HAP1"
5.54168864098797e-27,1.4163277213699,0.4,0.182,1.85857153641455e-22,"4","ZCCHC24"
6.25216040612129e-27,1.24444141702112,0.385,0.161,2.09684955700496e-22,"4","HIST1H4C"
9.18101062929127e-27,1.08464376057791,0.522,0.286,3.07912734485171e-22,"4","DMD"
9.33565690991136e-27,1.07882837743881,0.463,0.222,3.13099261444607e-22,"4","TMEM170A"
1.02893978860603e-26,1.14481024973861,0.411,0.18,3.45085826302691e-22,"4","C14orf132"
3.31249681709663e-26,1.45341553561546,0.325,0.123,1.11094518251787e-21,"4","AL161772.1"
5.47302467078858e-26,0.935517590831063,0.621,0.382,1.83554301408907e-21,"4","MAGI2"
1.16228314952641e-25,1.40498642379615,0.37,0.166,3.89806522688167e-21,"4","ITPK1"
1.31826586727613e-25,0.584414576287579,0.662,0.403,4.42120006567067e-21,"4","H3F3B"
1.91954811574566e-25,1.62633423379258,0.278,0.093,6.43778047058779e-21,"4","PTCH2"
2.65854999348932e-25,1.20817752676548,0.413,0.193,8.91624496816447e-21,"4","ALDH9A1"
4.101197114083e-25,1.58316161186235,0.283,0.103,1.37545948812116e-20,"4","SELENOM"
4.72591473982108e-25,1.11308359604621,0.448,0.22,1.58497728544119e-20,"4","AES"
6.24779349444613e-25,1.62006543822203,0.657,0.587,2.09538498216734e-20,"4","HSPA1A"
7.44923816524148e-25,0.88830188593505,0.505,0.5,2.49832549585869e-20,"4","HSPA1B"
9.95691638356389e-25,0.771637894156555,0.698,0.473,3.33935061671966e-20,"4","TUT4"
1.08051023069389e-24,1.22338376780779,0.366,0.154,3.62381521170117e-20,"4","WDR49"
1.43510499675724e-24,0.683387391975022,0.844,0.667,4.81305513812444e-20,"4","WSB1"
1.44379723003561e-24,1.02903615021971,0.612,0.401,4.84220715009344e-20,"4","DBI"
3.33051452478671e-24,0.960726684004855,0.546,0.374,1.11698796132297e-19,"4","SLC38A2"
2.01033227885842e-23,0.550867126484317,0.827,0.64,6.74225239683537e-19,"4","SEPT7"
4.04336626161467e-23,0.904896103506601,0.525,0.373,1.35606417682033e-18,"4","OAZ1"
7.14048745204827e-23,0.980052767109542,0.55,0.33,2.39477668166795e-18,"4","ZDHHC21"
8.22333939153677e-23,1.57519477220903,0.261,0.09,2.7579435651336e-18,"4","CAMK4"
8.35144282096834e-23,1.30358267959928,0.351,0.155,2.80090689329636e-18,"4","DENND5A"
1.20240239151104e-22,1.10789776852449,0.43,0.218,4.03261714064972e-18,"4","ATP13A3"
1.36267692850486e-22,0.494628610932414,0.878,0.679,4.57014588281958e-18,"4","GPR37L1"
5.9840033939679e-22,0.68784851750047,0.666,0.434,2.00691505826895e-17,"4","RHOB"
1.040104344059e-21,0.803835920036084,0.743,0.618,3.48830194910507e-17,"4","HSP90AB1"
1.07750328052377e-21,0.805052368995258,0.606,0.381,3.61373050222061e-17,"4","ZFYVE21"
1.47104438335239e-21,1.32802309645001,0.313,0.13,4.93358865288723e-17,"4","RAB11A"
1.50103113315269e-21,0.602577472164432,0.747,0.536,5.03415821436749e-17,"4","MYO6"
1.89383295202997e-21,1.21171433190441,0.302,0.12,6.35153695451812e-17,"4","ANGPT1"
2.74496834910505e-21,1.12701732075682,0.4,0.228,9.2060748492285e-17,"4","ATF4"
2.86589486660773e-21,1.1759440279584,0.272,0.102,9.611638203629e-17,"4","SRPX"
3.09411154656559e-21,0.846426303439238,0.55,0.33,1.03770313048717e-16,"4","MBOAT2"
3.13508982999022e-21,1.00729159379651,0.458,0.251,1.05144642718212e-16,"4","SCRN1"
3.21409141395318e-21,0.921066849102214,0.452,0.376,1.07794197841162e-16,"4","DNAJA1"
3.45191962074366e-21,0.607471844628697,0.737,0.517,1.15770480240501e-16,"4","CRYAB"
4.51637845375709e-21,1.22475708353562,0.351,0.159,1.51470300582105e-16,"4","RUNX1T1"
4.94406268035085e-21,1.02006782896721,0.452,0.24,1.65813974173607e-16,"4","DPY19L3"
5.65933397984319e-21,1.04591374172984,0.43,0.228,1.89802743015981e-16,"4","GSTP1"
5.86211622472033e-21,0.956571672891562,0.385,0.183,1.9660365394467e-16,"4","PTPRG"
6.25002579650801e-21,0.500086919389652,0.904,0.773,2.09613365163286e-16,"4","GPRC5B"
1.45112558165228e-20,0.875117715789798,0.57,0.364,4.8667849757454e-16,"4","CSNK1E"
2.00348976669608e-20,1.24629956322749,0.373,0.196,6.71930397954531e-16,"4","RAB34"
2.16759537812932e-20,1.13572630203039,0.4,0.267,7.2696813791701e-16,"4","DNAJB4"
4.2712639524805e-20,0.885123984460221,0.537,0.339,1.43249650438291e-15,"4","UGP2"
4.76054756203409e-20,1.11550152836085,0.396,0.2,1.59659244135499e-15,"4","ROBO3"
5.01527397812305e-20,0.440392537890268,0.94,0.818,1.68202258678291e-15,"4","QKI"
7.27516196142364e-20,0.909333562297528,0.567,0.39,2.43994381862226e-15,"4","RASSF4"
9.10598083292894e-20,1.27520956806214,0.31,0.134,3.05396385174771e-15,"4","C3orf58"
2.14893711041804e-19,0.648526815316507,0.782,0.628,7.20710528092003e-15,"4","NFIA"
2.51991568679839e-19,0.49336870801377,0.901,0.776,8.45129323038443e-15,"4","HNRNPA2B1"
3.01280654668391e-19,0.93828121049129,0.529,0.348,1.01043505962685e-14,"4","DDIT4"
3.29492376272238e-19,0.977980396719173,0.422,0.223,1.10505153154183e-14,"4","CRIM1"
4.17644560361884e-19,0.732687289261324,0.649,0.444,1.40069632654169e-14,"4","MTSS1L"
4.60404235521879e-19,0.965788060256794,0.435,0.235,1.54410372509328e-14,"4","SSBP2"
5.09360023073614e-19,0.563564720103021,0.737,0.524,1.70829164538429e-14,"4","GABRA2"
5.3142645008174e-19,0.919875701880967,0.497,0.297,1.78229802828414e-14,"4","CLASP1"
6.28896048208815e-19,1.11781313448879,0.373,0.185,2.10919156648272e-14,"4","SEMA6A"
1.14793176336038e-18,0.898687299796411,0.49,0.287,3.84993354795806e-14,"4","RGS12"
1.46216907164356e-18,0.829050331650636,0.334,0.157,4.90382263247816e-14,"4","SNED1"
1.69990134327229e-18,1.19580913807832,0.317,0.142,5.7011291250666e-14,"4","GOLGA7B"
2.38465117728974e-18,0.787361577740803,0.542,0.349,7.99764311839434e-14,"4","CD59"
4.39402653747256e-18,1.49493354911003,0.251,0.104,1.47366862013755e-13,"4","SNRPG"
4.49678024605229e-18,1.34639771830438,0.289,0.131,1.50813015892102e-13,"4","DDIT3"
5.635198440809e-18,1.11394198741195,0.281,0.118,1.88993285307852e-13,"4","TIAM1"
8.09012986000088e-18,0.824798279374021,0.542,0.34,2.7132677524471e-13,"4","WIPF2"
8.35222354695633e-18,1.02989860589692,0.358,0.176,2.80116873317822e-13,"4","ZFAND6"
9.41207690970718e-18,0.928168531668242,0.428,0.242,3.1566223539776e-13,"4","LPIN2"
1.13789289508673e-17,1.16894778662229,0.304,0.14,3.81626519154189e-13,"4","RNF38"
1.38545712248475e-17,1.19887275206259,0.257,0.103,4.64654609738936e-13,"4","TBC1D1"
2.62922774210592e-17,1.00498894287344,0.383,0.202,8.81790400147483e-13,"4","SAMD4A"
2.6899759553873e-17,0.895515946306133,0.39,0.203,9.02164135917794e-13,"4","PWWP2A"
3.26213274273129e-17,0.501553595009215,0.747,0.556,1.09405407925722e-12,"4","HEPN1"
3.44587602166978e-17,1.00812123287398,0.366,0.186,1.15567790014761e-12,"4","MAGED2"
6.27840684222839e-17,1.45382707823715,0.251,0.108,2.10565208674656e-12,"4","GLI2"
6.44042173515622e-17,0.807048140229168,0.52,0.341,2.15998864153669e-12,"4","SEPT8"
8.22649003027885e-17,0.560063752871371,0.734,0.567,2.75900022635492e-12,"4","NR2F1"
1.14720772696227e-16,1.1694171164052,0.276,0.12,3.84750527468608e-12,"4","MSN"
1.80139988808786e-16,1.10330703155288,0.328,0.16,6.04153494466905e-12,"4","PAG1"
2.30320524618013e-16,1.00430744978229,0.3,0.138,7.72448975463892e-12,"4","COLEC12"
2.54275713359742e-16,0.300714759367244,1,0.978,8.52789887465903e-12,"4","MALAT1"
2.5656212083313e-16,1.22739467667291,0.251,0.104,8.6045804085015e-12,"4","LCA5"
2.86841924180201e-16,1.00038015915272,0.332,0.162,9.62010445315558e-12,"4","YPEL3"
3.2543155676663e-16,0.576353262932705,0.675,0.484,1.09143235508392e-11,"4","BMPR1B"
3.32221560602834e-16,0.890896484938965,0.454,0.272,1.11420466994979e-11,"4","PPP2R2B"
3.83402124104416e-16,0.732539118204085,0.559,0.38,1.28585404382139e-11,"4","FZD3"
4.15467394277336e-16,1.0016232640626,0.394,0.218,1.39339454692733e-11,"4","BNIP3"
5.12248653334927e-16,0.891977114480861,0.422,0.259,1.71797953355468e-11,"4","GABARAPL2"
1.16926577741548e-15,0.7422268353406,0.51,0.323,3.92148356429604e-11,"4","KAT2B"
1.20825936477177e-15,0.922548374452583,0.362,0.191,4.05226025757156e-11,"4","PNMA1"
1.32735198806024e-15,0.806965877688434,0.478,0.297,4.45167309755642e-11,"4","AKT2"
1.32890153985125e-15,1.09945231054089,0.306,0.15,4.45686998435312e-11,"4","C8orf59"
1.53387326756589e-15,0.786676552148331,0.456,0.271,5.14430416476248e-11,"4","KIAA0319L"
1.62812756013627e-15,0.560382480436242,0.734,0.582,5.46041421118501e-11,"4","RBM39"
2.20401556910727e-15,1.09421179307682,0.323,0.168,7.39182741567195e-11,"4","LGALS1"
2.64454384529297e-15,0.923725681477269,0.255,0.112,8.86927114834356e-11,"4","KAZN"
2.7988574153871e-15,0.733644736320816,0.398,0.219,9.38680799972524e-11,"4","JUND"
5.09697349889564e-15,0.684654371650846,0.525,0.337,1.70942297205962e-10,"4","WDR11"
5.23114458948555e-15,0.878992768125676,0.43,0.27,1.75442127242166e-10,"4","SMAD5"
8.37114266300891e-15,1.1915193957248,0.274,0.127,2.80751382631993e-10,"4","COTL1"
1.11542565357009e-14,0.772457712019642,0.469,0.301,3.74091455694336e-10,"4","SRP9"
1.12989841095687e-14,0.554104334836314,0.683,0.509,3.78945329066714e-10,"4","GABRG1"
1.20780802447115e-14,1.00546168748798,0.336,0.175,4.05074655247135e-10,"4","KLF12"
1.28509454029914e-14,0.868860092042365,0.34,0.177,4.30995006925525e-10,"4","EIF1B"
1.2918305762245e-14,0.567434849944627,0.668,0.487,4.33254138654171e-10,"4","PRKCA"
1.34571312931106e-14,0.683985817910946,0.61,0.433,4.51325269308344e-10,"4","PSD3"
1.44886254842833e-14,0.768314002563471,0.493,0.358,4.85919521491893e-10,"4","SOD1"
1.67338337787271e-14,1.09014329003216,0.263,0.119,5.61219317270949e-10,"4","EFNB2"
1.90149947593938e-14,0.313686610594545,0.445,0.278,6.3772489424055e-10,"4","DDR2"
2.02418535195071e-14,0.480847238606881,0.859,0.723,6.7887128333723e-10,"4","FTL"
3.08019057054941e-14,0.929316706312048,0.379,0.216,1.03303431355086e-09,"4","COX20"
3.36859713523431e-14,0.998623458529124,0.353,0.212,1.12976010721488e-09,"4","HERPUD1"
3.76352436738891e-14,0.666608066309165,0.441,0.262,1.26221080233489e-09,"4","GNB1"
3.86278216593497e-14,0.768359475118981,0.46,0.284,1.29549988281127e-09,"4","ZNF532"
4.03943318135248e-14,0.789176514586811,0.469,0.293,1.35474510036200e-09,"4","DDX6"
5.14365557963743e-14,0.664936987977983,0.529,0.346,1.7250792082988e-09,"4","ATN1"
5.40967998588549e-14,0.521775120269281,0.482,0.299,1.81429847366628e-09,"4","RPL15"
9.32030441481279e-14,0.765100656182639,0.503,0.447,3.12584369463991e-09,"4","DNAJB1"
1.26188771950839e-13,0.708827145994929,0.445,0.274,4.23211903368723e-09,"4","FAM198B"
1.37864990100243e-13,0.66055321874711,0.486,0.312,4.62371603798196e-09,"4","SRSF3"
1.43166232164195e-13,1.12016858693858,0.263,0.125,4.80150909432277e-09,"4","GNG7"
1.43846000595589e-13,0.744085074833919,0.454,0.284,4.82430716797485e-09,"4","ALDH6A1"
1.46107421417577e-13,0.491179743992848,0.743,0.605,4.90015069950271e-09,"4","AKAP9"
1.6253427483908e-13,0.928157208429896,0.338,0.182,5.45107450955306e-09,"4","RGS20"
1.66085439437516e-13,0.497424862033791,0.475,0.297,5.57017346785541e-09,"4","SCD"
2.0644638407015e-13,1.0955352626596,0.3,0.159,6.92379882894468e-09,"4","SNN"
2.53402503813872e-13,1.1334666062748,0.266,0.13,8.49861317290964e-09,"4","CLIP3"
2.58069272383881e-13,1.00144480283521,0.276,0.134,8.65512725721060e-09,"4","H2AFZ"
2.6218649997202e-13,0.842660614607653,0.332,0.176,8.79321083606162e-09,"4","CBR1"
2.75587594736086e-13,0.711272127493388,0.454,0.283,9.24265675225884e-09,"4","NAV1"
2.76074680220683e-13,0.60547022368768,0.591,0.422,9.25899262524128e-09,"4","IQCK"
2.98683760353287e-13,0.575565720320543,0.495,0.317,1.00172559547285e-08,"4","TMOD2"
3.21539149224961e-13,0.788132542494941,0.36,0.199,1.07837799867067e-08,"4","CAB39L"
3.70896144271592e-13,0.812104435063128,0.411,0.251,1.24391148865807e-08,"4","RAD21"
4.77100980763787e-13,0.806823201956478,0.458,0.309,1.60010126928559e-08,"4","FXYD1"
6.12158451045119e-13,1.08777109579002,0.255,0.121,2.05305701311512e-08,"4","EMP2"
6.70363752335312e-13,0.72931500799777,0.906,0.789,2.24826595258217e-08,"4","HSP90AA1"
7.60760960113466e-13,0.698435834123762,0.45,0.282,2.55144010802854e-08,"4","HADHB"
8.22486873808708e-13,0.888711280528172,0.285,0.142,2.75845647737964e-08,"4","MCRIP1"
1.01142199187508e-12,0.943507615242922,0.296,0.152,3.39210707635063e-08,"4","EPB41L1"
1.46035244760696e-12,0.950273263561457,0.27,0.132,4.89773003878422e-08,"4","CRIP2"
1.67405748340083e-12,0.697100449865554,0.379,0.219,5.6144539878297e-08,"4","CNDP2"
1.80210668040526e-12,0.558256224299025,0.456,0.286,6.04390538474316e-08,"4","SERINC1"
1.9563333447122e-12,0.766475554675351,0.392,0.234,6.56115077149578e-08,"4","SMAD2"
2.08042463237875e-12,1.05107232053535,0.251,0.12,6.97732813207185e-08,"4","VSIG10"
2.24789666173387e-12,1.00692391378866,0.296,0.155,7.53899582412306e-08,"4","FAM198B-AS1"
2.99151395227997e-12,0.492718728658705,0.439,0.273,1.00329394931566e-07,"4","PLSCR4"
3.3551942081277e-12,1.02121881172171,0.285,0.177,1.12526503352187e-07,"4","AHSA1"
3.51725343876378e-12,0.927439120636517,0.27,0.134,1.1796164582926e-07,"4","ADIPOR2"
3.52725145104499e-12,0.448766352754787,0.724,0.559,1.18296959165147e-07,"4","CPEB4"
3.55699150228075e-12,0.560818902530966,0.503,0.332,1.19294381003492e-07,"4","FAIM2"
3.66868716254916e-12,0.700044425001601,0.456,0.296,1.23040430057574e-07,"4","WASF3"
5.66789675237364e-12,0.707019580086595,0.452,0.292,1.90089921281107e-07,"4","TBL1XR1"
7.63982218977773e-12,0.960106763157407,0.259,0.128,2.56224356600766e-07,"4","BROX"
8.48732685886046e-12,1.06360976113552,0.259,0.132,2.84647968192462e-07,"4","PLEKHO2"
8.80862773222105e-12,0.805544642619342,0.375,0.225,2.9542375688323e-07,"4","PARK7"
9.33859727362052e-12,0.823681505710374,0.321,0.178,3.13197875362685e-07,"4","TET2"
1.07933171503374e-11,0.56368267649298,0.574,0.408,3.61986270588017e-07,"4","MAPK1"
1.17009934558848e-11,0.614770283993353,0.48,0.317,3.92427918523465e-07,"4","CARMIL1"
1.51114576498841e-11,0.823125976359038,0.366,0.218,5.06808066661812e-07,"4","ST5"
1.51452673655902e-11,1.03617194484143,0.268,0.14,5.07941976907163e-07,"4","CPQ"
1.54123658798727e-11,0.920792924678808,0.36,0.222,5.16899926879171e-07,"4","NHSL1"
2.1284351912769e-11,1.07581006694922,0.263,0.136,7.13834594450447e-07,"4","SPATA6"
2.17523449876768e-11,0.427911159442496,0.488,0.323,7.29530146196703e-07,"4","RPL3"
2.35285364519339e-11,0.621826332699311,0.516,0.358,7.89100055524959e-07,"4","GRINA"
2.66560076039539e-11,0.612400584426014,0.501,0.345,8.93989183021404e-07,"4","SRGAP1"
3.94150545826076e-11,0.602658392265832,0.499,0.338,1.32190210059149e-06,"4","JMJD1C"
4.29312129485639e-11,0.892957293584058,0.283,0.151,1.43982701986894e-06,"4","VDAC2"
4.64146601641195e-11,0.655013363597882,0.317,0.178,1.55665487258424e-06,"4","CADM3"
4.98445479165962e-11,0.548373314145813,0.428,0.271,1.6716864480268e-06,"4","RPL18"
5.8940852308909e-11,0.645496466810006,0.418,0.265,1.97675830473619e-06,"4","MAML2"
7.06926312226875e-11,0.85339257055285,0.253,0.128,2.37088946594649e-06,"4","DCTN2"
7.5218102679457e-11,0.844845080336156,0.364,0.224,2.52266472766363e-06,"4","MIDN"
7.82613647884221e-11,0.880529584517472,0.293,0.162,2.6247296522741e-06,"4","VPS35"
9.06234508657224e-11,0.853911535833957,0.355,0.219,3.0393292951346e-06,"4","TAF7"
1.00285457574138e-10,0.783325032604101,0.263,0.138,3.36337367612145e-06,"4","SELENOS"
1.01391387950147e-10,0.638279685021843,0.328,0.188,3.40046436907204e-06,"4","SNX27"
1.1883032047017e-10,0.613863287350056,0.46,0.307,3.98533128792857e-06,"4","SPRY2"
1.264323657056e-10,0.618223527005936,0.383,0.235,4.24028868103441e-06,"4","CIPC"
1.26799641286883e-10,0.925898034683246,0.304,0.178,4.25260636947949e-06,"4","NLGN3"
1.92805830350086e-10,0.481593045938584,0.46,0.305,6.46632193828119e-06,"4","EEF2"
2.23892652453904e-10,0.543481435858838,0.529,0.374,7.50891177799903e-06,"4","TRIM8"
2.2431954374644e-10,0.786209326254049,0.332,0.195,7.52322885816811e-06,"4","EIF4H"
2.42359428680196e-10,0.716571751415773,0.385,0.242,8.12825051907641e-06,"4","JARID2"
2.47296627265309e-10,0.656330007739818,0.362,0.219,8.29383428522395e-06,"4","ATXN1"
2.63133506901633e-10,0.839084461445681,0.313,0.186,8.82497155446695e-06,"4","RSBN1L"
2.66378069524177e-10,0.629863645667832,0.413,0.265,8.93378769570184e-06,"4","HADHA"
3.03380563269124e-10,0.757576563685517,0.358,0.221,1.01747773309199e-05,"4","RAB14"
3.07385455043775e-10,0.7710290366097,0.259,0.136,1.03090933912581e-05,"4","LAMTOR5"
3.40406403633667e-10,0.588351033400498,0.503,0.352,1.14165499650659e-05,"4","MAST4"
3.45447326244313e-10,0.637951304900644,0.576,0.474,1.15856124275818e-05,"4","HSPA5"
3.5669617474845e-10,0.350212650693834,0.809,0.669,1.19628763087135e-05,"4","HNRNPU"
3.59660767023274e-10,0.485426268789654,0.602,0.46,1.20623028044266e-05,"4","PAQR8"
3.67092866776034e-10,0.826181170494544,0.296,0.166,1.23115605659346e-05,"4","APPL2"
4.16915382201321e-10,0.592746394910206,0.475,0.327,1.39825080882679e-05,"4","SOX6"
4.1864438954687e-10,0.629419274021368,0.355,0.216,1.40404955366229e-05,"4","DYNC1I2"
4.52510117035499e-10,0.47536492180053,0.576,0.427,1.51762843051366e-05,"4","RPL10"
4.58939230517099e-10,0.893739507177473,0.289,0.167,1.53919039130825e-05,"4","BCAR3"
5.2390498564683e-10,0.712562081552052,0.39,0.247,1.75707254086234e-05,"4","CREBRF"
5.45798650025335e-10,0.935342196941277,0.263,0.145,1.83049951245497e-05,"4","ATP6V1G1"
5.8337035813506e-10,0.505832535917331,0.66,0.514,1.95650750711336e-05,"4","CELF2"
7.68421989832072e-10,0.666043830084456,0.34,0.204,2.5771336694988e-05,"4","NCAM2"
8.14830364968721e-10,0.827177226540781,0.268,0.145,2.7327780780321e-05,"4","TMCC1"
8.58083291864001e-10,0.519576858629521,0.495,0.345,2.87783974425349e-05,"4","SERF2"
1.0369570993666e-09,0.850091587409183,0.289,0.167,3.47774671985571e-05,"4","CCT2"
1.19681916724192e-09,0.671902713166136,0.36,0.222,4.01389212309594e-05,"4","PHYHD1"
1.42565551864714e-09,0.460448594227083,0.632,0.497,4.78136347843879e-05,"4","SRGAP3"
1.47977059788141e-09,0.709676363523536,0.343,0.208,4.96285463117469e-05,"4","HES1"
1.71256262045135e-09,0.673549992942037,0.435,0.301,5.74359251646973e-05,"4","LGR4"
2.06385483958457e-09,0.567052378349452,0.424,0.283,6.92175636099873e-05,"4","CFL1"
2.38104766544956e-09,0.65813142696895,0.458,0.326,7.98555766038472e-05,"4","RSRC2"
2.5154470380562e-09,0.502426615397637,0.608,0.475,8.43630627623287e-05,"4","HNRNPH1"
2.65777537576909e-09,0.622658924383962,0.266,0.148,8.91364705525437e-05,"4","OLFM1"
2.68592518670982e-09,0.365374067206554,0.681,0.536,9.00805589118739e-05,"4","GPBP1"
3.13466027471029e-09,0.45329299703968,0.527,0.381,0.000105130236293234,"4","TECR"
3.13766647863345e-09,0.772155245502808,0.257,0.14,0.000105231058360409,"4","SSBP3"
3.57052782399811e-09,0.751229058011474,0.338,0.209,0.000119748362161249,"4","TMEM144"
4.35140328900522e-09,0.482727073302319,0.544,0.396,0.000145937363506657,"4","RNF213"
4.37319397539052e-09,0.397944571757442,0.537,0.388,0.000146668179546647,"4","KMT2E"
4.49115113927289e-09,0.83615369426584,0.321,0.201,0.000150624226908934,"4","CDC42"
6.59860802787999e-09,0.69121633674606,0.296,0.173,0.000221304116039039,"4","SOBP"
7.12993329157404e-09,0.678474271681295,0.381,0.256,0.00023912370273281,"4","CNBP"
7.49175115399384e-09,0.507113155325467,0.544,0.409,0.000251258350202645,"4","NCOA1"
7.60930561112046e-09,0.850761996860703,0.272,0.16,0.000255200891585758,"4","MAPK1IP1L"
7.6624568481126e-09,0.546506940884453,0.518,0.391,0.000256983477772,"4","HSP90B1"
1.00583789170608e-08,0.35053783448094,0.809,0.687,0.000337337912120386,"4","TNRC6B"
1.00802590682231e-08,0.860290704568637,0.259,0.149,0.000338071728630065,"4","CRYL1"
1.02225854390045e-08,0.455289346976631,0.302,0.184,0.000342845070453334,"4","BEX4"
1.0626690210085e-08,0.357907427042311,0.677,0.533,0.000356397936265829,"4","TRPS1"
1.49442098702389e-08,0.730742936856615,0.263,0.149,0.000501198910628073,"4","NTNG2"
1.63185149003663e-08,0.802203553703121,0.253,0.142,0.000547290352728486,"4","CPEB2"
1.70182633646155e-08,0.474217621169369,0.45,0.31,0.000570758516722475,"4","WBP2"
1.80861046616734e-08,0.505600121310461,0.486,0.345,0.000606571778143201,"4","EPS15"
2.0229010412458e-08,0.572718824041901,0.452,0.434,0.000678440551213015,"4","HSPE1"
2.10277638483884e-08,0.561753162720018,0.343,0.216,0.000705229143947249,"4","HOPX"
2.38656620063252e-08,0.638242635337612,0.398,0.272,0.000800406572368136,"4","DARS"
2.49266453287888e-08,0.402478380883432,0.623,0.485,0.000835989831036918,"4","CADM2"
2.55708350318746e-08,0.55553685871164,0.46,0.326,0.000857594665299009,"4","ZBTB37"
2.87341350825333e-08,0.550492901871916,0.255,0.146,0.000963685422398003,"4","ANXA5"
2.93009745820178e-08,0.602225067831465,0.37,0.243,0.000982696085531714,"4","PDS5B"
3.15376051605792e-08,0.330226730825311,0.938,0.862,0.0010577082018755,"4","CKB"
3.23358552793781e-08,0.561325362039648,0.259,0.149,0.00108447991435978,"4","ARHGDIA"
4.01643662532183e-08,0.492235283760274,0.413,0.282,0.00134703251540044,"4","PCBP1"
4.99165471630742e-08,0.537715547224933,0.415,0.284,0.00167410115875518,"4","SPRED1"
5.10782895053373e-08,0.568800455840967,0.306,0.188,0.00171306367343,"4","ZADH2"
5.21358628217085e-08,0.629251927273138,0.31,0.192,0.00174853256731446,"4","BNIP3L"
5.24254406928276e-08,0.669928027521869,0.34,0.222,0.00175824442995605,"4","RPS7"
5.25945579003262e-08,0.640007426255752,0.377,0.254,0.00176391628286114,"4","BTBD7"
5.28982411775622e-08,0.572290429647553,0.655,0.566,0.00177410121261308,"4","PLCG2"
5.34317132397712e-08,0.48151335579673,0.296,0.18,0.00179199279863545,"4","SMC3"
5.34343583265335e-08,0.403233710319255,0.375,0.248,0.00179208150955528,"4","RPS15"
5.49779036762212e-08,0.50895404249284,0.548,0.441,0.00184384893349311,"4","PTGES3"
5.76861124943574e-08,0.346730610042732,0.664,0.526,0.00193467684083576,"4","FYN"
5.77229541752058e-08,0.282426585417742,0.373,0.252,0.00193591243712805,"4","RPL7A"
5.94269375797337e-08,0.446558116454256,0.565,0.43,0.00199306063254911,"4","NSD3"
6.20687676081538e-08,0.538150911188053,0.396,0.268,0.00208166232804226,"4","TROVE2"
7.17459388442521e-08,0.682094869346992,0.315,0.199,0.00240621529695853,"4","SRSF7"
7.37967425408156e-08,0.678461228386438,0.285,0.172,0.00247499515133388,"4","PHPT1"
7.4892825203102e-08,0.475806564031827,0.497,0.361,0.00251175557166163,"4","SGIP1"
7.91054927228634e-08,0.300229216166649,0.362,0.244,0.00265304001493939,"4","RPS3A"
8.17503576830943e-08,0.358982047157454,0.63,0.492,0.00274174349597562,"4","NPAS3"
9.7202392039848e-08,0.455977513805484,0.531,0.399,0.00325997382423242,"4","SCAF11"
1.32848814093464e-07,0.703745749670082,0.274,0.165,0.00445548352706659,"4","SYNC"
1.4651577748327e-07,0.300501164708425,0.707,0.579,0.00491384614523389,"4","NRCAM"
1.7550977110725e-07,0.530476122225085,0.463,0.341,0.00588624670339495,"4","KPNB1"
1.81807852287693e-07,0.435309759727665,0.413,0.286,0.00609747175002466,"4","P4HA1"
2.04547942024237e-07,0.470396818833525,0.542,0.421,0.00686012887960885,"4","EIF5"
2.0811747610023e-07,0.596413042522166,0.375,0.255,0.00697984391344951,"4","ANAPC16"
2.28606760903619e-07,0.76486879346133,0.272,0.171,0.00766701354718557,"4","IRF2BPL"
2.35513991559546e-07,0.590158592670267,0.31,0.198,0.00789866824892407,"4","SDCBP"
2.35551376940066e-07,0.687766569670574,0.302,0.199,0.00789992207981592,"4","KLF9"
2.36980569504647e-07,0.522087089102125,0.437,0.316,0.00794785434004685,"4","ZNF24"
2.37042926639249e-07,0.486492036225049,0.304,0.191,0.00794994567362714,"4","COX7A2"
2.60994798505963e-07,0.643716689951106,0.308,0.195,0.008753243552293,"4","ETV1"
2.67071285618922e-07,0.620014142285642,0.319,0.206,0.0089570367770874,"4","USP9X"
2.80002121432358e-07,0.318707142629619,0.64,0.509,0.00939071114859842,"4","PAX6"
2.94227771584363e-07,0.379981493248858,0.39,0.269,0.00986781100339637,"4","DDX18"
3.06802766222906e-07,0.539564218082556,0.39,0.268,0.0102895511735838,"4","PHLPP1"
3.1443610736198e-07,0.385453475704423,0.719,0.619,0.0105455581687061,"4","HNRNPDL"
3.22348621914807e-07,0.516430153396277,0.323,0.208,0.0108109280817788,"4","CADM4"
3.62229310690061e-07,0.55041824374808,0.36,0.243,0.0121484466219233,"4","RAB3GAP2"
3.81019217918561e-07,0.75033163329567,0.274,0.17,0.0127786225305527,"4","TSHZ1"
3.82945487863292e-07,0.404681963400848,0.428,0.302,0.0128432257719591,"4","BAALC"
4.03622738806613e-07,0.518628344479424,0.379,0.258,0.0135366994140962,"4","AKT3"
4.80999791416005e-07,0.531117480407275,0.407,0.285,0.01613177100451,"4","LMBRD1"
4.82199744204045e-07,0.560768968264849,0.317,0.206,0.0161720150211153,"4","ELOB"
4.93583325635622e-07,0.529632626519427,0.289,0.181,0.0165537975751675,"4","EIF2S2"
5.13261270783442e-07,0.500692259559719,0.34,0.225,0.0172137564995351,"4","GSTM3"
5.16531500343494e-07,0.690688681856207,0.268,0.163,0.0173234334585201,"4","AC058791.1"
5.65348182918688e-07,0.660305849237359,0.278,0.173,0.018960647358727,"4","TFDP2"
5.83771656859472e-07,0.543436923628133,0.392,0.272,0.019578533827753,"4","SIPA1L1"
6.25985668807304e-07,0.594169835804694,0.3,0.191,0.0209943073604594,"4","RAN"
6.40465071250008e-07,0.458580241055856,0.471,0.348,0.0214799175595828,"4","DYNC1LI2"
6.91419908189083e-07,0.483183651261719,0.465,0.344,0.0231888408808455,"4","MPDZ"
6.96978101930135e-07,0.648440173737402,0.27,0.166,0.0233752515825329,"4","PRH1"
7.10412249481661e-07,0.335931487251817,0.4,0.28,0.0238258060231159,"4","PGAM1"
7.17749421705746e-07,0.586575535054316,0.289,0.182,0.0240718801051673,"4","RPL18A"
7.99323547517759e-07,0.523987254316871,0.364,0.249,0.0268077131366506,"4","SUMO2"
8.17727197224604e-07,0.572897382727934,0.289,0.182,0.0274249347405188,"4","NR2F1-AS1"
8.55846037343688e-07,0.618190160141341,0.251,0.151,0.0287033644004326,"4","COX8A"
1.07324142957912e-06,0.709502132093431,0.31,0.238,0.0359943710652244,"4","STIP1"
1.08632604058207e-06,0.32156985457407,0.707,0.586,0.0364332027490413,"4","NFIB"
1.09755119439571e-06,0.615034592794927,0.328,0.219,0.0368096719576432,"4","KANSL1L"
1.09930835200735e-06,0.624045602151492,0.298,0.197,0.0368686035096223,"4","EMC2"
1.18867795082476e-06,0.696112309740741,0.285,0.182,0.0398658811147609,"4","THRAP3"
1.30337658128154e-06,0.346256698810166,0.57,0.443,0.0437126437830204,"4","CALR"
1.30831985979564e-06,0.402942930592759,0.471,0.348,0.0438784314578263,"4","RSRP1"
1.36228520839866e-06,0.601063482809715,0.349,0.242,0.0456883213192742,"4","MIB1"
1.44609316180786e-06,0.673922396937099,0.298,0.196,0.0484990724607121,"4","EPS8"
1.4657469609691e-06,0.510164112748647,0.302,0.195,0.0491582215769818,"4","ITGB5"
1.5483238846297e-06,0.542452155071905,0.36,0.247,0.0519276864427108,"4","PSMD1"
1.59038597509828e-06,0.565688375197868,0.381,0.277,0.0533383648328463,"4","PCMTD1"
1.6514510384028e-06,0.468925577086986,0.454,0.338,0.055386364925953,"4","NUMA1"
1.69489955454758e-06,0.739312034593804,0.261,0.165,0.0568435412604166,"4","ZNF431"
1.74499496473137e-06,0.469200310310498,0.377,0.262,0.0585236411271606,"4","IL17RB"
1.77219079150849e-06,0.556156238935103,0.323,0.215,0.0594357347656116,"4","ATP5MC3"
1.77263561341289e-06,0.501745587380341,0.283,0.18,0.0594506532026415,"4","NFE2L1"
1.77267543070803e-06,0.43338161363864,0.437,0.318,0.0594519885950858,"4","ATP5F1B"
1.78810979921824e-06,0.301646071379904,0.561,0.436,0.0599696264461813,"4","CD63"
1.98746985692341e-06,0.287815786615249,0.313,0.21,0.0666557640614974,"4","ELAVL3"
1.98933293476188e-06,0.415825679536611,0.48,0.36,0.0667182479660438,"4","SLC27A1"
2.3629361743584e-06,0.634421264897286,0.287,0.185,0.0792481534156319,"4","EIF4A1"
2.37567344593011e-06,0.505325388660473,0.31,0.204,0.0796753360296039,"4","AP2B1"
2.8071629087685e-06,0.51277260902693,0.388,0.278,0.0941466296342779,"4","KLC1"
3.04995447866783e-06,0.314965497492356,0.334,0.228,0.102289373305562,"4","RPL8"
3.13100922792627e-06,0.572899806581471,0.33,0.225,0.105007787486191,"4","MAPRE2"
3.18662197388395e-06,0.594562007455162,0.313,0.209,0.10687292776012,"4","STXBP3"
3.2652609261668e-06,0.48089613386328,0.268,0.17,0.109510320941782,"4","SBDS"
3.2909552263441e-06,0.372179367113015,0.276,0.178,0.110372056381128,"4","CALD1"
3.79005490736742e-06,0.613275313089265,0.291,0.195,0.127110861483289,"4","NDUFC1"
3.84151082175695e-06,0.339901780535305,0.439,0.322,0.128836589940085,"4","PAFAH1B1"
4.06820771600857e-06,0.4792717456824,0.34,0.233,0.136439550379495,"4","SNRNP200"
4.25121225682193e-06,0.511739886339411,0.293,0.192,0.142577156669294,"4","TLE4"
4.27111123695414e-06,0.592420157688185,0.253,0.158,0.143244528664968,"4","RPS26"
4.76849375871319e-06,0.621135985981724,0.319,0.222,0.159925743679723,"4","CLDN12"
5.14761891518082e-06,0.333294205363885,0.33,0.225,0.172640843177334,"4","UBA52"
5.17355189206354e-06,0.502939211376126,0.403,0.296,0.173510583356027,"4","ZNF770"
5.17636015347857e-06,0.468859142237415,0.471,0.389,0.173604766827364,"4","DNAJB6"
5.22451981722284e-06,0.360943091906794,0.537,0.42,0.17521994563002,"4","KANSL1"
5.28835567266518e-06,0.379798675779533,0.48,0.363,0.177360872549845,"4","PCDH17"
5.29954196137199e-06,0.252587836445119,0.576,0.457,0.177736038300494,"4","ID4"
6.18974463695467e-06,0.350628372770543,0.493,0.378,0.207591655634186,"4","EIF4A2"
6.38997848829533e-06,0.339473046694431,0.563,0.447,0.214307098540449,"4","ABI1"
6.59008984770576e-06,0.415810506797152,0.358,0.25,0.221018433312356,"4","MAPK4"
6.75044424200427e-06,0.373478688165041,0.418,0.305,0.226396398988339,"4","PLTP"
6.76203032462316e-06,0.603748264076785,0.298,0.2,0.226784973027212,"4","PTBP2"
6.95074005347496e-06,0.451858970396079,0.336,0.231,0.233113919913443,"4","WDR73"
7.68351827986562e-06,0.602618476715825,0.31,0.221,0.257689836070133,"4","CCT4"
7.73620712566043e-06,0.621774744375699,0.255,0.163,0.259456914580399,"4","KHDC4"
7.77380992839756e-06,0.46593485958227,0.45,0.343,0.260718037378597,"4","BRD2"
7.87220638353012e-06,0.380512746901798,0.355,0.25,0.264018057690833,"4","GDI1"
8.49885561223481e-06,0.373890949355806,0.287,0.193,0.285034619523131,"4","CHD7"
8.61314652141262e-06,0.439555990384901,0.293,0.195,0.288867708035136,"4","COPS6"
9.3240204742858e-06,0.667450127576186,0.296,0.213,0.312708998666597,"4","ARID2"
9.32466436212446e-06,0.338484904284335,0.617,0.503,0.31273059337693,"4","SRSF11"
9.42369394556529e-06,0.406580653668304,0.338,0.234,0.316051847546369,"4","BSDC1"
9.97502850982324e-06,0.478245387641955,0.364,0.263,0.334542506162452,"4","RAMP1"
1.07563871172466e-05,0.587309662192138,0.302,0.206,0.360747711138215,"4","OMG"
1.08462385018119e-05,0.427543004178845,0.33,0.227,0.363761146873766,"4","SSR3"
1.09079053717865e-05,0.644982219432175,0.313,0.218,0.365829330358975,"4","NDUFB2"
1.17311423605288e-05,0.606238796426097,0.334,0.24,0.393439052487414,"4","MYEF2"
1.22752680045043e-05,0.378529558113862,0.325,0.225,0.411687938335066,"4","RACK1"
1.23689761350753e-05,0.406670580776117,0.49,0.381,0.414830721618156,"4","SRI"
1.2642404993564e-05,0.615835435684382,0.278,0.189,0.42400097867415,"4","CRK"
1.37116737898725e-05,0.481805900189408,0.268,0.175,0.459862115564745,"4","HINT1"
1.41345349178528e-05,0.585109388825692,0.298,0.21,0.474044032074947,"4","ELOVL2"
1.45235054298208e-05,0.369043266522054,0.39,0.283,0.487089325105331,"4","YAP1"
1.5548652776093e-05,0.263116697307811,0.642,0.529,0.521470716804608,"4","POGZ"
1.64374988913204e-05,0.518912564949204,0.268,0.175,0.551280837817103,"4","DYNLL2"
1.67937804085223e-05,0.312620934558375,0.527,0.414,0.563229807341021,"4","PBX1"
1.83243433595217e-05,0.258648909401144,0.403,0.296,0.614561827591638,"4","UBL3"
1.8435352741647e-05,0.476341975663518,0.268,0.175,0.618284860249357,"4","ILK"
1.86255326798501e-05,0.345572603376407,0.48,0.37,0.624663115016814,"4","MORF4L1"
1.9219863989056e-05,0.553308140640053,0.315,0.219,0.64459579846496,"4","PPP1R10"
2.05181783223395e-05,0.392802238759832,0.278,0.186,0.688138664574622,"4","ARF1"
2.08792061192171e-05,0.28087547573285,0.3,0.207,0.700246814826303,"4","HLA-C"
2.08820485900363e-05,0.521338946554157,0.325,0.231,0.700342145612638,"4","SSB"
2.25563013919286e-05,0.461493438922631,0.45,0.352,0.756493236082501,"4","PTK2"
2.44405761525108e-05,0.506692839953424,0.293,0.199,0.819688043002906,"4","RPS13"
2.5745215168865e-05,0.636265205624081,0.255,0.168,0.863443026333395,"4","RAB1A"
2.62976819189821e-05,0.626602284182851,0.251,0.163,0.881971656198822,"4","TOR1AIP1"
2.65995569927522e-05,0.545932762864794,0.317,0.224,0.892095942422923,"4","PPM1B"
2.7938115946484e-05,0.362489202005457,0.589,0.494,0.936988532613179,"4","UBB"
2.80289387105435e-05,0.380390842025,0.304,0.21,0.940034546474208,"4","ELP4"
2.86712217894837e-05,0.475166325441351,0.317,0.221,0.961575436375704,"4","DAZAP2"
2.94123444817848e-05,0.25141890398262,0.373,0.272,0.986431209230098,"4","RPS19"
3.20177505487178e-05,0.515145604867564,0.308,0.215,1,"4","MFF"
3.74037261026175e-05,0.370662203748404,0.388,0.285,1,"4","COX6A1"
3.80300473253857e-05,0.407730102515627,0.281,0.19,1,"4","COX5B"
4.07978325827768e-05,0.444548709983366,0.304,0.211,1,"4","HSBP1"
4.32480225438355e-05,0.402369690992854,0.443,0.338,1,"4","KATNBL1"
4.57941746844931e-05,0.351541320767222,0.45,0.345,1,"4","GNAO1"
4.59741788634939e-05,0.369588079968212,0.418,0.317,1,"4","OAT"
4.66570712637508e-05,0.554615750831933,0.278,0.197,1,"4","TNK2"
4.76357345743768e-05,0.27584515238048,0.261,0.177,1,"4","AL078639.1"
4.88978158370563e-05,0.408154099201929,0.319,0.224,1,"4","RAB10"
5.2554816479511e-05,0.477805598304241,0.347,0.254,1,"4","ZNF462"
5.39375991133018e-05,0.410503201453349,0.463,0.36,1,"4","AL391807.1"
5.67215594105716e-05,0.416342055000926,0.266,0.178,1,"4","YWHAQ"
5.75534802393229e-05,0.451136602365625,0.319,0.225,1,"4","PCSK5"
6.0699629947768e-05,0.342756626965504,0.775,0.679,1,"4","ZFP36L1"
6.21352949651278e-05,0.528512667299575,0.272,0.185,1,"4","FEM1B"
6.2961234678882e-05,0.356481186679438,0.503,0.399,1,"4","EGFR"
6.39620648277265e-05,0.531670427259717,0.263,0.178,1,"4","HBP1"
6.86891583586263e-05,0.452023485203341,0.355,0.263,1,"4","UBE2B"
6.93800691569171e-05,0.618474715399071,0.257,0.173,1,"4","ZNF708"
7.13614854323006e-05,0.476018422160803,0.313,0.221,1,"4","TCP1"
7.51922520884979e-05,0.376299791835894,0.308,0.217,1,"4","OLMALINC"
7.60121012560754e-05,0.469645313292809,0.257,0.172,1,"4","XRCC6"
8.58315583842271e-05,0.36924420155035,0.274,0.187,1,"4","COMT"
9.30240959028625e-05,0.363090490958923,0.385,0.378,1,"4","CHORDC1"
0.000102118498598391,0.353662435568953,0.349,0.255,1,"4","CHCHD2"
0.000104377154453719,0.350247058369617,0.552,0.454,1,"4","NF1"
0.000105797331899409,0.520079353983757,0.272,0.19,1,"4","TTYH3"
0.000119857046739249,0.250434857032042,0.39,0.294,1,"4","TMED10"
0.000133705875779715,0.345879402044616,0.313,0.224,1,"4","NDUFA5"
0.00015601391254486,0.382847685552624,0.31,0.222,1,"4","UQCR11"
0.000162037985914939,0.399950283395857,0.373,0.28,1,"4","NR1D2"
0.000162743256272652,0.425061120418864,0.296,0.209,1,"4","SIRT2"
0.000168562206806392,0.422836885392067,0.302,0.215,1,"4","SERBP1"
0.000168904425640012,0.503074589131013,0.257,0.175,1,"4","IFI27L2"
0.000184826552526756,0.262216449980332,0.338,0.25,1,"4","DLC1"
0.000185791424501558,0.286150963546956,0.413,0.317,1,"4","RPL23A"
0.000189127773244203,0.353638425501155,0.482,0.39,1,"4","PDGFRB"
0.000192675195724149,0.491036605368555,0.287,0.213,1,"4","CSNK1D"
0.000193590580694772,0.297826957455566,0.364,0.272,1,"4","ZSCAN18"
0.000196617955511724,0.276111116021359,0.42,0.323,1,"4","HIF1A"
0.000196716234209143,0.285827181482586,0.544,0.445,1,"4","ALDH1L1"
0.00020116406039515,0.431849028855334,0.268,0.185,1,"4","ARL3"
0.000201241776893143,0.587687088577661,0.255,0.179,1,"4","WDR48"
0.000210201881812168,0.490006033376545,0.253,0.173,1,"4","ATP6V0E1"
0.000210689649117821,0.26752866006731,0.527,0.427,1,"4","TEAD1"
0.000216869632905861,0.545859842445474,0.293,0.224,1,"4","CACYBP"
0.000222686084997087,0.296322425621503,0.251,0.175,1,"4","FAM167A"
0.000239890883828047,0.398417402289849,0.323,0.235,1,"4","JAM2"
0.000241258251804568,0.35628133489078,0.281,0.197,1,"4","FAM53C"
0.000243428720536979,0.449581576612549,0.291,0.209,1,"4","RFX2"
0.000245873664277171,0.325670406051832,0.285,0.203,1,"4","PPM1A"
0.000265801328551859,0.46624547736972,0.289,0.207,1,"4","MSANTD4"
0.000272702213062046,0.419208594389964,0.293,0.21,1,"4","ZC3H15"
0.0002745934921787,0.434388221576746,0.261,0.181,1,"4","LFNG"
0.000289899592318678,0.26038977045906,0.445,0.35,1,"4","PJA2"
0.00030708390269437,0.345737486008065,0.36,0.272,1,"4","RPL36"
0.00032224829470613,0.429871143234037,0.338,0.258,1,"4","TERF2IP"
0.000334351290104439,0.292813935955767,0.533,0.437,1,"4","ZHX3"
0.000337204891209237,0.424523341500593,0.39,0.303,1,"4","GPATCH2L"
0.000390629148623002,0.254734632180468,0.304,0.223,1,"4","ZNF644"
0.000395721663775786,0.369325705992935,0.272,0.192,1,"4","PPIB"
0.000431346832259668,0.252735396022487,0.484,0.39,1,"4","ARHGEF26"
0.000440222741033014,0.266378805178144,0.272,0.193,1,"4","TUBB"
0.000448036584564368,0.49106651264802,0.255,0.178,1,"4","CSRNP3"
0.000530112317400893,0.382858159083496,0.398,0.311,1,"4","HMGN1"
0.000533090704311761,0.371191926236771,0.274,0.195,1,"4","C1orf52"
0.000592652839493792,0.381594253606645,0.283,0.204,1,"4","CAMK2D"
0.000619240126994245,0.423314330887737,0.257,0.182,1,"4","CDK9"
0.000632362084620422,0.396965963237321,0.3,0.221,1,"4","MARCKSL1"
0.000662343352214347,0.45876128653366,0.251,0.18,1,"4","ANKH"
0.000665478356880015,0.389017625645576,0.398,0.313,1,"4","POU3F3"
0.000687527672218656,0.351712411614956,0.368,0.285,1,"4","NOVA1"
0.000818753548286758,0.315100984767025,0.296,0.217,1,"4","CCDC66"
0.00083289627960081,0.378507750856872,0.403,0.318,1,"4","ZNF280D"
0.000880890123111612,0.394314700192682,0.325,0.247,1,"4","CAPZA2"
0.000893115065255169,0.321840937701385,0.525,0.445,1,"4","TAOK1"
0.000968374904089986,0.296733619242552,0.375,0.29,1,"4","CHDH"
0.000970990147320326,0.252238217085632,0.272,0.2,1,"4","COX6B1"
0.00100120724983599,0.384646037803335,0.315,0.236,1,"4","PCGF5"
0.00106369637673798,0.434986627831695,0.293,0.217,1,"4","CCDC82"
0.00108966716040278,0.361834129107644,0.285,0.208,1,"4","ETNK1"
0.00119930068818286,0.303500028449172,0.39,0.306,1,"4","EPRS"
0.00134980901846014,0.293182648389892,0.31,0.233,1,"4","CTDSP2"
0.00137680556464947,0.504439953638179,0.253,0.193,1,"4","KLHDC2"
0.00138611359720773,0.323874938187273,0.486,0.403,1,"4","ZFAND5"
0.00142283282321267,0.351392350031204,0.274,0.2,1,"4","CGGBP1"
0.00148210983998658,0.30624212860319,0.433,0.351,1,"4","PER3"
0.00160148288630085,0.339640318558687,0.424,0.346,1,"4","PURA"
0.00175803668350554,0.382574575919739,0.319,0.244,1,"4","ZBTB4"
0.00178704233898409,0.359079972848191,0.351,0.278,1,"4","CCT3"
0.00187627748198917,0.304509304548496,0.527,0.454,1,"4","ANKDD1A"
0.00202489478380667,0.30613587823581,0.278,0.207,1,"4","CPNE3"
0.00203243394128957,0.298865381137405,0.37,0.291,1,"4","HELZ"
0.00208864769242301,0.433052899779179,0.257,0.189,1,"4","ZFP14"
0.00211069923335849,0.293931986388578,0.306,0.231,1,"4","AARS"
0.00213713323296013,0.321818044999959,0.33,0.253,1,"4","UBL5"
0.00219618311672026,0.304807881115456,0.293,0.22,1,"4","XRCC5"
0.00237951326272294,0.388872946859336,0.328,0.257,1,"4","EDEM3"
0.0024249390200867,0.25151022188429,0.325,0.252,1,"4","PPP1R9A"
0.00243599860017283,0.402918337100859,0.289,0.22,1,"4","PNRC1"
0.00278005216538896,0.280384521632509,0.338,0.263,1,"4","HNRNPH3"
0.00282337126983945,0.260422905464306,0.345,0.269,1,"4","SERPINB6"
0.00300058162964796,0.446142367195343,0.272,0.208,1,"4","ARHGEF40"
0.00322297172927248,0.323130113554234,0.33,0.263,1,"4","UBA1"
0.00322807598433671,0.431857572564857,0.261,0.2,1,"4","TMEM50B"
0.00369741191329752,0.324572437681808,0.345,0.273,1,"4","ZFR"
0.00411001369421374,0.41252376268512,0.274,0.211,1,"4","ZNF302"
0.004120822195416,0.266850562229931,0.285,0.216,1,"4","VDAC1"
0.00468885854032223,0.378169806594689,0.272,0.205,1,"4","PTP4A2"
0.00472362698847676,0.357775808560372,0.263,0.199,1,"4","TCEA1"
0.00477099158443755,0.310972959535984,0.266,0.2,1,"4","NELFCD"
0.00478558691134418,0.261347465377133,0.546,0.473,1,"4","BBS2"
0.00565065512421038,0.296396290945575,0.274,0.208,1,"4","NARS"
0.00625090052949381,0.370251142352321,0.253,0.189,1,"4","FAM214A"
0.00638860530231704,0.332215112601205,0.34,0.273,1,"4","ZMAT3"
0.00690500360972121,0.337400267784472,0.253,0.19,1,"4","TPM1"
0.00730971584335946,0.321456773107659,0.285,0.219,1,"4","GRAMD1B"
0.00735470522201552,0.268037468140837,0.366,0.297,1,"4","RERE"
0.00747581022293873,0.250634795756842,0.255,0.194,1,"4","CALCOCO1"
0.00748230586936189,0.257566370869676,0.321,0.253,1,"4","NRDC"
0.00784915980264637,0.261010162653226,0.263,0.201,1,"4","FBXL5"
0.00790556926181713,0.394327483790436,0.255,0.194,1,"4","RPL7L1"
0.00861278978082179,0.358499812359168,0.263,0.202,1,"4","DENND4A"
0.00894739559247205,0.263239253692259,0.313,0.246,1,"4","ATF7IP"
0.0090677147798477,0.281349603782473,0.287,0.223,1,"4","SNX3"
0.00909691370063151,0.255137069056958,0.323,0.256,1,"4","REPS1"
9.9320961647721e-70,3.23663204755973,0.843,0.267,3.33102641174127e-65,"5","SNAP25"
1.172108166062e-57,3.87352318370701,0.676,0.108,3.93101636733873e-53,"5","SYT1"
7.51339926140836e-41,2.22545260227894,0.843,0.404,2.51984384429114e-36,"5","MAP1B"
1.30116491130143e-39,4.67272204061387,0.435,0.037,4.36384687952272e-35,"5","ANK3"
4.0453914025413e-37,3.94214217447264,0.417,0.083,1.3567433685843e-32,"5","MEG3"
4.65249529029332e-32,4.06699936513966,0.398,0.043,1.56035387045858e-27,"5","SCN2A"
2.38140954748491e-30,3.82499086247575,0.417,0.045,7.9867713403549e-26,"5","THY1"
8.74798538362147e-30,2.74580115859304,0.593,0.137,2.93389933795897e-25,"5","ATP1B1"
1.13800265482484e-29,3.3788428263043,0.463,0.076,3.81663330375154e-25,"5","STMN2"
4.04942337990062e-29,4.3762158867886,0.343,0.027,1.35809561315107e-24,"5","GABRA1"
1.71407293616156e-27,3.90480951986029,0.38,0.042,5.74865781329864e-23,"5","PRKCB"
1.83626797529523e-27,2.24388558099656,0.676,0.322,6.15847553554513e-23,"5","CHN1"
1.75361931494622e-25,3.82342228163767,0.333,0.033,5.88128845846663e-21,"5","GABRB2"
1.23746063131423e-24,3.60079280214518,0.38,0.053,4.15019546530167e-20,"5","ENC1"
5.9867087144203e-24,1.37614801154018,0.907,0.732,2.00782236864228e-19,"5","CALM1"
9.32933802985646e-23,3.01494906890518,0.417,0.076,3.12887338845326e-18,"5","VSNL1"
9.98664900480562e-23,2.73164507859358,0.454,0.13,3.34932234323171e-18,"5","STXBP1"
3.14996684195707e-21,4.13726720573524,0.269,0.023,1.05643587945556e-16,"5","DIRAS2"
6.41421874911503e-21,3.56796723356205,0.333,0.056,2.1512006840782e-16,"5","PHYHIP"
3.41714532593355e-20,2.44647795217824,0.5,0.206,1.14604219941159e-15,"5","ATP2B1"
3.4750051251511e-20,2.84668539479875,0.38,0.065,1.16544721887318e-15,"5","GAP43"
7.2006344001655e-20,3.57168618761632,0.287,0.04,2.41494876512751e-15,"5","SYT4"
9.41109060351642e-20,2.11102557960873,0.5,0.227,3.15629156660734e-15,"5","CALM3"
1.80683621437619e-19,3.40045547969574,0.259,0.023,6.05976729577486e-15,"5","SRCIN1"
6.28679870908806e-19,2.4808304490217,0.435,0.108,2.10846655105395e-14,"5","GAS7"
8.85443980921891e-19,2.77543217490178,0.315,0.042,2.96960202321584e-14,"5","SCG5"
1.73063990227283e-18,1.79108673426392,0.5,0.291,5.80422010424262e-14,"5","ZBTB18"
4.63464133462457e-18,2.31979924280714,0.463,0.195,1.55436601080639e-13,"5","YWHAG"
1.19884295002928e-17,2.69214665093982,0.407,0.119,4.0206794858082e-13,"5","YWHAH"
1.21629859753665e-17,3.63964638959118,0.259,0.027,4.07922223641843e-13,"5","SLC17A7"
2.17707070430756e-17,2.52573044258805,0.398,0.113,7.30145972810668e-13,"5","ATP1A1"
2.7439604359326e-17,3.53772676820954,0.269,0.034,9.20269451003076e-13,"5","CELF4"
4.75796526435448e-17,2.63217876337392,0.37,0.1,1.59572639035921e-12,"5","TUBB4A"
1.63293767337892e-16,3.14073698930025,0.296,0.054,5.47654636897821e-12,"5","NRXN3"
1.86563813939693e-16,1.79650035643417,0.602,0.315,6.25697719190941e-12,"5","TUBA1B"
2.38565063410679e-16,1.16024990855441,0.852,0.692,8.00099509666734e-12,"5","CALM2"
6.53982389311495e-16,3.58932991763944,0.269,0.041,2.19332613727289e-11,"5","NSG2"
1.12731325641267e-15,2.41053788727724,0.398,0.12,3.78078319935682e-11,"5","NSF"
1.04764659036066e-14,1.8925471091361,0.37,0.202,3.51359713475159e-10,"5","ETV1"
1.29822697735221e-14,2.99213996853981,0.306,0.059,4.35399363664383e-10,"5","KIF3C"
1.34378822938483e-14,2.06807633917063,0.454,0.158,4.50679696371083e-10,"5","RTN1"
1.47911621739398e-14,2.3815977207004,0.352,0.082,4.96065996989595e-10,"5","BASP1"
2.97788970764422e-14,2.52016988542352,0.343,0.093,9.98724650149719e-10,"5","PCLO"
3.09922209410793e-14,2.52314525095437,0.361,0.095,1.03941710592192e-09,"5","TAGLN3"
3.46182913103641e-14,0.985570680647623,0.972,0.772,1.16102825396699e-09,"5","MT-CO1"
6.4247898335685e-14,2.76029888055847,0.278,0.048,2.1547460143822e-09,"5","RBFOX1"
3.86203176528617e-13,1.95663879061512,0.38,0.181,1.29524821344168e-08,"5","AL078639.1"
6.60762969563992e-13,2.63572050646785,0.296,0.064,2.21606684732372e-08,"5","ATP6V1G2"
8.73585114188314e-13,2.37364489661438,0.296,0.102,2.92982975596477e-08,"5","CAMK4"
1.01642100839005e-12,1.57900385974998,0.528,0.344,3.40887277793855e-08,"5","PPP3CA"
1.12229633538112e-12,2.25333424185395,0.333,0.091,3.7639574496012e-08,"5","CACNA1A"
1.59537779712214e-12,2.69829032205184,0.269,0.05,5.35057805598824e-08,"5","NECAB1"
2.12535235237921e-12,2.83036472967791,0.259,0.047,7.12800671940939e-08,"5","ATP1A3"
2.58594058874713e-12,2.69875536452935,0.287,0.071,8.67272754654014e-08,"5","NAP1L3"
3.60805602396877e-12,2.63699384508885,0.269,0.072,1.21006982931865e-07,"5","CLVS2"
1.04555674696432e-11,1.07441926804566,0.778,0.623,3.50658821796894e-07,"5","GNAS"
1.14823037063023e-11,2.00929948520374,0.38,0.129,3.85093501701966e-07,"5","PEG3"
5.64689140309326e-11,1.17190662444707,0.565,0.385,1.89385443876942e-06,"5","EIF4A2"
5.78012268695726e-11,2.12605932742447,0.389,0.154,1.93853754675173e-06,"5","OLFM1"
6.27249751997016e-11,2.48246416638824,0.259,0.061,2.10367021824759e-06,"5","DNAJC6"
7.57287631755085e-11,2.43515882417738,0.287,0.076,2.5397912593802e-06,"5","DNM1"
1.14913867690823e-10,1.31619111150777,0.491,0.336,3.85398129461482e-06,"5","RPL3"
1.9232383756861e-10,1.47115062671504,0.519,0.333,6.45015686437603e-06,"5","VAMP2"
3.03037112930985e-10,1.81222900225221,0.398,0.157,1.01632586934794e-05,"5","MTURN"
4.26944734392484e-10,1.51447035373658,0.435,0.241,1.43188725020551e-05,"5","CACNB4"
5.16155134742692e-10,2.19677741259819,0.269,0.068,1.73108109090004e-05,"5","RIMS1"
6.16708850514481e-10,2.45227755775469,0.269,0.072,2.06831814285547e-05,"5","TUBA4A"
9.10677007800429e-10,1.67040256032289,0.463,0.222,3.05422854876108e-05,"5","BEX3"
1.15652569223033e-09,2.19568113979501,0.296,0.107,3.87875586660207e-05,"5","FBXW7"
1.665981940949e-09,1.85746433149881,0.324,0.178,5.58737023355477e-05,"5","MEF2C"
1.75807330523028e-09,1.89719602830321,0.315,0.093,5.89622625108133e-05,"5","JPH4"
2.41502390783308e-09,1.86222510696992,0.352,0.138,8.09950718209058e-05,"5","AKAP12"
2.85208565621059e-09,1.67910399139029,0.5,0.296,9.56532487379906e-05,"5","YWHAB"
5.00902628398338e-09,2.05383489572574,0.269,0.071,0.000167992723512235,"5","MLLT11"
5.48527363181185e-09,1.7731784801511,0.389,0.162,0.000183965107063706,"5","ATP6V1E1"
7.42864129129418e-09,1.13633978844676,0.611,0.443,0.000249141771627424,"5","IDS"
1.13316131119855e-08,1.54305308362972,0.407,0.161,0.000380039640549768,"5","UCHL1"
1.25893930638422e-08,2.02025873934337,0.306,0.119,0.000422223064575141,"5","TSPAN5"
1.81883455017857e-08,2.02375919924802,0.269,0.078,0.000610000731438889,"5","BEX1"
2.03705239445935e-08,1.60742187114299,0.417,0.191,0.000683186632053778,"5","STMN1"
2.15763242304452e-08,1.2267072472789,0.509,0.349,0.00072362676204067,"5","PREPL"
2.38313061008906e-08,1.85643272233533,0.25,0.066,0.000799254344011671,"5","SNAP91"
2.58574538858208e-08,1.84806569337019,0.306,0.162,0.000867207288422659,"5","PNMA2"
3.183859983445e-08,2.20938553920613,0.25,0.072,0.00106780296124779,"5","ADCY1"
4.49461836854832e-08,1.86629786507224,0.306,0.103,0.00150740510844374,"5","SYP"
5.41771605976574e-08,2.03416569123506,0.361,0.178,0.00181699361212423,"5","TMSB10"
5.45205025271685e-08,0.720343541815907,0.972,0.911,0.00182850861375618,"5","MT-CO3"
6.45861417332235e-08,1.60682998668,0.361,0.177,0.00216609002144885,"5","TOMM20"
6.7169760127858e-08,1.06858240494099,0.546,0.412,0.0022527394151681,"5","SKP1"
7.30208385161911e-08,1.73587365357785,0.306,0.135,0.00244897288215602,"5","KIF5C"
9.76753144646164e-08,1.92377106299059,0.315,0.149,0.0032758346965143,"5","TSPYL1"
1.18297161835962e-07,1.62623208884265,0.324,0.18,0.00396745021365449,"5","HIST1H4C"
1.30266897396314e-07,1.0180551416681,0.611,0.491,0.00436889120487756,"5","RTN3"
1.49331596557006e-07,1.49152861892553,0.352,0.206,0.00500828308532888,"5","SNRPN"
2.01129683024274e-07,1.4121985636536,0.389,0.189,0.00674548730926809,"5","ATP2B2"
2.05769510069942e-07,1.18982046448637,0.389,0.307,0.0069010978287257,"5","RPL9"
2.17448972333589e-07,2.20653649814318,0.259,0.093,0.00729280363412391,"5","APLP1"
2.2755636328139e-07,1.93036450942888,0.269,0.1,0.00763178531173126,"5","TTLL7"
2.3425764714332e-07,1.32353733932478,0.454,0.244,0.00785653296989267,"5","MAP1A"
3.17169044406887e-07,2.15946648555554,0.278,0.101,0.0106372154113182,"5","ANKS1B"
3.25887280578784e-07,1.71364680146093,0.306,0.122,0.0109296076160513,"5","SUMO1"
3.27962287677919e-07,1.32787611843287,0.454,0.271,0.0109991992041421,"5","ARPP19"
3.61964610506589e-07,0.87321164234198,0.769,0.627,0.01213956910717,"5","HSP90AB1"
4.12645109617974e-07,1.62586239273448,0.315,0.127,0.0138392916863676,"5","SPOCK1"
5.15263123859648e-07,0.874159287809772,0.546,0.448,0.0172808946480049,"5","PSD3"
5.76354542324992e-07,1.22822121251278,0.472,0.314,0.0193297786404956,"5","RPS27A"
7.29430538796638e-07,1.10059998724456,0.5,0.385,0.0244636414101617,"5","OAZ1"
7.472830401679e-07,1.12812434522084,0.62,0.451,0.025062378601151,"5","TMSB4X"
8.65079301111098e-07,1.08782120563378,0.454,0.314,0.029013029600664,"5","RPL15"
8.73638661362775e-07,1.15724273249826,0.472,0.267,0.0293000934247847,"5","ENO2"
8.77896873892883e-07,1.361467021196,0.296,0.225,0.0294429053566195,"5","CYCS"
1.1027538847399e-06,0.830892919529147,0.731,0.585,0.0369841597864069,"5","PEBP1"
1.24956511656471e-06,1.93457057369286,0.287,0.123,0.0419079148793472,"5","GOT1"
1.56345952069821e-06,1.96288418616449,0.25,0.083,0.0524353054051765,"5","CEND1"
1.61573719101792e-06,1.08798846339025,0.398,0.27,0.0541885939123588,"5","CCNI"
2.12447207861716e-06,1.67246827699234,0.324,0.14,0.0712505445726622,"5","NPTXR"
2.12709686222389e-06,1.12138204234527,0.472,0.274,0.0713385745652648,"5","APP"
2.22805429314525e-06,1.10065489050181,0.463,0.3,0.0747244848835054,"5","CSDE1"
2.71758515752163e-06,1.27932160815722,0.37,0.235,0.0911423710129604,"5","RPS21"
2.82867929981031e-06,0.652062672796664,0.278,0.118,0.0948682463570382,"5","GRIA4"
2.95497105108097e-06,0.972378556521591,0.537,0.366,0.0991038191111537,"5","DDX24"
3.08003904172626e-06,1.55739573899383,0.269,0.131,0.103298349381415,"5","TIAM1"
3.26642291604483e-06,1.20687025052081,0.454,0.294,0.109549291758311,"5","CFL1"
3.445956272157e-06,1.04522738341794,0.5,0.378,0.115570481455601,"5","MORF4L1"
3.46013968622225e-06,1.28875777718295,0.352,0.211,0.116046164796522,"5","SUB1"
3.46889219001882e-06,1.78818650751414,0.25,0.088,0.116339706268851,"5","KIF5A"
4.00007044203607e-06,1.08897041211711,0.491,0.34,0.134154362485006,"5","RPL34"
4.57857479234448e-06,1.54916067669636,0.324,0.18,0.153556241385649,"5","MYO5A"
4.60924626745435e-06,1.64207908473591,0.269,0.109,0.154584901317884,"5","ARFGEF3"
5.38778711883621e-06,0.756154180122502,0.519,0.457,0.180695604391529,"5","SEC62"
5.90134430190271e-06,0.680808665923301,0.602,0.507,0.197919285197213,"5","NUCKS1"
6.68495004993622e-06,1.20971831611015,0.444,0.288,0.224199854774761,"5","PGAM1"
6.74666236800803e-06,1.01799864386974,0.472,0.326,0.226269562498253,"5","ATP5F1B"
7.65828070815676e-06,1.31930986443986,0.352,0.205,0.256843418390161,"5","EIF4H"
8.09662718201551e-06,1.28688578306037,0.407,0.231,0.271544682430436,"5","BNIP3"
9.39601989077426e-06,1.59671584923312,0.278,0.137,0.315123715096787,"5","LIN7C"
1.01223177558707e-05,1.26943754865614,0.407,0.228,0.339482292896391,"5","MDH1"
1.20000605495179e-05,0.938856652085172,0.472,0.396,0.402458030709731,"5","PWAR6"
1.29949892145057e-05,1.33685163140625,0.352,0.178,0.435825948276091,"5","NCL"
1.31911000882195e-05,1.59185368389783,0.296,0.189,0.442403114758707,"5","MTPN"
1.40077765944714e-05,1.06333336651062,0.454,0.299,0.469792811425381,"5","SERINC1"
1.52081153286565e-05,0.901460634029217,0.602,0.416,0.510049771892483,"5","MAP2"
1.62394973715199e-05,1.30445977246044,0.343,0.178,0.544640262846034,"5","EIF4B"
1.85218618259598e-05,1.31246547120054,0.333,0.166,0.62118620191904,"5","INPP5F"
1.90738332754468e-05,1.35076013449152,0.306,0.188,0.639698220391934,"5","GLS"
1.93551205157717e-05,0.946915592972676,0.519,0.356,0.649132031857953,"5","PJA2"
2.00139804394121e-05,1.26172645862494,0.38,0.239,0.671228875977002,"5","AES"
2.19135563320265e-05,1.74506074100167,0.278,0.143,0.734936852263504,"5","TOLLIP"
2.40031014062158e-05,1.53466744715467,0.296,0.135,0.805016014961667,"5","DLG2"
2.73873032753863e-05,1.22452972970655,0.444,0.292,0.918515377249906,"5","YWHAZ"
3.0376158699266e-05,1.45031125977521,0.25,0.138,1,"5","ZIC1"
3.03779266491102e-05,0.943283053045781,0.546,0.39,1,"5","CLASP2"
3.45265235264848e-05,1.04969523462073,0.435,0.344,1,"5","RPL13A"
3.92565098330111e-05,0.772865746694571,0.593,0.451,1,"5","TSPAN7"
3.98126125347384e-05,1.0140747353705,0.509,0.36,1,"5","NORAD"
4.12340252465353e-05,1.3882105503384,0.306,0.146,1,"5","FAM168B"
4.24809610123948e-05,1.45930128870851,0.269,0.153,1,"5","NAPB"
4.51525785178538e-05,1.5930696403531,0.259,0.116,1,"5","SEPT3"
5.33364531624707e-05,1.06563820268702,0.426,0.262,1,"5","TERF2IP"
5.43375354540916e-05,1.13530468061489,0.37,0.214,1,"5","RPS3"
5.89622786355209e-05,1.30068722442497,0.333,0.17,1,"5","H2AFV"
6.25738268612924e-05,1.43256459148823,0.269,0.138,1,"5","PPA1"
6.50380191108259e-05,0.602653029464797,0.741,0.605,1,"5","NRXN1"
6.92580863166018e-05,1.50734427248806,0.287,0.145,1,"5","H2AFZ"
7.19991252035564e-05,1.68966853286555,0.259,0.115,1,"5","BEX2"
7.76071351434725e-05,1.46066010012353,0.287,0.14,1,"5","NUDT21"
7.9809506050094e-05,0.973146141809439,0.333,0.243,1,"5","FOXN3"
8.60042790798303e-05,1.19285593620126,0.361,0.23,1,"5","ATP5MG"
9.43123346363755e-05,1.24122562226578,0.352,0.201,1,"5","NPM1"
0.000103114687181205,1.44374971879925,0.315,0.18,1,"5","MLF2"
0.000106791966288123,1.07979306231874,0.398,0.231,1,"5","ATP6V0E2"
0.000108198743359392,0.927726503241917,0.417,0.28,1,"5","RPL24"
0.000110616952702243,0.944821823234203,0.343,0.295,1,"5","RPL35A"
0.000129976084157812,1.34552653093266,0.306,0.185,1,"5","DSTN"
0.000134810039155655,0.719134391886122,0.528,0.484,1,"5","YWHAE"
0.000135077328603753,1.20680654974535,0.398,0.258,1,"5","TGOLN2"
0.00013933859287245,0.659920195310769,0.741,0.618,1,"5","RTN4"
0.0001441819921779,1.33488317551984,0.315,0.172,1,"5","PSIP1"
0.000146893437140538,1.03753310653258,0.426,0.277,1,"5","GNB1"
0.000153364179138721,0.947750759013396,0.343,0.251,1,"5","RPL6"
0.000157856697853505,1.38887163653417,0.278,0.15,1,"5","ATP6V1B2"
0.000157907446787971,1.22338982592245,0.333,0.208,1,"5","SRPK2"
0.000158189228540141,0.732421450154393,0.519,0.382,1,"5","UQCRB"
0.000175106106596896,1.03952231370033,0.352,0.217,1,"5","ELAVL3"
0.000181409930636723,1.19782587584578,0.426,0.332,1,"5","PAFAH1B1"
0.00019731737434673,1.233221488021,0.269,0.123,1,"5","SLC25A4"
0.000211116107549207,0.908540892246484,0.389,0.308,1,"5","NEMF"
0.000212196915256751,0.985243886025642,0.343,0.287,1,"5","UQCR10"
0.00022101756991255,0.739617379208783,0.352,0.357,1,"5","OCIAD1"
0.00022678274150745,0.82064479810578,0.444,0.345,1,"5","RPS23"
0.000231531526913149,1.04449015463249,0.37,0.245,1,"5","CNKSR2"
0.000267235612450784,1.04805586994757,0.38,0.253,1,"5","RPS3A"
0.000285138337054514,1.174342729607,0.324,0.231,1,"5","NDUFA5"
0.000299027897831011,1.12370537374998,0.352,0.192,1,"5","BEX4"
0.00031285107729966,1.29896802414712,0.315,0.181,1,"5","HINT1"
0.000314001203011803,0.813110371489473,0.5,0.375,1,"5","ARL6IP1"
0.000345271253465827,1.0815996725851,0.324,0.17,1,"5","MAP1LC3B"
0.000351108573975014,1.31123211452911,0.306,0.16,1,"5","TCAF1"
0.000356224742915417,1.02245242220835,0.306,0.151,1,"5","NBEA"
0.000359119103088992,1.08551978438078,0.38,0.293,1,"5","RPS18"
0.000359496546855633,1.02225233855415,0.37,0.256,1,"5","RPL14"
0.000363339828755006,0.566470469338716,0.796,0.653,1,"5","PRNP"
0.000373702397096005,0.582312132461181,0.713,0.55,1,"5","GRIA2"
0.000406293248895774,0.856202279495246,0.481,0.397,1,"5","NDUFA4"
0.000407300512327704,0.718988573901433,0.565,0.497,1,"5","CADM2"
0.000448090415891722,1.43168339984029,0.278,0.154,1,"5","PPP2CA"
0.00052093265237795,1.10978465646175,0.306,0.19,1,"5","RPL18A"
0.000529997413146497,0.933554142156653,0.435,0.3,1,"5","USP22"
0.000570690185597778,1.0210062157047,0.296,0.201,1,"5","EIF1AX"
0.000578771982003747,0.822142471735897,0.435,0.336,1,"5","HNRNPC"
0.000581365326853129,1.1390522522781,0.278,0.155,1,"5","NRXN2"
0.000634433214710285,1.09522407924843,0.315,0.184,1,"5","ANKH"
0.000636736317025536,1.03494615534569,0.454,0.312,1,"5","CYFIP2"
0.000639964479758985,1.46865858518964,0.25,0.118,1,"5","NCDN"
0.000667438809238496,0.943999403102371,0.352,0.201,1,"5","DNM3"
0.000669621622606453,0.61900157405985,0.537,0.452,1,"5","RPS27"
0.000684232229343893,1.46772361963881,0.25,0.12,1,"5","ZC3H8"
0.000704568189373098,0.693750842992191,0.5,0.412,1,"5","CLTC"
0.000826669694428296,1.16924944945301,0.287,0.162,1,"5","G3BP2"
0.000845440326509573,1.0952402743578,0.352,0.231,1,"5","RPS7"
0.000879456180194312,1.22889930523457,0.296,0.157,1,"5","COX8A"
0.000880165332816339,1.14397010331569,0.25,0.117,1,"5","PKIA"
0.00092140969179039,1.20979343653623,0.25,0.118,1,"5","DOCK3"
0.000933923822930716,1.34301947697341,0.259,0.14,1,"5","GDAP1"
0.000986300027721724,0.935867039677962,0.361,0.251,1,"5","SECISBP2L"
0.00109135884960688,1.14005144868021,0.269,0.201,1,"5","UBE2K"
0.00109198718586762,0.775949509691388,0.444,0.345,1,"5","RPL11"
0.00123052285839598,0.8758083773594,0.398,0.286,1,"5","KLC1"
0.0012320737227833,0.974897187777756,0.315,0.188,1,"5","CADM3"
0.0012864488784112,1.05709757100756,0.417,0.312,1,"5","ATP5F1A"
0.00128859856782966,1.32634352264168,0.259,0.136,1,"5","CISD1"
0.0012934871608658,1.00832468269617,0.343,0.226,1,"5","ROCK2"
0.00131533897231576,0.96277514585255,0.38,0.232,1,"5","UBA52"
0.001344366017694,0.521785573215126,0.75,0.658,1,"5","GAPDH"
0.00140951978752888,1.0757483567682,0.324,0.211,1,"5","ATP6V0B"
0.00142866384159252,1.03984399239328,0.296,0.184,1,"5","RPL26"
0.00147528967808615,0.624482947320106,0.37,0.368,1,"5","NACA"
0.00150012702016874,1.14101257774046,0.269,0.234,1,"5","MAPRE2"
0.00171361896002222,0.589693935788554,0.824,0.764,1,"5","MT-ND1"
0.00174233730832076,0.778307788619401,0.324,0.258,1,"5","SUMO2"
0.00176297469004129,1.10573988003672,0.287,0.184,1,"5","YWHAQ"
0.00180803669374961,0.978813380639582,0.352,0.279,1,"5","RPL36"
0.00188408894232606,0.450081746063434,0.565,0.535,1,"5","MT-ND5"
0.00189649646196039,0.728272190715113,0.407,0.262,1,"5","GPI"
0.00199529127024327,0.6167463624942,0.639,0.528,1,"5","PTMA"
0.00203212480236047,0.976082430570986,0.352,0.225,1,"5","PPP2R1A"
0.00209663082010248,0.785991943409569,0.306,0.167,1,"5","USP7"
0.0021357781284857,0.839905928332157,0.343,0.282,1,"5","APLP2"
0.00224064488440819,0.929916930330623,0.38,0.253,1,"5","RPS12"
0.00225298902511406,1.06286173252478,0.287,0.156,1,"5","HK1"
0.00244824636459201,0.995818756393673,0.583,0.496,1,"5","MTRNR2L12"
0.00248029729543047,0.570474276964343,0.611,0.506,1,"5","RPL37A"
0.00251388030029112,0.992877670195087,0.296,0.171,1,"5","OXR1"
0.00260495753974161,0.900699760984049,0.407,0.303,1,"5","RPS29"
0.00264834731083095,1.1293360051847,0.306,0.23,1,"5","LMO4"
0.0027355979519717,1.05596968381654,0.361,0.256,1,"5","CAMK2N1"
0.00280098448531053,1.1107562047956,0.259,0.155,1,"5","TMCC1"
0.00297647041713746,0.73078985250732,0.315,0.283,1,"5","ALCAM"
0.00301306059481631,0.403238433834641,0.481,0.48,1,"5","DYNC1H1"
0.00304772307186168,1.25778203417357,0.25,0.151,1,"5","RPL36AL"
0.0031175220701109,0.471483516365859,0.556,0.513,1,"5","SRSF11"
0.00320542607483724,0.903674330320313,0.306,0.216,1,"5","ZC3H15"
0.00324670480195565,1.11661385098192,0.287,0.171,1,"5","SOD2"
0.00328230346830066,1.05819406149804,0.333,0.214,1,"5","ELOB"
0.00335837162329744,1.19394021492753,0.25,0.131,1,"5","PINK1"
0.00336559121509341,1.14148979051557,0.296,0.187,1,"5","TMEM59L"
0.00339765588735702,0.805753551813084,0.417,0.316,1,"5","RPL38"
0.00379344353212968,1.09458826905374,0.278,0.181,1,"5","PPP3CB"
0.00388796377668745,1.4764836797962,0.287,0.183,1,"5","PLCB1"
0.00390854757622852,0.871879227825936,0.361,0.236,1,"5","RPS4X"
0.0039948098343939,0.839068303160578,0.324,0.246,1,"5","RPL7"
0.0039985569857704,1.21148768519513,0.25,0.154,1,"5","NDUFB8"
0.00406778462838777,0.514634017129713,0.898,0.845,1,"5","MT-CO2"
0.00429631616393269,1.00951870203629,0.287,0.162,1,"5","TCEAL4"
0.00441106938787588,1.21170826993073,0.259,0.21,1,"5","PPM1A"
0.00452965452543471,0.458831968576703,0.741,0.661,1,"5","DPYSL2"
0.00470036915163644,0.961404602909991,0.306,0.211,1,"5","CDC42"
0.00497077279401844,0.449443500348065,0.769,0.663,1,"5","SYT11"
0.00498908229224292,0.905501285439167,0.38,0.276,1,"5","FAU"
0.00510900793125789,0.80471658945348,0.417,0.304,1,"5","COX4I1"
0.00511428169117887,0.923571197561124,0.287,0.166,1,"5","AC124312.1"
0.0053558145577783,0.865536139431618,0.315,0.19,1,"5","EIF1B"
0.00566997036921327,0.969403092846831,0.269,0.152,1,"5","AMD1"
0.00571599793341318,0.668242758384433,0.407,0.347,1,"5","FAIM2"
0.00594055341795598,0.903435781304869,0.352,0.263,1,"5","PFN2"
0.00594853286563573,0.83558593544553,0.37,0.261,1,"5","RPL7A"
0.00596133530776153,0.878670204534075,0.259,0.195,1,"5","NDUFB1"
0.00610829305366861,1.08832768715132,0.306,0.199,1,"5","TUBB"
0.00610871256990326,0.323328579008475,0.519,0.539,1,"5","ATRX"
0.00617071702278038,0.531271509215609,0.574,0.503,1,"5","TRIM2"
0.00620245415017601,0.813848167231359,0.259,0.144,1,"5","RAPGEF2"
0.00635284167372952,0.800962583334369,0.315,0.204,1,"5","RPSA"
0.00653921367300696,0.990817882865515,0.315,0.198,1,"5","PRKACB"
0.00665089542031572,0.563004262771559,0.509,0.428,1,"5","HNRNPK"
0.00667380452478167,0.925651343796688,0.296,0.177,1,"5","NUDCD3"
0.00668632972774621,0.492116603140768,0.417,0.41,1,"5","EIF4G2"
0.00671679124406786,0.453841676840059,0.463,0.441,1,"5","RPL10"
0.00679529469108947,0.746284820665436,0.352,0.22,1,"5","VDAC1"
0.00680921149734522,1.13636933140696,0.259,0.152,1,"5","ARHGEF9"
0.00698703167748993,1.0325588657572,0.25,0.142,1,"5","VPS29"
0.00701763604588192,1.1113610966948,0.259,0.177,1,"5","ATP6V1A"
0.00704095378643914,1.09421520932194,0.287,0.182,1,"5","CAPRIN1"
0.00713592872050607,0.900439509796914,0.269,0.15,1,"5","SRP54"
0.00745414279256661,1.00871356076982,0.315,0.202,1,"5","NPTN"
0.00768579895762133,1.12960198828393,0.269,0.155,1,"5","MAN1A2"
0.00791448968522756,0.699592456227528,0.389,0.364,1,"5","PLP1"
0.00835499124979919,0.929645298854516,0.278,0.162,1,"5","RBX1"
0.00867339485613668,1.06306877979223,0.306,0.21,1,"5","RPL27"
0.00957820783965424,0.776560136731032,0.333,0.269,1,"5","EID1"
0.00962458880181655,0.828182274144644,0.306,0.183,1,"5","VDAC3"
0.0097637484194597,0.772399174723346,0.38,0.293,1,"5","COX6A1"
7.19627093856983e-48,7.3725042973925,0.73,0.006,2.41348534737755e-43,"6","CSF1R"
1.8838481038919e-41,6.68674965134069,0.676,0.007,6.31804977083266e-37,"6","C1QB"
5.07337269080225e-30,7.2605254973231,0.459,0.003,1.70150773304126e-25,"6","ADAM28"
1.9628052809318e-29,6.81361749472071,0.514,0.006,6.58285635118909e-25,"6","LAPTM5"
5.17042096333673e-29,5.47054916779186,0.595,0.015,1.73405578268387e-24,"6","A2M"
5.3572569157413e-29,5.14465517133648,0.703,0.044,1.79671682440132e-24,"6","CD74"
2.71861519982148e-28,7.48724259930418,0.432,0.002,9.11769165716129e-24,"6","CYBB"
5.60806463469703e-25,7.03075602919015,0.432,0.005,1.88083271718469e-20,"6","CX3CR1"
1.71400959650456e-24,8.01636103740616,0.378,0.002,5.74844538475698e-20,"6","MS4A6A"
3.47254370547225e-24,7.28602170710592,0.351,0.001,1.16462170794128e-19,"6","SYK"
4.00953415568958e-24,5.81177048493216,0.405,0.004,1.34471756513517e-19,"6","SLCO2B1"
1.24975654329935e-23,8.56050523286239,0.324,0.001,4.19143349491735e-19,"6","APBB1IP"
1.64871515625638e-23,6.45485398781924,0.405,0.004,5.52946089105266e-19,"6","FYB1"
2.03860690197465e-22,7.20560954500223,0.378,0.004,6.83707982784259e-18,"6","SELPLG"
3.25815101695352e-21,4.24704778708171,0.568,0.03,1.09271868806587e-16,"6","ST6GAL1"
2.17883745731221e-20,6.28181028777528,0.378,0.006,7.30738506433368e-16,"6","PTPRC"
2.38052260308184e-20,8.43468497297019,0.297,0.001,7.98379670621587e-16,"6","TFEC"
4.45336253216944e-20,7.07836924175006,0.324,0.002,1.49356872603899e-15,"6","NCKAP1L"
4.8062417668603e-20,7.20314370560837,0.324,0.002,1.61191736376961e-15,"6","GPR34"
6.45934017567115e-19,6.45523318796574,0.324,0.003,2.16633350811659e-14,"6","TLR7"
3.40219328734617e-18,6.09700676321784,0.351,0.006,1.14102758471016e-13,"6","POU2F2"
3.89316150794483e-18,7.57708657021784,0.297,0.002,1.30568850653454e-13,"6","P2RY12"
1.61359778471149e-17,6.57739953409607,0.297,0.003,5.4116842503654e-13,"6","MS4A7"
1.99553068906283e-17,5.3018254822782,0.351,0.007,6.69261082497893e-13,"6","C1QC"
5.70523159224722e-17,3.6878873039642,0.595,0.07,1.91342057140787e-12,"6","C3"
7.45941727383667e-17,5.37342864229075,0.297,0.003,2.50173936529934e-12,"6","FCGR3A"
8.69328050734337e-17,6.49033269648133,0.27,0.002,2.91555241655282e-12,"6","SLA"
1.42528433165974e-16,5.23454770054839,0.324,0.006,4.78011859152045e-12,"6","LAT2"
1.9881373101973e-16,5.42092352654967,0.324,0.006,6.6678149109397e-12,"6","C1QA"
3.32178315595182e-16,5.33109764884222,0.378,0.013,1.11405963484312e-11,"6","RHBDF2"
3.59170242462264e-16,6.18516115145623,0.297,0.004,1.20458515916994e-11,"6","ST8SIA4"
7.31689882718047e-16,6.57685607171594,0.27,0.003,2.45394152865979e-11,"6","HCLS1"
7.99784561079992e-16,4.61857464728859,0.405,0.018,2.68231746095008e-11,"6","LPAR6"
1.29584388734117e-15,6.4418312321354,0.27,0.003,4.34600122936481e-11,"6","ITGB2"
1.84058248489864e-15,6.11610218379533,0.297,0.005,6.17294553785305e-11,"6","HLA-DMB"
7.0126970894234e-15,4.20842573764924,0.486,0.06,2.35191834985082e-10,"6","HLA-DRA"
8.95644641595256e-15,4.2575466038413,0.405,0.021,3.00381299898217e-10,"6","ADAP2"
9.83521560427517e-14,5.82408868691669,0.297,0.008,3.29853460936181e-09,"6","CTSS"
1.73311271861304e-13,4.98455020398235,0.27,0.005,5.81251343568441e-09,"6","CSF2RA"
2.41865700642839e-13,5.09456861398176,0.297,0.008,8.11169186815952e-09,"6","MARCH1"
3.53555040678686e-13,4.5768839338201,0.297,0.009,1.18575289542818e-08,"6","RUNX1"
3.60564914898067e-13,4.54269082462293,0.378,0.023,1.20926261158514e-08,"6","HLA-DRB1"
5.16328861646197e-13,3.08244114495342,0.459,0.044,1.73166373618901e-08,"6","SRGAP2"
9.73483777394262e-13,5.16003616662317,0.27,0.006,3.26486989262488e-08,"6","LST1"
1.03089179954323e-12,4.03452268663635,0.351,0.018,3.45740491730808e-08,"6","SLC2A5"
1.30655681436661e-12,2.86870384020702,0.568,0.088,4.38193024402273e-08,"6","RNASET2"
1.54742662214963e-12,4.75792556954083,0.324,0.015,5.18975940536543e-08,"6","CD14"
2.45862179706881e-12,2.67582221067239,0.432,0.043,8.24572578300937e-08,"6","INPP5D"
5.88949503890756e-12,4.76958247539792,0.27,0.008,1.97521884614882e-07,"6","FGL2"
1.06215467350738e-11,3.89822868812631,0.405,0.076,3.56225434400904e-07,"6","SPP1"
1.78458538561851e-11,4.33074983593398,0.297,0.013,5.98514246628735e-07,"6","CIITA"
2.12097280764357e-11,4.23885039466785,0.351,0.025,7.11331860227499e-07,"6","HLA-DPA1"
4.39586130373477e-11,3.23150491594119,0.486,0.072,1.47428396404657e-06,"6","IFI16"
4.88417192663602e-11,3.93098242925671,0.27,0.01,1.63805358075519e-06,"6","CTSC"
1.13800910446982e-10,2.28431344577465,0.649,0.177,3.81665493457089e-06,"6","MEF2C"
2.96672149463422e-10,4.39447146624025,0.27,0.012,9.94979054870426e-06,"6","DENND3"
5.03481970380821e-10,3.82670868695156,0.351,0.034,1.6885778322632e-05,"6","SRGAP2B"
1.54517846490227e-09,3.18853563990485,0.351,0.034,5.18221953558922e-05,"6","IL13RA1"
5.17933421041919e-09,4.08254174004434,0.324,0.032,0.000173704510749039,"6","HLA-DPB1"
6.89934843525708e-08,3.18505817311956,0.351,0.051,0.00231390347821652,"6","SLC4A7"
9.79244553470613e-08,1.95934011354376,0.459,0.099,0.00328419038342974,"6","ARHGAP24"
1.02309674591546e-07,1.69734149680797,0.703,0.283,0.00343126186645127,"6","CTSB"
1.40493658344421e-07,2.38870299537189,0.351,0.052,0.0047118763135552,"6","CTSZ"
1.55670345596234e-07,2.02925123207625,0.514,0.129,0.00522087205060648,"6","IFNGR1"
1.95656094830031e-07,1.19998565304853,0.865,0.451,0.00656191410840958,"6","TMSB4X"
2.78509623043827e-07,1.60158965536939,0.432,0.1,0.00934065573764387,"6","KCTD12"
8.01245142707723e-07,2.07034483942931,0.514,0.15,0.0268721595961316,"6","PLXDC2"
8.80087351358641e-07,2.51370959005805,0.27,0.033,0.0295163695898661,"6","FMNL3"
1.09013169663335e-06,1.314224795799,0.649,0.24,0.0365608368416894,"6","EPB41L2"
1.5916949556961e-06,2.81030264038694,0.405,0.098,0.0533822654241358,"6","MGAT4A"
1.73125826812573e-06,1.93556083797598,0.514,0.15,0.0580629397964009,"6","NRIP1"
2.13076288850413e-06,2.01923906342709,0.432,0.104,0.0714615257546516,"6","ADPGK"
2.67415974852302e-06,2.84410583098281,0.324,0.058,0.089685969645965,"6","TGFBR1"
2.74432964425345e-06,1.77964295682139,0.676,0.279,0.0920393276089721,"6","RPS19"
2.89387472790162e-06,1.69489784674092,0.595,0.215,0.0970547706243646,"6","RPS3"
3.04944069016761e-06,0.954757579091658,0.568,0.216,0.102272141866841,"6","RICTOR"
3.16921437249445e-06,1.34765160084943,0.568,0.192,0.106289111624719,"6","HLA-E"
6.75483553947465e-06,0.95544378031453,0.649,0.268,0.226543674322901,"6","UTRN"
7.32747610567235e-06,2.26993423043818,0.324,0.061,0.245748893632039,"6","KCNQ1OT1"
7.4427360166655e-06,1.30742892506645,0.73,0.348,0.249614480526928,"6","B2M"
7.53501457704356e-06,0.871494829327532,0.649,0.285,0.252709318884887,"6","PDXK"
8.77720004232994e-06,3.09430199956144,0.27,0.04,0.294369735019661,"6","MIS18BP1"
8.87279618460019e-06,1.40399652918226,0.514,0.17,0.297575838439121,"6","MKNK1"
9.37615417750858e-06,1.71312606395609,0.459,0.132,0.314457458805283,"6","CYFIP1"
9.43223193923044e-06,2.47001902175614,0.27,0.04,0.31633819477791,"6","TRIM22"
1.10241743927755e-05,0.269978926287572,0.595,0.295,0.369728760784903,"6","NUMB"
1.5181140881763e-05,0.398718423359296,0.514,0.231,0.509145102892567,"6","ZFC3H1"
1.58944889084441e-05,0.751137084274419,0.649,0.297,0.5330693690114,"6","PHF20L1"
1.60532482519325e-05,2.05493222216779,0.405,0.11,0.538393839873311,"6","HLA-B"
2.01644668110473e-05,0.996958313492348,0.514,0.191,0.676275887908904,"6","EVL"
2.04757239072394e-05,0.574541779286619,0.757,0.403,0.686714828400994,"6","NIPBL"
2.2566399664081e-05,0.336726262303291,0.649,0.319,0.756831911933948,"6","TUBA1B"
2.38930115926994e-05,2.29056545397621,0.324,0.068,0.801323822795953,"6","C2orf74"
2.45900390612856e-05,0.971430530977063,0.811,0.464,0.824700730037397,"6","SAT1"
2.78721522738547e-05,1.30468789687611,0.595,0.24,0.934776242960539,"6","ZFHX3"
3.18256205540083e-05,0.611145747578459,0.459,0.18,1,"6","IFNAR1"
3.34183526724973e-05,2.51343846900898,0.297,0.057,1,"6","ARRB2"
3.49307167948123e-05,1.11509149524186,0.405,0.127,1,"6","ITPRIPL2"
4.02606301971252e-05,0.747213514056703,0.649,0.309,1,"6","GPATCH2L"
4.95158372182957e-05,1.4928494642755,0.378,0.107,1,"6","GIT2"
5.14656095863775e-05,1.75695774139798,0.324,0.076,1,"6","STAT1"
5.67129931592153e-05,0.851094873479797,0.595,0.263,1,"6","ASAH1"
5.71123044401772e-05,1.22272600641478,0.378,0.111,1,"6","LAP3"
7.73630533182857e-05,1.86912592007273,0.378,0.105,1,"6","LDLRAD4"
7.76398629839195e-05,1.7341991749748,0.324,0.078,1,"6","SOCS6"
8.60594700628653e-05,1.10205913476359,0.432,0.149,1,"6","AP1B1"
9.28287970532665e-05,1.23330888985773,0.432,0.146,1,"6","MARF1"
0.000123117045554094,0.60412051651995,0.595,0.297,1,"6","HECTD1"
0.000158747734655464,1.03367601618585,0.73,0.392,1,"6","HLA-A"
0.000160079003420162,0.601186462267979,0.838,0.51,1,"6","IL6ST"
0.000171023556226162,0.429239875838925,0.676,0.373,1,"6","ZKSCAN1"
0.000175668330548235,1.33556931362241,0.432,0.152,1,"6","SKIL"
0.000188399819014358,1.02830895097935,0.459,0.172,1,"6","AKAP13"
0.000223689392340193,1.16555148619722,0.514,0.211,1,"6","ATP6V0B"
0.000249502523894835,1.11912070214916,0.622,0.296,1,"6","CFLAR"
0.000256308115840895,0.581146724276397,0.405,0.173,1,"6","ATP5F1C"
0.000265612857439843,1.12776099112344,0.405,0.149,1,"6","KIAA1551"
0.000308138574384356,0.431652763647503,0.649,0.351,1,"6","PRMT2"
0.000311315272613391,0.962190659688541,0.297,0.089,1,"6","GLOD4"
0.000311331824411291,0.698539358754539,0.486,0.214,1,"6","HLA-C"
0.000316562546514828,0.58612948216121,0.378,0.151,1,"6","DNMT3A"
0.000392759332967236,0.965795651979936,0.351,0.12,1,"6","TSPAN14"
0.000412715351036535,0.671214497835374,0.541,0.263,1,"6","TRIM44"
0.000419584317726398,1.28043069968331,0.27,0.07,1,"6","EIF3D"
0.000436568623405964,1.59974037449348,0.297,0.079,1,"6","SOCS4"
0.000451981628865502,1.03639840267311,0.622,0.307,1,"6","ZEB2"
0.000468072109183673,0.414487336899116,0.865,0.572,1,"6","HEPN1"
0.000481080027997677,0.667743988741531,0.459,0.201,1,"6","MINDY2"
0.000577800273132868,0.26468481997534,0.649,0.375,1,"6","KTN1"
0.000597338130875867,0.640004969301604,0.405,0.167,1,"6","SEC63"
0.000601851774234649,1.054310930946,0.351,0.117,1,"6","CLPX"
0.000630187901250873,1.03088063264017,0.297,0.094,1,"6","PGRMC2"
0.000657927072907995,0.362315753493349,0.649,0.375,1,"6","KDM5A"
0.000708688682353482,0.674146014903687,0.514,0.252,1,"6","PCDH10"
0.000716551125675313,0.968101925440921,0.351,0.128,1,"6","TMEM260"
0.000724871967226872,1.02395311474866,0.324,0.109,1,"6","TUT7"
0.00072502244227583,0.58100360429974,0.324,0.124,1,"6","ZHX2"
0.000754662305400945,0.591136807224948,0.595,0.324,1,"6","PSMA3-AS1"
0.000755006654565753,0.718889954792485,0.351,0.137,1,"6","SRP72"
0.000755364569600857,0.351826913821587,0.595,0.333,1,"6","DDX46"
0.000774920338790238,1.10798818391182,0.649,0.367,1,"6","BHLHE41"
0.000777734608475934,1.45902239404028,0.378,0.13,1,"6","ENTPD1"
0.000786602031800366,1.01519195547993,0.378,0.138,1,"6","PGGT1B"
0.000789355519155685,0.837940005633312,0.541,0.255,1,"6","RAC1"
0.000795924150162874,0.712391969219764,0.486,0.226,1,"6","NUTM2B-AS1"
0.000807220103862736,0.495992768645128,0.838,0.546,1,"6","HTRA1"
0.000819452487467948,1.07193450447462,0.27,0.082,1,"6","TMEM189"
0.000819485155114758,1.13024025192838,0.324,0.108,1,"6","TPM3"
0.000820510329317209,0.799671320465124,0.324,0.118,1,"6","PRKAG2"
0.000826618138070589,1.31644607503739,0.351,0.116,1,"6","SHTN1"
0.000852089987437591,0.545928596707067,0.703,0.407,1,"6","PRPF4B"
0.000888231684223367,0.36648436271041,0.919,0.664,1,"6","SYT11"
0.000896528571427542,0.456062999251027,0.324,0.132,1,"6","CRMP1"
0.000919434706801696,0.728716448905874,0.432,0.189,1,"6","CHD1"
0.000930228886855748,1.15555464680036,0.514,0.231,1,"6","TCERG1"
0.000949083070415497,0.747738728293249,0.514,0.24,1,"6","VEZF1"
0.000965727665847152,0.650899319553983,0.378,0.156,1,"6","UGGT2"
0.000972516557841224,1.22447110151587,0.486,0.209,1,"6","PICALM"
0.00104281438158764,0.514533817003894,0.541,0.279,1,"6","TMEM123"
0.00105339114788662,0.27369524919033,0.432,0.216,1,"6","SEPT11"
0.00106603674825928,0.437766034530706,0.324,0.136,1,"6","SUCLG1"
0.0010748985169713,0.76513854012886,0.568,0.284,1,"6","PRPF38B"
0.00108387317597227,0.441868302257919,0.811,0.524,1,"6","FTX"
0.00108770179512567,0.861434352909966,0.432,0.18,1,"6","TMSB10"
0.00114558383620884,1.411258735753,0.324,0.104,1,"6","FAM118A"
0.00116308182627067,1.43704846067082,0.432,0.177,1,"6","HNRNPD"
0.00118071091890311,0.318182449600014,0.649,0.384,1,"6","BMP2K"
0.0011966995351073,0.502775486489763,0.378,0.164,1,"6","SAP18"
0.0012691687040548,0.75958495255422,0.514,0.243,1,"6","FOXN3"
0.00128320183642796,1.16441022836548,0.378,0.139,1,"6","COG5"
0.00142719737480615,0.598268279095287,0.73,0.438,1,"6","SEPT2"
0.00153959500666488,0.292440612049688,0.649,0.396,1,"6","IQCA1"
0.00155339976742951,0.322597850533675,0.757,0.502,1,"6","UBB"
0.00161047578703325,0.429029544499895,0.486,0.249,1,"6","CAND1"
0.00163339730462925,1.22066568683847,0.514,0.244,1,"6","MAF"
0.00167917550568008,0.461561285727101,0.568,0.306,1,"6","HIPK2"
0.00170179876147554,0.953984524640997,0.27,0.089,1,"6","BRD9"
0.00176870325117313,0.759350527196169,0.405,0.177,1,"6","CRYZL1"
0.00178219066819354,0.499713324218841,0.378,0.173,1,"6","DENND5A"
0.00191150905737761,0.428618625761935,0.622,0.356,1,"6","OGT"
0.00192569791137147,0.403073331064922,0.919,0.676,1,"6","CHD9"
0.00194410183746025,0.477314845132927,0.324,0.144,1,"6","ST3GAL5"
0.00198170040246234,0.904565515534166,0.351,0.138,1,"6","LIN7C"
0.00204153183381284,0.820056563088105,0.622,0.337,1,"6","FGD4"
0.0020488499433293,1.00045969034857,0.351,0.136,1,"6","ZNF562"
0.00206518073111273,0.437041315856159,0.459,0.231,1,"6","TAF7"
0.00209689941308424,1.27074052733238,0.297,0.095,1,"6","PSMD6"
0.00213936480673591,0.861340535736523,0.351,0.146,1,"6","NAGK"
0.00216830012999642,0.546009878953887,0.432,0.214,1,"6","PIAS1"
0.00226369818450997,0.463279158937495,0.405,0.195,1,"6","WDR33"
0.00226811072038027,0.461058365105847,0.405,0.188,1,"6","SLC25A46"
0.00232132783258377,0.347411244811772,0.459,0.239,1,"6","WASHC1"
0.00236903867747346,0.413678437752032,0.405,0.195,1,"6","STMN1"
0.00242813838124457,0.773582367035392,0.486,0.233,1,"6","RBM12B"
0.0024602462840887,0.817861417004783,0.351,0.141,1,"6","GNPTAB"
0.00247042971859628,0.684607014472958,0.514,0.256,1,"6","RANBP2"
0.00252303148374564,0.379133823097304,0.622,0.362,1,"6","TACC1"
0.00252985660859044,0.780648738658716,0.324,0.137,1,"6","TCEAL9"
0.00258741841432011,0.589170010974084,0.568,0.308,1,"6","SETX"
0.00264624554549135,1.3208028083207,0.27,0.086,1,"6","LINC00513"
0.00267550780851444,0.659166761711598,0.405,0.185,1,"6","SESTD1"
0.00274283812818689,0.370633730760576,0.514,0.282,1,"6","ALCAM"
0.00274407511654168,0.813322166496858,0.622,0.344,1,"6","RPL13A"
0.00276063125547691,0.474908466772234,0.405,0.193,1,"6","GNA13"
0.00279980744450611,0.732745710304146,0.541,0.278,1,"6","MAML2"
0.00280336456670042,0.547166776735577,0.432,0.215,1,"6","SMAD4"
0.00281747540185548,1.14541158359434,0.351,0.132,1,"6","TIAM1"
0.00285520160766395,1.52247421607273,0.27,0.082,1,"6","HRH1"
0.00285797187095699,1.07066958332732,0.514,0.253,1,"6","CDK12"
0.00291331609683933,0.671850305564847,0.378,0.167,1,"6","HM13"
0.00293751918416881,0.502452227982532,0.351,0.161,1,"6","SIK2"
0.00302782052942053,0.723520576138505,0.568,0.306,1,"6","RIF1"
0.00307863427854456,1.26254474837286,0.324,0.115,1,"6","GALNT1"
0.00310588737314951,0.577011624632149,0.568,0.317,1,"6","CLDN10"
0.00318961567107288,0.660166962126308,0.703,0.43,1,"6","ZNF518A"
0.00320360196466086,0.553404852092477,0.541,0.301,1,"6","MED13L"
0.00321040943109411,1.11093332881654,0.324,0.119,1,"6","PARP14"
0.00324725887724683,0.284867439356362,0.351,0.167,1,"6","KHSRP"
0.00329141351070363,0.351849478239929,0.676,0.418,1,"6","DOCK4"
0.00336053538573712,0.971977783689278,0.351,0.14,1,"6","COTL1"
0.00336300523868902,0.561944531447091,0.541,0.29,1,"6","ATP6V0A1"
0.00346435467292528,0.934863322257974,0.405,0.177,1,"6","KIAA1147"
0.00347134873526622,0.76720008985625,0.757,0.512,1,"6","ITPR2"
0.00359055183858541,0.765308128614194,0.297,0.111,1,"6","YBX3"
0.0036110237410636,0.458306442305387,0.405,0.202,1,"6","ITSN2"
0.00363216034852756,0.959623016203473,0.27,0.096,1,"6","DNTTIP2"
0.00368406325876066,0.564490141158563,0.324,0.138,1,"6","ATF6"
0.0037558554979839,0.401911485633697,0.514,0.283,1,"6","PRPF40A"
0.00381398263002845,0.458451237382307,0.595,0.337,1,"6","MBNL1"
0.00383264585332459,1.02212825043394,0.378,0.159,1,"6","GLYR1"
0.00386544446136921,1.10459673144635,0.459,0.213,1,"6","CYLD"
0.00387099174388564,0.534284036043231,0.649,0.387,1,"6","SLC25A37"
0.0038984223634124,1.40073438213284,0.432,0.195,1,"6","TNFRSF1A"
0.00395797353902047,0.483704747965457,0.324,0.142,1,"6","TMTC2"
0.00402112885030244,0.725589086264533,0.595,0.33,1,"6","UBXN4"
0.00404070490567829,0.602832814958119,0.27,0.107,1,"6","SNX1"
0.00405730029055097,0.38931265787418,0.324,0.151,1,"6","ATP6V1B2"
0.00408716263805696,0.786508775811658,0.811,0.593,1,"6","SORL1"
0.00410001236218778,0.805256849147683,0.568,0.308,1,"6","RPL35"
0.00436445812072018,0.653259070439834,0.297,0.12,1,"6","RNF114"
0.00444886305552596,0.331248152163501,0.973,0.802,1,"6","PSAP"
0.00445968405061778,0.939799799417947,0.514,0.26,1,"6","TGOLN2"
0.00446060238085305,0.66390251095274,0.541,0.29,1,"6","MTDH"
0.00448036730231429,0.705867059203658,0.405,0.188,1,"6","SH3GLB1"
0.00462056030261244,0.34747724072363,0.405,0.227,1,"6","HOPX"
0.00464136488692302,0.25169163960699,0.514,0.298,1,"6","NAV1"
0.00465807475962495,0.61771545525617,0.432,0.214,1,"6","ETNK1"
0.00482227551883391,0.61473696821131,0.27,0.109,1,"6","ANXA11"
0.00491733876918126,1.25947091372528,0.297,0.104,1,"6","UGCG"
0.00495795314032991,0.921313693954835,0.27,0.097,1,"6","ATE1"
0.00504523269636203,0.857986951740546,0.27,0.104,1,"6","DCAF6"
0.00508017029854806,0.68001803915332,0.297,0.127,1,"6","RAB30-AS1"
0.00508143673498912,1.0551600705065,0.297,0.111,1,"6","NRP1"
0.00508228944405551,0.760856985508604,0.351,0.156,1,"6","YTHDC1"
0.00512542093324288,1.07008125776265,0.324,0.125,1,"6","PUM3"
0.00519171556173065,0.488844792046578,0.324,0.147,1,"6","TSPYL4"
0.00520773387330803,1.07910285458352,0.351,0.143,1,"6","PLEKHO2"
0.00522379364464501,1.0607707917413,0.27,0.095,1,"6","ZFP91"
0.0052579379851051,0.25337871491479,0.486,0.283,1,"6","CYP4V2"
0.00530543021419661,0.446897637754615,0.676,0.427,1,"6","JPX"
0.00535946459291964,0.777701231249774,0.351,0.15,1,"6","WRB"
0.00538085883582215,0.287529638119246,0.324,0.164,1,"6","IDH1"
0.00540467038911462,0.401268014151177,0.27,0.125,1,"6","SLC25A39"
0.00549096676108588,0.637453929296558,0.541,0.292,1,"6","GCC2"
0.00559982762033176,0.965984911465776,0.351,0.148,1,"6","IMPAD1"
0.00576393146573416,0.64558575884591,0.405,0.204,1,"6","ITGB5"
0.00587466990387264,0.346183284502689,0.351,0.17,1,"6","NPC2"
0.00590711253473451,0.841364628343032,0.514,0.27,1,"6","UBE2B"
0.0059415325111993,1.07636149218939,0.297,0.115,1,"6","CTCF"
0.00598077649478834,0.815572253000501,0.541,0.293,1,"6","RFTN2"
0.00599537440953106,0.656939764090217,0.432,0.222,1,"6","TMBIM1"
0.00626721400900492,0.322521429959367,0.351,0.181,1,"6","INPP4A"
0.00647115417807176,1.51107654273577,0.27,0.09,1,"6","FAM111A"
0.00647822575852492,0.41819460647533,0.351,0.177,1,"6","GPBP1L1"
0.00648871991980876,0.75499880241747,0.405,0.191,1,"6","FER"
0.00657215720996034,0.378763020883821,0.324,0.153,1,"6","ARPC2"
0.00657748854997792,0.252296395882616,0.622,0.394,1,"6","CHD6"
0.00662977010344855,0.845816847875865,0.27,0.102,1,"6","MTMR6"
0.00667724469258617,1.21825463677388,0.568,0.337,1,"6","RPL3"
0.00670494750104105,0.48981625806555,0.649,0.408,1,"6","ACAP2"
0.00683030306822447,0.425258198138692,0.297,0.137,1,"6","WTAP"
0.00687191499645869,0.541873838290337,0.297,0.133,1,"6","MFN1"
0.00690124683852654,0.312522506237926,0.757,0.534,1,"6","MT-ND5"
0.00694832855821941,0.312521153715406,0.514,0.301,1,"6","NFIC"
0.00703991897653465,0.593463036568514,0.351,0.162,1,"6","IBTK"
0.00706506805539254,0.550182668327236,0.649,0.406,1,"6","TAF1D"
0.00724814882906921,0.976978326720381,0.351,0.146,1,"6","COPB2"
0.00726144982807462,0.387741159104927,0.514,0.295,1,"6","WASHC4"
0.00738601675365061,0.263264623761769,0.514,0.306,1,"6","BDP1"
0.00740757883199925,1.45760082991346,0.378,0.164,1,"6","TIMP2"
0.00742668595633301,0.660188316329609,0.541,0.302,1,"6","TMED10"
0.00743139168150307,0.858614767766297,0.297,0.116,1,"6","PA2G4"
0.00754879562907019,1.47549905763716,0.351,0.149,1,"6","USP4"
0.00764773137802293,0.707468388509917,0.514,0.283,1,"6","BAZ2A"
0.00765739248240457,0.59114397066643,0.351,0.167,1,"6","PAK2"
0.00765760726463843,0.72894653907811,0.432,0.211,1,"6","CAPZA1"
0.00765904381452467,0.481706650840411,0.351,0.173,1,"6","UBR1"
0.00765994059652662,0.57295264044071,0.459,0.236,1,"6","ABCD3"
0.00766507148167411,0.892878800847967,0.297,0.121,1,"6","PIBF1"
0.0077183600851258,0.530597878485022,0.703,0.453,1,"6","FAM133B"
0.00773629584935043,0.288207988068776,0.568,0.36,1,"6","SRRM1"
0.0078151678058048,0.874708491843354,0.432,0.207,1,"6","EIF4H"
0.00782070722831312,0.521671692277552,0.568,0.331,1,"6","STXBP5"
0.00797930205652589,0.493779364022248,0.378,0.189,1,"6","DNAJC10"
0.00805959731228122,0.592670295180404,0.486,0.265,1,"6","FADS1"
0.00813274831255709,1.10049655355379,0.405,0.185,1,"6","USP53"
0.00820126086091857,0.599724793691028,0.351,0.162,1,"6","GALC"
0.00822029156936781,0.883802336287862,0.324,0.137,1,"6","IKBKB"
0.00826918324111556,0.65514858568072,0.351,0.163,1,"6","CHRDL1"
0.00834576108705708,1.17983116277505,0.541,0.298,1,"6","RPL19"
0.00875439505652351,0.767166297714583,0.297,0.12,1,"6","DELE1"
0.00902590207403678,0.428390026791723,0.541,0.331,1,"6","PHGDH"
0.00903747602503725,0.436627037168628,0.378,0.193,1,"6","CCDC84"
0.00928261848590557,0.53454008008633,0.27,0.126,1,"6","SLIRP"
0.0093650702704251,0.67509675702934,0.27,0.114,1,"6","GABPA"
0.00949531949806289,0.5872132016672,0.432,0.225,1,"6","LYST"
0.00950704344063955,1.13631037734509,0.27,0.097,1,"6","SGMS1"
0.00965744583637107,1.01045778795766,0.27,0.101,1,"6","DNAJC19"
0.00971530321605817,0.418810859502138,0.324,0.163,1,"6","SLC2A1"
0.00971817408764899,0.599002117295541,0.514,0.284,1,"6","TGFB2"
0.00976335115287663,0.318057336957694,0.486,0.288,1,"6","PIAS2"
0.00990660347402774,0.583578607066083,0.27,0.119,1,"6","SLC41A3"
0.00995808567096767,0.436908849181464,0.27,0.12,1,"6","CHM"
