"p_val","avg_log2FC","pct.1","pct.2","p_val_adj","cluster","gene"
2.15228314955201e-72,0.632664948521405,0.506,0.529,7.21832722696753e-68,"0","SRRM2"
5.65440228445135e-68,0.468542531471974,0.439,0.509,1.89637343815929e-63,"0","SMG1"
6.58967642263917e-68,0.60585348552539,0.807,0.807,2.21004567862473e-63,"0","PNISR"
4.72995655282526e-65,0.636999234970167,0.468,0.488,1.58633282868654e-60,"0","ANKRD44"
2.56245269987368e-64,0.54141631021253,0.454,0.51,8.59395386483634e-60,"0","PRPF38B"
1.1156203253587e-62,0.455611248845645,0.422,0.498,3.741567447188e-58,"0","NKTR"
7.20449977869113e-62,0.588881166231858,0.524,0.544,2.41624513577743e-57,"0","INPP5D"
1.58230715091217e-61,0.586394213519238,0.471,0.512,5.30674172272924e-57,"0","ATRX"
2.52477514967898e-60,0.507874380509095,0.631,0.659,8.46759089699337e-56,"0","SRGAP2"
2.91916112859927e-60,0.303336658499187,0.413,0.51,9.79028259309624e-56,"0","NCKAP1L"
6.82578804794386e-60,0.441395925575012,0.437,0.51,2.28923279551941e-55,"0","TNRC6B"
9.35598849384586e-60,0.459006011719578,0.383,0.45,3.13781142106602e-55,"0","MYCBP2"
3.32033539904676e-59,0.405708987804341,0.324,0.408,1.1135740861323e-54,"0","TTC3"
8.1227889734168e-59,0.396850164710161,0.725,0.797,2.72422096590453e-54,"0","DDX17"
8.90905280583152e-59,0.389562080947168,0.362,0.439,2.98791813001978e-54,"0","MPHOSPH8"
1.33315139898988e-58,0.442405795036128,0.369,0.432,4.47112316193225e-54,"0","SRSF11"
1.51650459172544e-58,0.489671670655375,0.563,0.611,5.0860530997288e-54,"0","LUC7L3"
2.34385126349848e-58,0.491848461885913,0.634,0.686,7.86080836752119e-54,"0","VPS13C"
2.45659535587413e-58,0.446014374803021,0.501,0.562,8.23892950453067e-54,"0","EVL"
2.65910239007721e-58,0.803720327071089,0.384,0.367,8.91809759584093e-54,"0","CIITA"
4.52838012317904e-58,0.476967032110625,0.4,0.456,1.51872812571179e-53,"0","PRRC2C"
9.58009781840141e-58,0.479050247800308,0.297,0.359,3.21297320633547e-53,"0","POLR2J3.1"
2.24245353316745e-57,0.320485618097063,0.496,0.589,7.520740659537e-53,"0","HP1BP3"
5.60940391147012e-57,0.397415616986655,0.496,0.568,1.88128188382885e-52,"0","CHD9"
1.42608583487547e-56,0.488959055899843,0.351,0.41,4.78280667300534e-52,"0","SETX"
2.76627489879245e-56,0.489299893548998,0.291,0.354,9.27753275557011e-52,"0","ITSN2"
4.33009191743716e-56,0.590295021427274,0.374,0.419,1.45222622727007e-51,"0","ANKRD11"
5.2119042673056e-56,0.260446924672366,0.326,0.425,1.74796845316895e-51,"0","ARGLU1"
8.7132511314075e-56,0.388568003737696,0.466,0.546,2.92225016445145e-51,"0","MEF2A"
9.08498347986659e-56,0.430982645303235,0.252,0.317,3.04692175947766e-51,"0","MLLT6"
1.17958544150945e-55,0.528824230674145,0.32,0.36,3.95609365373441e-51,"0","PALD1"
1.78704655354312e-55,0.403785541846209,0.314,0.398,5.99339673127292e-51,"0","TCF25"
3.02593893819634e-55,0.549745510222076,0.245,0.296,1.01483940109229e-50,"0","U2SURP"
4.73091608318286e-55,0.429895954760246,0.327,0.396,1.58665463597787e-50,"0","ASH1L"
6.89459273775765e-55,0.514614698332041,0.39,0.435,2.31230851238916e-50,"0","CSF3R"
7.30618132677838e-55,0.411614064565213,0.421,0.486,2.45034709337493e-50,"0","AKAP13"
1.22684477311674e-54,0.377729991086113,0.454,0.526,4.11459200007891e-50,"0","DOCK8"
1.84978295718386e-54,0.29437905978476,0.316,0.417,6.20380208180324e-50,"0","KIAA1109"
1.95420996853869e-54,0.44074786914334,0.377,0.44,6.55402939248505e-50,"0","MIR29B2CHG"
6.12233922590285e-54,0.269862486116432,0.451,0.552,2.0533101295833e-49,"0","SF3B1"
7.06099944437159e-54,0.490610342385948,0.354,0.411,2.36811799365334e-49,"0","MCF2L"
1.23759905847015e-53,0.517146765723936,0.477,0.522,4.15065972229719e-49,"0","RBM25"
2.20999502809581e-53,0.337779605120085,0.579,0.669,7.41188132522772e-49,"0","SON"
3.19000919299345e-53,0.578012240867413,0.35,0.382,1.06986528314614e-48,"0","BOD1L1"
4.87620370106015e-53,0.46296514508647,0.394,0.445,1.63538119726155e-48,"0","NIPBL"
6.35657408110848e-53,0.470649603516816,0.393,0.445,2.13186781532216e-48,"0","MYO1F"
7.70901032286828e-53,0.420515340749794,0.621,0.695,2.58544788208356e-48,"0","EPB41L2"
8.55774054942709e-53,0.368811314109895,0.315,0.387,2.87009502546686e-48,"0","BCLAF1"
1.13790527569564e-52,0.293799197206176,0.318,0.409,3.81630671362805e-48,"0","SRSF5"
1.85824318894528e-52,0.295837861302624,0.443,0.543,6.23217600708467e-48,"0","MACF1"
1.92402738239152e-52,0.463010872362831,0.348,0.402,6.45280303506468e-48,"0","ARHGAP24"
1.97654644272702e-52,0.543576081141221,0.277,0.321,6.62894145961788e-48,"0","ZFC3H1"
2.36651862961657e-52,0.472861843821652,0.43,0.48,7.93683018000807e-48,"0","CELF1"
2.80074223977031e-52,0.322143089268729,0.33,0.419,9.39312932374168e-48,"0","FAM133B"
3.57349245598986e-52,0.264990378942408,0.445,0.549,1.19847789988988e-47,"0","RNF213"
3.81118831527217e-52,0.62905444722618,0.358,0.376,1.27819633717598e-47,"0","BPTF"
5.20560563620074e-52,0.340853671745875,0.461,0.545,1.745856018269e-47,"0","FUS"
6.94310949424287e-52,0.319451909441053,0.388,0.477,2.32858006217917e-47,"0","RBM6"
1.21922721698103e-51,0.53069479006373,0.311,0.354,4.08904424031099e-47,"0","KMT2C"
1.35291726937273e-51,0.442513874535417,0.35,0.408,4.53741393802225e-47,"0","ZNF638"
2.27290269646054e-51,0.736789916241871,0.259,0.263,7.62286106338935e-47,"0","TET2"
2.63508538916985e-51,0.421623499671433,0.55,0.624,8.83754937819784e-47,"0","CELF2"
2.75774139513774e-51,0.645163255647905,0.283,0.304,9.24891309101296e-47,"0","PNN"
3.49110260360036e-51,0.72900131717081,0.257,0.259,1.17084599119549e-46,"0","NCOR1"
4.58435962639965e-51,0.585928167858238,0.32,0.35,1.53750253150191e-46,"0","LYST"
5.51328430679604e-51,0.509500646913744,0.563,0.605,1.84904529081326e-46,"0","ITPR2"
7.33969828911955e-51,0.434626875450498,0.454,0.503,2.46158801220491e-46,"0","FRMD4A"
1.62758257614334e-50,0.561022286540009,0.422,0.448,5.45858644386953e-46,"0","PCM1"
2.01647702555215e-50,0.267820537403216,0.266,0.353,6.76286064829681e-46,"0","FTX"
2.61766215840156e-50,0.419895988494956,0.316,0.375,8.77911534684716e-46,"0","SSH2"
3.06518746881094e-50,0.264490685022339,0.396,0.485,1.02800257328981e-45,"0","ZNF207"
4.08391023066839e-50,0.570642732323595,0.282,0.32,1.36966181316157e-45,"0","ZNF292"
4.54268337895084e-50,0.255984247353409,0.366,0.452,1.52352515163253e-45,"0","KANSL1"
4.71523181101933e-50,0.287592675877178,0.631,0.724,1.58139444477966e-45,"0","N4BP2L2"
5.67269881232964e-50,0.262693116604384,0.273,0.357,1.90250972767911e-45,"0","ADAM10"
6.51395035613277e-50,0.42958731406925,0.282,0.341,2.18464867043981e-45,"0","CDK13"
1.37668241294996e-49,0.273803980501014,0.243,0.328,4.61711747655159e-45,"0","NAGK"
4.20764797299327e-49,0.331747909198119,0.261,0.338,1.41116097718248e-44,"0","USP34"
4.3660259760925e-49,0.310126811161178,0.199,0.272,1.4642777918619e-44,"0","PARVG"
5.80089340970215e-49,0.548536869667138,0.271,0.324,1.94550363174591e-44,"0","FKBP5"
5.88367507383346e-49,0.394395672746181,0.387,0.456,1.97326694626226e-44,"0","ARID1B"
8.43468351221736e-49,0.354766417093469,0.283,0.358,2.82882415632746e-44,"0","JMJD1C"
8.93569309840627e-49,0.46332958514332,0.484,0.54,2.99685275134349e-44,"0","SLC25A37"
9.75524042108348e-49,0.381590478636653,0.635,0.709,3.27171253242298e-44,"0","FYB1"
1.1665248589518e-48,0.313791815125261,0.424,0.502,3.91229107195254e-44,"0","SHTN1"
2.15710107657519e-48,0.313051509813032,0.468,0.548,7.23448559061788e-44,"0","C6orf62"
4.34018281793773e-48,0.391028786132886,0.325,0.386,1.45561051347996e-43,"0","PICALM"
4.41285318624125e-48,0.392187993686367,0.311,0.374,1.47998270160159e-43,"0","PREX1"
4.46215823520748e-48,0.324630056903439,0.293,0.374,1.49651862892389e-43,"0","CEP170"
4.87829894261335e-48,0.28483171310412,0.293,0.373,1.63608389937367e-43,"0","STK4"
6.48115918541644e-48,0.408023220277522,0.305,0.363,2.17365116760497e-43,"0","PABPN1"
7.49914830329252e-48,0.398468081422918,0.309,0.369,2.51506435795824e-43,"0","KDM5A"
8.76653643138109e-48,0.347033068853231,0.289,0.35,2.94012098835659e-43,"0","MED13L"
1.4703116215876e-47,0.320562244207232,0.261,0.331,4.9311311164805e-43,"0","IKZF1"
1.48471114439697e-47,0.368566268644589,0.397,0.464,4.97942423607857e-43,"0","BAZ2B"
1.85145053866324e-47,0.522104240306077,0.248,0.288,6.20939481656877e-43,"0","CARD8"
2.73617074097991e-47,0.398768692020927,0.327,0.378,9.17656943109841e-43,"0","ZRANB2"
2.88858254883157e-47,0.420891078336429,0.386,0.447,9.68772815227132e-43,"0","TTC14"
2.96763459502762e-47,0.531819445723861,0.232,0.27,9.95285290480362e-43,"0","SETD2"
5.51326709395072e-47,0.400993016839763,0.494,0.556,1.84903951796919e-42,"0","LPAR6"
7.60845289651543e-47,0.532658017527095,0.339,0.38,2.55172293243335e-42,"0","AKAP9"
1.03751246499334e-46,0.536535478058749,0.374,0.405,3.47960930509466e-42,"0","MIS18BP1"
1.46367982793343e-46,0.299414735980856,0.42,0.507,4.90888940692313e-42,"0","DOCK4"
1.71225217330163e-46,0.394730438975766,0.411,0.469,5.74255133881899e-42,"0","SLC4A7"
2.03184325041069e-46,0.56429381638613,0.268,0.289,6.81439589322738e-42,"0","TRIM56"
2.33307321234012e-46,0.301539371451085,0.217,0.288,7.82466093954628e-42,"0","TIAL1"
2.40308907750493e-46,0.428856124806154,0.215,0.275,8.05948014813603e-42,"0","LRRFIP1"
2.88336730787305e-46,0.647137912180419,0.28,0.293,9.67023727714463e-42,"0","CHD7"
2.94503791434026e-46,0.310838163218413,0.463,0.539,9.87706815711437e-42,"0","SCAF11"
3.13070773820319e-46,0.465704176777255,0.652,0.676,1.04997676123859e-41,"0","ADAM28"
3.43592957348346e-46,0.33197584092438,0.391,0.465,1.15234206035488e-41,"0","STX7"
5.38915199846748e-46,0.630757614341626,0.259,0.278,1.80741379724602e-41,"0","MLXIP"
5.49299716182758e-46,0.334155754726188,0.24,0.318,1.84224138813373e-41,"0","GCC2"
5.67891115420034e-46,0.449528477907603,0.53,0.575,1.90459322289571e-41,"0","CCDC88A"
5.90061208426469e-46,0.309794537544296,0.213,0.285,1.97894728082069e-41,"0","PURA"
7.25256753252871e-46,0.278884400623073,0.431,0.512,2.43236609905948e-41,"0","RHBDF2"
7.8236389611558e-46,0.294102243830066,0.23,0.303,2.62389203479243e-41,"0","SRRM1"
8.68367902220237e-46,0.469359628082803,0.302,0.346,2.91233227046623e-41,"0","NRIP1"
9.34852543865982e-46,0.305373575786942,0.224,0.294,3.13530846161773e-41,"0","ARAP1"
1.16320003036151e-45,0.253806254457412,0.359,0.45,3.90114026182642e-41,"0","PRPF4B"
1.92399966046159e-45,0.318535552113376,0.663,0.742,6.45271006125608e-41,"0","ATM"
2.39831204577604e-45,0.488424557945438,0.234,0.277,8.04345893912369e-41,"0","TUT4"
2.59334757228764e-45,0.318518752429543,0.223,0.3,8.69756908793828e-41,"0","NF1"
3.10380707593789e-45,0.325617425928252,0.31,0.393,1.04095481712805e-40,"0","ANKRD12"
3.32410030003003e-45,0.538518859976522,0.599,0.627,1.11483675862407e-40,"0","ZFP36L2"
3.49971210815806e-45,0.262743722641468,0.259,0.339,1.17373344683405e-40,"0","STX16"
3.91661011931181e-45,0.465224015582716,0.416,0.465,1.31355270181479e-40,"0","POU2F2"
4.36227017986818e-45,0.288082523625569,0.514,0.605,1.46301817292419e-40,"0","ZEB2"
4.82263306756353e-45,0.383437009829071,0.258,0.329,1.61741467819946e-40,"0","CEP350"
5.5604774782573e-45,0.847841257990535,0.261,0.239,1.86487293665793e-40,"0","RYR1"
6.02506379117524e-45,0.287071261305684,0.243,0.316,2.02068589428435e-40,"0","TSPAN14"
7.26070181612002e-45,0.574622957101311,0.271,0.307,2.43509417509033e-40,"0","MYO9B"
8.26308635949782e-45,0.363790413104605,0.204,0.269,2.77127390324838e-40,"0","PHF20L1"
8.49844874577459e-45,0.25420249823553,0.199,0.28,2.85020974035788e-40,"0","ZNF148"
1.04672562070359e-44,0.280070203918915,0.224,0.3,3.5105083867157e-40,"0","RBM26"
1.21133126636469e-44,0.303165716609731,0.312,0.387,4.06256280113388e-40,"0","APBB1IP"
1.33384142603092e-44,0.25278444627751,0.243,0.324,4.47343737462249e-40,"0","PCF11"
2.86897092283949e-44,0.558171029944052,0.221,0.259,9.6219546810191e-40,"0","SLC8A1"
4.18603704397572e-44,0.356547067779136,0.357,0.423,1.40391310380858e-39,"0","PARP14"
4.71821622174059e-44,0.536586655669098,0.269,0.296,1.58239535644736e-39,"0","NPIPB5"
6.3436861808233e-44,0.318091284058268,0.319,0.391,2.12754547132452e-39,"0","SRGAP2B"
7.59137581626988e-44,0.441061440893573,0.223,0.272,2.54599562126059e-39,"0","CHD1"
8.91928686476866e-44,0.321252734156237,0.251,0.32,2.99135042870611e-39,"0","SP100"
9.28319926132078e-44,0.294911542142938,0.204,0.276,3.11339936826176e-39,"0","KIF5B"
1.36640890241677e-43,0.477472543956131,0.262,0.305,4.58266217692535e-39,"0","BRWD1"
1.58861043621267e-43,0.317017631933664,0.214,0.289,5.32788168097005e-39,"0","SPEN"
2.267424197231e-43,0.531988681869202,0.279,0.314,7.60448727267333e-39,"0","SFMBT2"
2.44594807540964e-43,0.378957567230184,0.28,0.337,8.20322065530884e-39,"0","IL18"
2.76712128752905e-43,0.434208531191288,0.213,0.258,9.28037137411493e-39,"0","DISC1"
3.10407098208574e-43,0.573655211752513,0.28,0.307,1.04104332597191e-38,"0","GOLGB1"
3.47146184211018e-43,0.276258028482181,0.308,0.388,1.16425887260691e-38,"0","KTN1"
5.73469610931443e-43,0.313156145570329,0.253,0.316,1.92330238114187e-38,"0","OGA"
1.28807213583477e-42,0.27382271949676,0.231,0.304,4.31993632916266e-38,"0","CTNND1"
1.49874919226818e-42,0.338792562420519,0.263,0.329,5.02650504102903e-38,"0","ARHGAP26"
1.49881224867832e-42,0.526927867134827,0.233,0.265,5.02671651961734e-38,"0","BLNK"
1.77775446605885e-42,0.457170857670274,0.282,0.325,5.96223292826816e-38,"0","RSRP1"
2.36622316331897e-42,0.587209316767883,0.31,0.329,7.93583924513916e-38,"0","CSF2RA"
3.11838928662253e-42,0.312657637277999,0.354,0.424,1.04584539894746e-37,"0","PKN2"
5.67420002715908e-42,0.363661284306322,0.23,0.29,1.90301320510861e-37,"0","BIRC6"
5.86806385573901e-42,0.360142096793967,0.205,0.261,1.96803125593775e-37,"0","GLIPR1"
8.12962818341332e-42,0.263452226546556,0.269,0.345,2.72651470015316e-37,"0","POGZ"
8.50534200957844e-42,0.657262323750312,0.29,0.291,2.85252160317242e-37,"0","KIAA1147"
1.09656174703185e-41,0.324028850545129,0.361,0.428,3.67764878719543e-37,"0","FGD4"
1.75633745683793e-41,0.473818843787535,0.212,0.258,5.89040456274306e-37,"0","ERICH1"
1.83304816629189e-41,0.298016525024075,0.221,0.293,6.14767694010975e-37,"0","FOXN3"
1.94352405548311e-41,0.433690385071691,0.205,0.251,6.51819097727926e-37,"0","THOC2"
1.94653811826261e-41,0.250215503648352,0.234,0.304,6.52829954102916e-37,"0","DOCK10"
2.04383070755641e-41,0.319898461908912,0.227,0.289,6.8545994270027e-37,"0","ADPGK"
2.421015855678e-41,0.344875091843422,0.211,0.268,8.11960297677289e-37,"0","NPEPPS"
2.70392804198886e-41,0.268096077962287,0.291,0.378,9.06843386722225e-37,"0","GOLGA4"
4.19126350819466e-41,0.255447445034592,0.385,0.471,1.40566595537832e-36,"0","MKNK1"
7.57255140918226e-41,0.328029851452482,0.307,0.372,2.53968229161155e-36,"0","PHIP"
1.25258047533952e-40,0.491561105770716,0.321,0.362,4.20090439819368e-36,"0","ADAP2"
1.368433498278e-40,0.418480938583099,0.246,0.291,4.58945226652477e-36,"0","KMT2A"
2.4627579156291e-40,0.300444356131043,0.269,0.339,8.25959749743687e-36,"0","AAK1"
2.64385663360894e-40,0.3688145417606,0.264,0.324,8.86696637779767e-36,"0","SRGAP1"
2.92917307597606e-40,0.409356697914506,0.368,0.403,9.8238606622085e-36,"0","NAV3"
7.54491524506049e-40,0.410296251944391,0.283,0.328,2.53041367488839e-35,"0","FMNL3"
9.44007164116238e-40,0.398599893329404,0.225,0.275,3.16601122701304e-35,"0","CTTNBP2NL"
1.07198973464686e-39,0.480936040410906,0.244,0.28,3.59523917205865e-35,"0","SUGP2"
1.10369732505677e-39,0.309320004140184,0.234,0.296,3.70158008877538e-35,"0","NSD1"
1.17125808699617e-39,0.256333440639382,0.188,0.256,3.92816537216775e-35,"0","WDFY3"
1.83412294571807e-39,0.319482056632627,0.22,0.279,6.15128153534927e-35,"0","IL6R"
3.40659355759667e-39,0.288520005609358,0.243,0.312,1.14250334734677e-34,"0","TRIM38"
3.98459332684918e-39,0.273274471772264,0.187,0.257,1.33635290995868e-34,"0","DICER1"
4.18386828953453e-39,0.351981649071929,0.417,0.471,1.40318574694409e-34,"0","ZFHX3"
4.97800465590368e-39,0.427528190759553,0.213,0.256,1.66952320149697e-34,"0","PPP1R12A"
5.69458379432653e-39,0.254837666348568,0.655,0.733,1.90984951294123e-34,"0","PLXDC2"
8.996414309554e-39,0.481256620928738,0.224,0.258,3.01721743113822e-34,"0","KIAA1551"
9.21164247757294e-39,0.272238400151498,0.185,0.251,3.08940065412841e-34,"0","SLTM"
1.3300021184269e-38,0.256305409189458,0.23,0.299,4.46056110478015e-34,"0","CHD2"
4.40651202145558e-38,0.439401127534977,0.241,0.276,1.47785600175577e-33,"0","SHPRH"
5.12696891586715e-38,0.368929472953486,0.228,0.28,1.71948283500352e-33,"0","PLEKHO1"
7.81958778309813e-38,0.472598850888132,0.292,0.323,2.62253335069545e-33,"0","RGS12"
1.10573762747159e-37,0.269932265339561,0.353,0.439,3.70842285501421e-33,"0","MT-ND5"
2.73992264649088e-37,0.512692959580568,0.242,0.274,9.18915257180113e-33,"0","NEMF"
4.97831205327901e-37,0.328329315863352,0.225,0.293,1.66962629642871e-32,"0","CEBPA"
7.27048452412805e-37,0.354053108610191,0.212,0.265,2.43837509970207e-32,"0","TIAM1"
7.81850447599646e-37,0.437175010351469,0.647,0.671,2.62217003115969e-32,"0","MAF"
1.08852444046404e-36,0.34894789206413,0.216,0.274,3.65069326842828e-32,"0","MOB1B"
1.32751333319502e-36,0.303731491075835,0.341,0.399,4.45221421686946e-32,"0","FGD2"
1.67180240131575e-36,0.45878522185294,0.268,0.305,5.60689089353275e-32,"0","TLN2"
2.05170990686866e-36,0.54095193101237,0.362,0.38,6.88102468565613e-32,"0","ITGAX"
2.14592210715369e-36,0.290839043479069,0.238,0.295,7.19699356297205e-32,"0","SNX13"
2.36626456104643e-36,0.387688285224245,0.27,0.306,7.93597808483751e-32,"0","PRRC2B"
2.664226867716e-36,0.329834593045447,0.246,0.301,8.93528406894591e-32,"0","IPCEF1"
3.73398842522804e-36,0.269332762665287,0.214,0.275,1.25230503805298e-31,"0","LPIN2"
4.4907125357964e-36,0.292073366361767,0.245,0.303,1.5060951702554e-31,"0","TFEC"
6.4477720379927e-36,0.271785646958389,0.188,0.251,2.16245378610199e-31,"0","PIAS2"
7.14076000382475e-36,0.25535868645853,0.187,0.251,2.39486809008275e-31,"0","STAT6"
8.21551155695015e-36,0.405459340616196,0.214,0.256,2.75531826596994e-31,"0","IRAK3"
9.96565705599643e-36,0.279806869310393,0.198,0.257,3.34228206344008e-31,"0","SREK1"
1.01545445564177e-35,0.386486519576941,0.234,0.281,3.40563115333137e-31,"0","ZFYVE16"
2.38348116764301e-35,0.27434035990697,0.193,0.255,7.99371914004112e-31,"0","CNOT2"
3.12227147950346e-35,0.314035843067016,0.68,0.744,1.04714740879587e-30,"0","MEF2C"
3.12961824113764e-35,0.358644609922627,0.23,0.273,1.04961136571274e-30,"0","GATAD1"
3.77536756491337e-35,0.599905598996569,0.252,0.26,1.26618277392065e-30,"0","CNTRL"
4.06149297259357e-35,0.559973010784656,0.233,0.256,1.36214351314843e-30,"0","VASH1"
5.00070863596493e-35,0.298621149288131,0.194,0.251,1.67713766232992e-30,"0","ZNF655"
1.23340656871994e-34,0.304986323371227,0.203,0.255,4.13659895017292e-30,"0","ZNF24"
1.56989922933483e-34,0.335311718781931,0.194,0.25,5.26512803534315e-30,"0","SENP6"
1.72826333429468e-34,0.311308825654782,0.356,0.418,5.7962495705575e-30,"0","SPECC1"
2.42653970897324e-34,0.559179236830791,0.304,0.324,8.13812887595447e-30,"0","CACNA1A"
2.45473535133512e-34,0.317527043064142,0.238,0.299,8.23269142130773e-30,"0","IDS"
3.85632540622762e-34,0.388005304009482,0.212,0.251,1.29333441474062e-29,"0","EML4"
7.80468959550294e-34,0.447798858386911,0.239,0.281,2.61753679653978e-29,"0","XAF1"
1.15747716036628e-33,0.300317549529382,0.201,0.257,3.88194690043644e-29,"0","PPIG"
6.71968541654444e-33,0.250318445484149,0.203,0.262,2.25364809500067e-28,"0","SUSD6"
1.28949814114199e-32,0.257625109938055,0.234,0.288,4.32471886576199e-28,"0","MUC20-OT1"
3.73826979106301e-32,0.315644995044043,0.221,0.277,1.25374092252671e-27,"0","ZMAT3"
4.64806115893017e-30,0.326226460791605,0.428,0.466,1.558866751482e-25,"0","DST"
6.40629838681872e-30,0.308867520909655,0.419,0.462,2.14854435297126e-25,"0","NAIP"
1.03488836003846e-29,0.256867147700297,0.201,0.257,3.47080858189699e-25,"0","ATP2B1"
1.25336562117608e-29,0.263333786809705,0.247,0.304,4.20353762030035e-25,"0","CLEC7A"
1.48263218266008e-29,0.502347951504174,0.247,0.257,4.97245181420538e-25,"0","ATP8B4"
2.35047902410633e-29,0.267396213828333,0.247,0.298,7.88303655104782e-25,"0","TRIM22"
5.58326251260813e-29,0.401470505870545,0.249,0.281,1.87251458147851e-24,"0","USP53"
2.98896992218454e-27,0.322430220793585,0.202,0.254,1.00244073250225e-22,"0","RTTN"
3.37869779862219e-27,0.336856566316666,0.864,0.88,1.13314766770191e-22,"0","SORL1"
2.94213154117512e-25,0.513114360247098,0.291,0.297,9.86732076279312e-21,"0","P2RY13"
3.5089585191088e-24,0.494567354197333,0.305,0.298,1.17683450813871e-19,"0","CACNB4"
1.15271574994137e-19,0.265034409917693,0.221,0.26,3.86597808215338e-15,"0","P2RY12"
1.53816577834952e-11,0.399767445539026,0.957,0.961,5.15870038742861e-07,"0","NEAT1"
1.04283865290653e-51,1.25521416734516,0.568,0.334,3.49747227411791e-47,"1","CD14"
1.36882318973548e-49,0.677497661750012,0.89,0.71,4.59075921373487e-45,"1","B2M"
2.68205040322521e-45,0.957908245374878,0.625,0.436,8.99506064233671e-41,"1","FCGR3A"
9.06871874071908e-43,1.19342867283015,0.827,0.736,3.04146689126237e-38,"1","SPP1"
1.58237233485318e-39,0.885853356946384,0.629,0.415,5.30696033663059e-35,"1","CX3CR1"
2.24628850918831e-39,1.13764025721378,0.449,0.239,7.53360240211576e-35,"1","CD68"
5.29955688935425e-39,0.697122067415229,0.796,0.614,1.77736538955163e-34,"1","C1QB"
7.72323156315273e-38,0.858157546846618,0.617,0.399,2.59021740165016e-33,"1","TGFBR1"
8.52926457699019e-38,0.654754738826732,0.799,0.639,2.86054475383097e-33,"1","LAPTM5"
1.51914908646995e-37,0.690540998772616,0.79,0.627,5.09492220620291e-33,"1","HLA-DRA"
2.56593778733548e-37,0.680779376383424,0.803,0.654,8.60564215116572e-33,"1","CTSB"
1.44640333857041e-36,0.656057722161993,0.868,0.74,4.85094751689745e-32,"1","ZFP36L1"
8.94785667351488e-34,1.29328003679852,0.336,0.154,3.00093217116342e-29,"1","FOS"
1.79031020648247e-33,0.729141476860523,0.477,0.264,6.00434237050091e-29,"1","XIST"
1.15161260372377e-32,1.2258121251689,0.318,0.138,3.86227835036877e-28,"1","RGS1"
2.05576329995488e-32,1.11478897613105,0.444,0.257,6.89461895538867e-28,"1","VMP1"
2.31598849810391e-30,0.523475835590852,0.871,0.733,7.76736222494088e-26,"1","ACTB"
2.61171168025634e-30,0.727058665680559,0.635,0.452,8.7591586332437e-26,"1","HLA-B"
5.09156902890147e-30,0.558441062487194,0.751,0.593,1.70761042091297e-25,"1","SLCO2B1"
6.33125631857274e-30,0.556515797220086,0.862,0.735,2.12337674412293e-25,"1","C3"
2.19170877837715e-29,1.04663959688159,0.424,0.252,7.35055290092129e-25,"1","OLR1"
4.13807122307254e-28,1.17980369545767,0.335,0.17,1.38782632679407e-23,"1","ZFP36"
1.13324331329421e-26,1.18431600212464,0.325,0.17,3.80067142412611e-22,"1","KCNMB1"
2.47570684381449e-26,0.816880525581268,0.485,0.312,8.30302561278505e-22,"1","FCGR1A"
5.1765196207136e-26,0.497601022772146,0.848,0.733,1.73610115039493e-21,"1","CSF1R"
1.02114907870041e-25,0.493044719768116,0.871,0.791,3.42472978014544e-21,"1","PSAP"
3.77039194518526e-25,0.713569848956996,0.518,0.339,1.26451405057623e-20,"1","ITGB2"
7.04533076365122e-25,0.522557798079508,0.788,0.639,2.36286303151335e-20,"1","A2M"
1.45928656096723e-24,0.909608853379793,0.393,0.224,4.8941552681719e-20,"1","SRGN"
4.63572075769066e-24,0.857461541509624,0.435,0.274,1.55472802771429e-19,"1","TREM2"
1.03978979210104e-23,0.864956671293876,0.452,0.283,3.48724700474846e-19,"1","SLC11A1"
1.52057797857354e-22,0.809803473613036,0.478,0.337,5.09971442453994e-18,"1","GPR34"
2.37197761828341e-22,0.854857998962948,0.436,0.294,7.95513853619891e-18,"1","CD63"
1.071174065442e-21,0.549906613623818,0.672,0.523,3.59250358067937e-17,"1","C1QC"
3.13661466107562e-21,0.534368687468322,0.666,0.52,1.05195782503154e-16,"1","HLA-E"
3.61167681798729e-21,0.807491419786657,0.401,0.241,1.21128417121658e-16,"1","TNFRSF1B"
1.11140935863364e-20,0.869269486411209,0.424,0.277,3.72744470698551e-16,"1","CALR"
2.21825163770734e-20,0.920480526471521,0.325,0.181,7.43957234254287e-16,"1","SYNGR2"
3.71959691922737e-20,0.623697584750298,0.497,0.33,1.24747841477048e-15,"1","ITGAX"
8.57738593167272e-20,0.429243526327198,0.769,0.634,2.8766836937644e-15,"1","BHLHE41"
9.9923342779711e-20,0.567508265542166,0.645,0.511,3.35122907014595e-15,"1","CD81"
1.18705967462949e-19,1.21247453799635,0.271,0.15,3.98116073677239e-15,"1","HAMP"
2.64536772867917e-19,0.646557478044365,0.473,0.313,8.87203428844419e-15,"1","HTRA1"
4.59731328440197e-19,0.769794827803302,0.468,0.349,1.54184692932273e-14,"1","CTSD"
6.32812351294021e-19,0.544212731767862,0.596,0.447,2.12232606376989e-14,"1","HLA-A"
7.28959605190579e-19,0.738671646392445,0.368,0.219,2.44478472388816e-14,"1","CYTH4"
7.36240155168744e-19,0.557717968505926,0.618,0.475,2.46920223240493e-14,"1","C1QA"
1.02289951555585e-18,0.562367522878104,0.635,0.505,3.4306003952712e-14,"1","DENND3"
1.18077384877843e-18,0.930112186307025,0.358,0.223,3.96007933403311e-14,"1","HSPA5"
1.55037535357145e-18,0.569289806039696,0.584,0.432,5.19964886080791e-14,"1","ST6GAL1"
2.18794431068645e-18,0.506697434845687,0.542,0.379,7.3379276291802e-14,"1","SLC2A5"
2.30966213233304e-18,0.925075892107679,0.343,0.213,7.74614485941854e-14,"1","VSIG4"
2.68010959246205e-18,0.750603106715914,0.416,0.278,8.98855155119923e-14,"1","HAVCR2"
1.3469523478614e-17,0.577023838282312,0.553,0.406,4.51740878425755e-13,"1","MKNK1"
1.88007033141491e-17,0.848506727152578,0.297,0.165,6.30537987749932e-13,"1","PFKFB3"
2.90896027355895e-17,0.586370917802235,0.534,0.39,9.75607096546201e-13,"1","ADGRG1"
3.2186506190862e-17,0.650079237375708,0.469,0.324,1.07947104462913e-12,"1","HLA-DMB"
1.117036922906e-16,0.912496264209832,0.294,0.174,3.74631843204216e-12,"1","PDIA3"
1.2823039237523e-15,0.407443551004106,0.776,0.677,4.30059089948045e-11,"1","SLC1A3"
1.52613993355563e-15,0.843280166795188,0.334,0.219,5.11836810915888e-11,"1","BTG2"
2.13025900803113e-15,0.741333641334686,0.354,0.225,7.14446266113481e-11,"1","PPT1"
1.18079247667979e-14,0.74772499275862,0.356,0.236,3.96014180828868e-10,"1","CXCL16"
2.77015750489317e-14,0.769690691147466,0.33,0.204,9.2905542399107e-10,"1","PADI2"
2.78493252705834e-14,0.413610049581692,0.64,0.506,9.34010670924826e-10,"1","LPCAT2"
4.94047407195996e-14,0.541093259289157,0.532,0.419,1.65693619425393e-09,"1","NAIP"
1.12438763056749e-13,0.385253448399063,0.693,0.569,3.77097123539723e-09,"1","WSB1"
1.14314827037908e-13,0.972577726750778,0.262,0.159,3.83389066919737e-09,"1","SGK1"
2.65018448884064e-13,0.754947388459155,0.302,0.195,8.88818873867374e-09,"1","IGSF6"
3.49762695188919e-13,0.793725338360381,0.304,0.194,1.1730341271246e-08,"1","TMEM119"
6.90138872939445e-13,0.716898419819985,0.331,0.213,2.31458775206431e-08,"1","IFI44L"
9.31173519124443e-13,0.292926023308083,0.89,0.808,3.12296974843956e-08,"1","CD74"
9.68611875164024e-13,0.509329882326293,0.553,0.429,3.2485305069251e-08,"1","HLA-DRB1"
1.88012059516322e-12,0.421988976886312,0.678,0.583,6.30554845205839e-08,"1","KCTD12"
2.34570080007538e-12,0.355575083062415,0.781,0.685,7.86701134329281e-08,"1","ITM2B"
3.50736291400092e-12,0.47322289900319,0.535,0.42,1.17629937409763e-07,"1","LHFPL2"
4.97798726509013e-12,0.536101732233348,0.457,0.34,1.66951736896593e-07,"1","GRN"
9.9149446431615e-12,0.757978110871529,0.267,0.164,3.3252741344235e-07,"1","IL4R"
1.30927528077954e-11,0.51495913829032,0.478,0.36,4.39104743667843e-07,"1","CTSC"
1.31166140386849e-11,0.730811226945287,0.284,0.181,4.39905001629414e-07,"1","CCR1"
1.41877560639363e-11,0.564083714264914,0.409,0.295,4.75828962872294e-07,"1","SPATA13"
2.10556793479237e-11,0.623751301897149,0.368,0.258,7.06165373970664e-07,"1","CLEC7A"
2.53311032381795e-11,0.698611701603776,0.292,0.194,8.49554540402063e-07,"1","STOM"
2.88856628305387e-11,0.349802624888116,0.515,0.388,9.68767360010605e-07,"1","CSF3R"
3.06970194031326e-11,0.666515068720734,0.295,0.199,1.02951663674226e-06,"1","LIPA"
3.19374942356985e-11,0.389238544272695,0.313,0.208,1.07111968167686e-06,"1","MLXIPL"
3.26899816360297e-11,0.583364883543678,0.32,0.209,1.09635660410916e-06,"1","LILRB4"
6.57749871376465e-11,0.469158910384422,0.553,0.47,2.20596151862239e-06,"1","ASAH1"
7.45847822799362e-11,0.377707778395261,0.624,0.507,2.5014244281045e-06,"1","LPAR6"
1.196160085755e-10,0.741928650993967,0.329,0.244,4.01168169560513e-06,"1","DUSP1"
1.95233452970226e-10,0.70172777789363,0.264,0.166,6.54773954571543e-06,"1","MNDA"
2.30289359552091e-10,0.321539481810768,0.872,0.807,7.72344454065802e-06,"1","SAT1"
2.90232467019458e-10,0.683123286941677,0.3,0.204,9.73381647889859e-06,"1","SERPINB9"
4.29609754666087e-10,0.51811230072656,0.356,0.247,1.44082519519912e-05,"1","COLGALT1"
4.7041995832902e-10,0.696160096609835,0.255,0.162,1.57769445624387e-05,"1","ITGAV"
7.18672810434931e-10,0.350001528069577,0.61,0.495,2.41028487163667e-05,"1","CYFIP1"
7.42230521503535e-10,0.60606629913701,0.345,0.245,2.48929272301855e-05,"1","C3AR1"
7.47033541191275e-10,0.477814502534623,0.46,0.37,2.5054010904473e-05,"1","RASSF4"
7.94010201885248e-10,0.437429399018914,0.467,0.358,2.66295141508274e-05,"1","CD53"
1.081963228714e-09,0.73147619023777,0.298,0.219,3.62868827646102e-05,"1","FCGBP"
1.92736525889232e-09,0.604338133256415,0.294,0.2,6.46399760527306e-05,"1","M6PR"
2.9678796789003e-09,0.49764223655634,0.365,0.263,9.95367486709583e-05,"1","LAMP1"
2.99318665449721e-09,0.364472589475011,0.57,0.461,0.000100385494018527,"1","MARCKS"
4.82001245492244e-09,0.520513305157471,0.304,0.207,0.000161653577713189,"1","PLCB2"
5.32662509627759e-09,0.357893350177376,0.459,0.35,0.000178644352478958,"1","ACTG1"
5.47260490340735e-09,0.439089882196597,0.51,0.412,0.000183540223250476,"1","CYBB"
6.27422435004948e-09,0.465679274377653,0.429,0.328,0.000210424936251959,"1","SAMHD1"
6.47968536268449e-09,0.434771752772757,0.371,0.267,0.000217315687693712,"1","P2RY13"
6.6911965145124e-09,0.499303316187128,0.355,0.254,0.000224409348703717,"1","FGL2"
7.98299064732749e-09,0.62417488886221,0.266,0.178,0.000267733540330069,"1","UGCG"
8.81116735026251e-09,0.655857035752335,0.283,0.202,0.000295508930593104,"1","KCNQ1OT1"
1.13388404941985e-08,0.452227559319718,0.422,0.323,0.000380282032494428,"1","HLA-C"
1.20546100300016e-08,0.414090179432695,0.42,0.318,0.000404287511186194,"1","HLA-DPB1"
1.57122369746412e-08,0.652832448609245,0.257,0.174,0.000526957003655515,"1","PTTG1IP"
3.11178931388561e-08,0.441648839113099,0.439,0.353,0.00104363190009096,"1","VSIR"
4.29202617490515e-08,0.481033596768464,0.382,0.296,0.00143945973853969,"1","TIMP2"
5.62485864225211e-08,0.491320340286528,0.351,0.257,0.00188646509143851,"1","CMTM6"
6.86997873043779e-08,0.419905264882888,0.512,0.425,0.00230405346661423,"1","SCIN"
7.8256079349868e-08,0.469601516763151,0.353,0.261,0.00262455238923587,"1","FCGRT"
9.78893895723877e-08,0.586613712165769,0.263,0.179,0.00328301434747874,"1","TYMP"
1.13009558254218e-07,0.549328811176232,0.289,0.213,0.00379011456472995,"1","SRGAP3"
1.41837942590927e-07,0.38588201800018,0.445,0.35,0.00475696091861449,"1","IL17RA"
1.54381514233005e-07,0.44266024340966,0.412,0.32,0.00517764722434653,"1","HSP90B1"
1.61619750475008e-07,0.536697741292765,0.254,0.172,0.00542040319143082,"1","LAPTM4A"
2.39476107328234e-07,0.351503770585181,0.463,0.364,0.00803154968757432,"1","ENTPD1"
2.67105875742566e-07,0.491551997754296,0.299,0.216,0.00895819686065418,"1","LPAR5"
3.17140133701043e-07,0.555213022451733,0.29,0.209,0.0106362458040656,"1","ST8SIA4"
3.3320132941557e-07,0.410771231506813,0.321,0.232,0.0111749061859394,"1","APOC1"
3.36181425556734e-07,0.346749415151798,0.392,0.298,0.0112748526503218,"1","CSF2RA"
4.40474047994839e-07,0.322178078789547,0.519,0.427,0.0147726186216509,"1","CTSZ"
4.81517918448452e-07,0.519230934121151,0.258,0.179,0.0161491479489242,"1","SRSF2"
5.09248235594918e-07,0.56044809294398,0.258,0.184,0.0170791673253824,"1","RNF149"
5.78938814820405e-07,0.650992940375782,0.263,0.19,0.0194164499714467,"1","HIF1A"
6.43557821749965e-07,0.466163584969387,0.293,0.223,0.0215836422258503,"1","SSR1"
7.59319328858074e-07,0.417767284883843,0.423,0.338,0.0254660516512421,"1","TGOLN2"
9.28721514491111e-07,0.500560986359773,0.262,0.184,0.0311474621530029,"1","ATP6AP1"
9.95933610022464e-07,0.375215336853757,0.396,0.307,0.0334016214129334,"1","LAIR1"
1.05684356428482e-06,0.457626038118285,0.291,0.208,0.0354444194589842,"1","AP1B1"
1.13103562668239e-06,0.382368214044669,0.36,0.272,0.0379326728476741,"1","LST1"
1.17285956863723e-06,0.386546153018012,0.367,0.278,0.0393353642129553,"1","TLR2"
1.62078981843019e-06,0.571138672626884,0.251,0.179,0.0543580489305116,"1","LIMS1"
1.62462370825808e-06,0.316200382929587,0.561,0.477,0.0544866299275595,"1","TMBIM6"
2.19916534039122e-06,0.438244457284646,0.348,0.271,0.0737556071860406,"1","APLP2"
3.20950000488321e-06,0.483161379600077,0.292,0.215,0.107640211163773,"1","SCAMP2"
3.4874421203049e-06,0.470454313799362,0.341,0.266,0.116961833830786,"1","GNB4"
3.64342629270906e-06,0.499158615817099,0.261,0.187,0.122193231004876,"1","TM6SF1"
3.91098998284541e-06,0.524724248772786,0.278,0.211,0.131166782044669,"1","PTPN2"
3.93757665368731e-06,0.375189426449072,0.408,0.334,0.132058445811365,"1","ACTR2"
4.34998618600489e-06,0.470120084729799,0.306,0.228,0.145889836706232,"1","P2RY12"
4.75868414403581e-06,0.335327308311054,0.402,0.318,0.159596748822673,"1","ABR"
7.72898592009941e-06,0.273626372353762,0.58,0.499,0.259214729788294,"1","FUS"
8.06643365079558e-06,0.2692955516805,0.625,0.545,0.270532051780382,"1","IFNGR1"
9.30356833039583e-06,0.43580031115997,0.331,0.252,0.312023074664815,"1","CEBPA"
1.28967311484012e-05,0.260478173764104,0.298,0.225,0.43253056925508,"1","ERICH1"
1.5185818381387e-05,0.467592723083512,0.288,0.22,0.509301976874956,"1","SOAT1"
1.64271122738334e-05,0.341636132067798,0.386,0.305,0.550932491439823,"1","SAMSN1"
1.66723435260703e-05,0.328312629416367,0.55,0.477,0.559157057177347,"1","HLA-DPA1"
1.8180772440353e-05,0.4441834978413,0.354,0.293,0.609746746104559,"1","CANX"
2.20223747308604e-05,0.398228566805589,0.343,0.279,0.738586403723597,"1","HERPUD1"
2.49192572838945e-05,0.458109683417728,0.262,0.194,0.835742050787254,"1","TMBIM4"
2.80699304499014e-05,0.396912790975905,0.329,0.273,0.941409327428794,"1","ATP6V0B"
3.02292952982164e-05,0.410256612048938,0.333,0.262,1,"1","RUNX1"
3.23783315245955e-05,0.361533689018459,0.297,0.225,1,"1","SUSD6"
3.41157150086545e-05,0.336196844162583,0.37,0.296,1,"1","SERPINB6"
4.13166151873599e-05,0.315936213041991,0.289,0.218,1,"1","ARL6IP1"
4.24819532135782e-05,0.36728935318952,0.371,0.311,1,"1","SLC9A9"
4.77487512977537e-05,0.36791449892841,0.348,0.274,1,"1","TLN2"
6.53054185616825e-05,0.280906078464271,0.432,0.356,1,"1","KLF6"
6.86565498713969e-05,0.363150761470458,0.346,0.274,1,"1","NPC2"
6.88258975342961e-05,0.36729814643252,0.426,0.401,1,"1","GLUL"
8.03696456842985e-05,0.452450139251171,0.262,0.203,1,"1","TPM3"
0.000104907215389459,0.375278772346643,0.275,0.209,1,"1","OTULINL"
0.000118065712739233,0.318610156679295,0.427,0.366,1,"1","FGD2"
0.000129695005256909,0.446681521560872,0.25,0.189,1,"1","TAPBP"
0.000170394750794026,0.351801991494462,0.329,0.266,1,"1","CTNND1"
0.000170629969799613,0.34681733730655,0.38,0.32,1,"1","PTAFR"
0.000178485346934616,0.352045901784271,0.334,0.268,1,"1","SIRPA"
0.000179929644634484,0.2536660807541,0.445,0.371,1,"1","CD84"
0.000207376272713495,0.37165218982406,0.325,0.26,1,"1","CNPY3"
0.000228460284065338,0.304928231419259,0.444,0.374,1,"1","NAV3"
0.000235740818063406,0.251877812754863,0.506,0.439,1,"1","HNRNPDL"
0.000268413997325534,0.364815994513005,0.268,0.206,1,"1","PTPRJ"
0.000364253871748065,0.338191734640305,0.33,0.279,1,"1","MGAT1"
0.000365808592973596,0.381899815664475,0.318,0.259,1,"1","CD164"
0.000372186004032769,0.260949522488532,0.401,0.332,1,"1","ADAP2"
0.000389088548971888,0.323619478234284,0.254,0.195,1,"1","TMEM106A"
0.000459317470786819,0.305375464858374,0.317,0.253,1,"1","NABP1"
0.000631945421396892,0.384619582191116,0.303,0.258,1,"1","LGALS9"
0.000739046940585381,0.339155379975137,0.304,0.25,1,"1","BST2"
0.00101336833977949,0.295658561889365,0.341,0.278,1,"1","TSPAN14"
0.00105448558561174,0.25849352079252,0.29,0.231,1,"1","RB1"
0.00115836042671471,0.314306481673567,0.259,0.203,1,"1","CEBPB"
0.00117450126115556,0.382612077212006,0.266,0.212,1,"1","BACH1"
0.00158371212673564,0.26435766313944,0.423,0.369,1,"1","CTSS"
0.00163008500220352,0.37458570649519,0.256,0.203,1,"1","APOE"
0.00168767334154774,0.264753135737163,0.305,0.248,1,"1","LNPEP"
0.00225768042114381,0.279264771392431,0.353,0.297,1,"1","RSRP1"
0.00276080986594859,0.257200296057232,0.331,0.273,1,"1","SYK"
0.00295512153684221,0.317317556219518,0.265,0.212,1,"1","SPG7"
0.0034615276847461,0.314495792662209,0.26,0.209,1,"1","ABI1"
0.00360854119334022,0.341906814588166,0.31,0.264,1,"1","SELPLG"
0.00363875638360559,0.326646430558888,0.25,0.2,1,"1","EIF4A1"
0.00364702127104466,0.273550947794718,0.273,0.221,1,"1","HMGN1"
0.00365480463902245,0.281092484870257,0.317,0.262,1,"1","NUMB"
0.00381348673147075,0.392801818789064,0.259,0.209,1,"1","GABPB1-AS1"
0.00386195400797675,0.250790838502182,0.312,0.257,1,"1","MUC20-OT1"
0.00408194337138804,0.262886353110851,0.261,0.21,1,"1","ADORA3"
0.00446324042703232,0.275051301259227,0.32,0.277,1,"1","MOB1A"
0.00462095872380639,0.265567501660985,0.328,0.279,1,"1","SPTLC2"
0.00599213804865761,0.257524858836421,0.293,0.241,1,"1","ZKSCAN1"
0.00668596155895249,0.263303594118704,0.253,0.205,1,"1","GRB2"
0.0072000949130479,0.269947114706057,0.363,0.325,1,"1","ATP6V1B2"
0.00729028357956179,0.259093144655231,0.287,0.243,1,"1","SF1"
0.00769991228442253,0.300580388030608,0.295,0.248,1,"1","GATAD1"
0.00964202766324486,0.256371964959637,0.319,0.277,1,"1","ACTR3"
0,2.79709157170457,0.985,0.35,0,"2","HSPH1"
0,2.40753828732529,0.998,0.707,0,"2","HSP90AA1"
7.39231904901328e-304,2.89759576920048,0.939,0.213,2.47923596265807e-299,"2","DNAJB1"
3.34192170653193e-303,2.58211135780194,0.968,0.3,1.12081370193668e-298,"2","CHORDC1"
4.33755398574774e-279,3.25681875990324,0.865,0.172,1.45472885574008e-274,"2","HSPA6"
5.66859988953855e-279,2.1526684169748,0.992,0.615,1.90113503095344e-274,"2","HSPA1A"
3.53715261520745e-261,2.02371074158401,0.981,0.529,1.18629024408828e-256,"2","HSP90AB1"
2.81955695608908e-237,2.40842095508824,0.912,0.26,9.45623011933156e-233,"2","SLC5A3"
5.79941684679623e-228,3.26467142820428,0.724,0.093,1.94500842207852e-223,"2","BAG3"
6.31760462228676e-223,2.59197350737471,0.875,0.269,2.11879823822253e-218,"2","HSPD1"
5.13056807651203e-203,2.20867631797737,0.887,0.285,1.72068992150061e-198,"2","PTGES3"
3.11462945846891e-200,2.28169808350463,0.88,0.259,1.0445844277813e-195,"2","HSPB1"
2.23550694254029e-198,2.33494647440215,0.853,0.247,7.49744318389162e-194,"2","DNAJA1"
3.35080226075324e-197,2.58227226079315,0.785,0.172,1.12379206221142e-192,"2","FKBP4"
2.07951104229204e-192,2.96844507252048,0.677,0.097,6.97426413363904e-188,"2","TENT5A"
1.16841230104948e-189,3.07455487254865,0.685,0.113,3.91862117525976e-185,"2","IER5"
1.44928621959089e-185,2.01014012562312,0.893,0.331,4.86061612326391e-181,"2","DNAJB6"
1.93474242410731e-183,1.76973712584878,0.951,0.432,6.4887391419711e-179,"2","HSPA1B"
1.48399163390219e-178,2.72717384283581,0.699,0.129,4.97701114178115e-174,"2","HIBCH"
4.41442209889498e-172,2.94751430442306,0.641,0.1,1.4805088835274e-167,"2","SERPINH1"
9.30332920912946e-156,2.22333303900932,0.772,0.235,3.12015055015784e-151,"2","P4HA1"
4.20624403113524e-140,2.41430524519605,0.699,0.193,1.41069012316214e-135,"2","HSPE1"
4.80177107678041e-136,2.73778448412839,0.587,0.11,1.61041798373061e-131,"2","DNAJA4"
3.08199214074135e-130,1.84239436854572,0.783,0.271,1.03363852416183e-125,"2","SESN3"
1.36822092449014e-126,2.54037546502097,0.555,0.099,4.58873933655502e-122,"2","DNAJB4"
2.26747465624668e-123,1.3010508527149,0.946,0.55,7.60465650212013e-119,"2","MS4A6A"
1.88594700458019e-121,2.1428837401981,0.613,0.139,6.32508906396104e-117,"2","STIP1"
1.46709476890752e-119,2.29174251407757,0.591,0.129,4.92034243596203e-115,"2","CACYBP"
2.31812033455469e-117,1.75368421268482,0.751,0.256,7.77451197802952e-113,"2","ATP2C1"
1.76468004040723e-114,1.65644001370946,0.819,0.365,5.91838391951775e-110,"2","GPBP1"
4.24417575720392e-113,2.55353778134981,0.521,0.098,1.42341166545105e-108,"2","MRPS6"
4.60382758491943e-105,1.83819576324408,0.657,0.197,1.54403169543028e-100,"2","ST13"
5.74189429090946e-104,2.73194041508625,0.431,0.063,1.92571650728521e-99,"2","PKDCC"
2.7610616969005e-102,1.23520414367414,0.915,0.535,9.26004871906491e-98,"2","PLCG2"
9.43601976606287e-101,1.21979076686077,0.91,0.51,3.16465230914217e-96,"2","UBC"
1.60823624353456e-99,1.42639140229422,0.898,0.59,5.39370271356619e-95,"2","HNRNPU"
1.642129161171e-91,1.67871229489074,0.66,0.225,5.50737278073528e-87,"2","CPED1"
1.60188455956714e-89,1.54639994951606,0.69,0.255,5.37240043587627e-85,"2","FXR1"
3.26383211318567e-89,1.89734711118517,0.621,0.207,1.09462401412021e-84,"2","GATM"
2.78552980820339e-87,2.30633911862781,0.462,0.098,9.34210987075253e-83,"2","TMEM243"
1.23744089421163e-85,1.82755387579835,0.579,0.175,4.15012927100695e-81,"2","CASP1"
1.87167073409776e-85,1.37166414672536,0.76,0.333,6.27720930801706e-81,"2","SPECC1"
2.95002720267066e-83,1.98124328589413,0.509,0.132,9.89380123231686e-79,"2","HSPA4"
3.96191809883924e-82,1.70478805740243,0.613,0.211,1.32874809198871e-77,"2","ZC3HAV1"
3.35599387777697e-79,1.55502375165037,0.616,0.214,1.12553322672884e-74,"2","CCDC144A"
3.94881183562304e-78,1.55774922941198,0.596,0.201,1.32435251343125e-73,"2","MORC3"
2.05664560121708e-74,2.20995216727258,0.381,0.074,6.89757801736185e-70,"2","CGAS"
4.26956395845513e-73,1.72440972212258,0.545,0.176,1.43192636038668e-68,"2","SNAP23"
4.57943544637709e-71,1.79323765856275,0.533,0.172,1.53585106000595e-66,"2","NFKBIA"
2.60541106690022e-70,2.45659575752182,0.323,0.051,8.73802763616996e-66,"2","NKRF"
1.44567091687616e-69,1.80086670983564,0.46,0.125,4.84849112101928e-65,"2","NAA16"
4.17575316190134e-69,1.14131079921741,0.765,0.38,1.40046409543847e-64,"2","CLK1"
3.9016520276409e-67,0.836657181850417,0.944,0.705,1.3085360570302e-62,"2","HNRNPA2B1"
2.76948612399241e-66,1.73952970167189,0.465,0.134,9.28830256264573e-62,"2","ABHD3"
1.52080725492474e-65,1.13440298971061,0.751,0.375,5.10048337156658e-61,"2","XPO1"
3.32849385547642e-65,1.97417609531682,0.418,0.107,1.11631026924968e-60,"2","PPID"
1.46482783810268e-64,1.31003707064089,0.631,0.261,4.91273960342876e-60,"2","CACNA1A"
4.69528119224902e-64,1.97655579023475,0.403,0.1,1.57470340625648e-59,"2","MKNK2"
7.14780248103973e-64,1.61918844767457,0.523,0.177,2.3972299960911e-59,"2","HLA-DRB5"
8.03692531819658e-63,1.82837233965513,0.391,0.097,2.69542401321677e-58,"2","KANSL1L"
1.87820224548184e-61,1.4061913814119,0.511,0.175,6.29911469089699e-57,"2","SUGT1"
3.23821998842557e-58,1.00237246495185,0.785,0.434,1.08603421971817e-53,"2","NUFIP2"
4.11740792629938e-58,1.1895132248919,0.699,0.349,1.38089627032229e-53,"2","TACC1"
5.41721609654915e-58,1.25136300734607,0.629,0.277,1.81682593446065e-53,"2","MUM1"
6.09786489454921e-58,2.53989911650157,0.286,0.049,2.04510192833391e-53,"2","HSPA4L"
3.95582865409993e-57,1.64705925863811,0.447,0.139,1.32670581401204e-52,"2","AHSA1"
6.39283783222216e-57,0.83713018685234,0.897,0.611,2.14402995217067e-52,"2","IL6ST"
8.20290209613321e-57,1.50821839335597,0.469,0.155,2.75108930500116e-52,"2","CCT3"
4.16885687191164e-55,1.35478448126835,0.611,0.277,1.39815121770173e-50,"2","HSPA8"
5.98963428040291e-55,1.84307817214633,0.386,0.105,2.00880354496153e-50,"2","JUN"
1.39836011586249e-54,1.66421066488094,0.413,0.123,4.6898201565796e-50,"2","CCT4"
1.48441080587584e-53,1.22094204823823,0.574,0.241,4.9784169607464e-49,"2","EIF5"
3.31000130831044e-53,1.09555018088801,0.655,0.314,1.11010823878116e-48,"2","UBE2D3"
6.4789441410568e-53,1.56232110812272,0.404,0.122,2.17290828602763e-48,"2","TCP1"
6.93455177097731e-53,1.07411093218666,0.614,0.278,2.32570997295037e-48,"2","RSRC2"
1.97224775812543e-52,1.5870427261708,0.406,0.123,6.61452453120108e-48,"2","DDX3Y"
3.65737409248776e-52,1.23683597836052,0.58,0.251,1.22661012313855e-47,"2","CWF19L2"
2.1127393869213e-51,2.26645581753696,0.299,0.064,7.08570535585667e-47,"2","MRPL18"
5.47051607921919e-51,0.757660928888192,0.799,0.469,1.83470168264853e-46,"2","TXNIP"
1.31805338193675e-50,0.841006562634447,0.953,0.837,4.42048743233946e-46,"2","MT-ND3"
3.67775904027537e-50,1.14081270707047,0.655,0.328,1.23344682692755e-45,"2","FCGR2A"
2.15694123351272e-49,2.37733719917872,0.271,0.053,7.23394950895496e-45,"2","TNFAIP3"
2.39905013951056e-49,1.0298505792817,0.643,0.314,8.04593435789051e-45,"2","ZNF106"
3.25303884903671e-49,2.16706704423671,0.272,0.055,1.09100416918993e-44,"2","ELAVL4"
6.67934598575706e-49,0.86110150382081,0.712,0.384,2.2401190567032e-44,"2","OGFRL1"
9.6814999604198e-49,0.930217001458824,0.665,0.337,3.24698145672559e-44,"2","KIAA1109"
2.44096355245042e-48,1.4148574978519,0.492,0.192,8.18650356220821e-44,"2","SOD2"
1.18160272992637e-47,1.81954276210616,0.293,0.069,3.96285923562707e-43,"2","USPL1"
1.31920243656788e-46,0.72041968624481,0.951,0.761,4.42434113176135e-42,"2","MT-ND4"
1.68409679215e-45,1.50853862188367,0.374,0.118,5.64812382151268e-41,"2","ZNF124"
6.14406960136648e-45,1.04395461908778,0.643,0.329,2.06059806290629e-40,"2","HERC4"
1.79545009802269e-44,1.16092473459342,0.548,0.246,6.02158053874851e-40,"2","IRF2BP2"
1.41567271661459e-43,2.06725197562948,0.252,0.053,4.747883156982e-39,"2","MOB4"
3.44099574956416e-43,1.22615381654476,0.409,0.149,1.15404115448883e-38,"2","CTTNBP2"
1.85206173978684e-42,1.72057257636403,0.301,0.08,6.21144466289712e-38,"2","MLKL"
2.22041842022542e-42,1.09065244371612,0.465,0.192,7.44683929775201e-38,"2","MAML2"
3.13237382523053e-42,1.7749500899763,0.261,0.061,1.05053553350582e-37,"2","LINC02397"
6.43167721425207e-42,1.24785702371668,0.491,0.208,2.15705590411586e-37,"2","HMOX1"
7.92825259072767e-42,1.2922898082593,0.384,0.136,2.65897735387824e-37,"2","KLHL6"
3.04254858163441e-41,0.677742889901781,0.572,0.292,1.02040994330855e-36,"2","ITSN2"
7.15148407042923e-41,0.971980885720332,0.563,0.273,2.39846472754055e-36,"2","UBB"
4.45449522892117e-40,1.2327701117793,0.415,0.158,1.49394860987558e-35,"2","MBNL2"
7.98843016629879e-40,0.707898888365403,0.58,0.302,2.67915970917329e-35,"2","MAP3K2"
1.78866167838931e-39,1.53366026644705,0.266,0.069,5.99881353698207e-35,"2","SIDT2"
3.83550071349383e-39,0.913190657824523,0.597,0.307,1.28635022929156e-34,"2","KDM5A"
4.28247219251703e-39,0.75307513080994,0.685,0.391,1.43625552392636e-34,"2","REL"
1.46336892062545e-38,0.910331309762695,0.393,0.162,4.90784668599364e-34,"2","BCO2"
1.50580692303442e-38,1.66920543274341,0.305,0.089,5.05017525847283e-34,"2","PPP1R15A"
1.98116389335826e-38,0.847556743478074,0.619,0.331,6.64442746554493e-34,"2","ITPRIPL2"
2.84408670710811e-38,1.21188716237038,0.408,0.16,9.53849799829917e-34,"2","MECP2"
3.51656026089213e-38,0.491752958255665,0.98,0.856,1.179383980298e-33,"2","SORL1"
1.11360792302855e-37,0.733300751918631,0.926,0.782,3.73481825225314e-33,"2","MT-ATP6"
1.33099534894961e-37,0.877418052809201,0.601,0.316,4.4638922013072e-33,"2","ARHGAP21"
3.99943121023924e-37,1.08282772049573,0.503,0.232,1.34132923929004e-32,"2","LCP1"
5.95454844072331e-37,0.925615077752048,0.475,0.217,1.99703645604978e-32,"2","B3GNT5"
1.3880699769136e-36,1.08655599588661,0.482,0.218,4.65530908857284e-32,"2","MXD4"
3.00338392106839e-36,0.953077945311732,0.526,0.255,1.00727489944792e-31,"2","CREBRF"
5.86099377540081e-36,0.587614036004402,0.826,0.561,1.96566009239392e-31,"2","CELF2"
1.02168235517334e-35,0.83164099263836,0.575,0.302,3.42651828278033e-31,"2","SLC38A2"
1.05975210123789e-35,1.38142066784614,0.396,0.156,3.55419659713165e-31,"2","TAF7"
2.30411661344017e-35,0.855721234269979,0.69,0.416,7.72754629815563e-31,"2","CFLAR"
2.60673645510779e-35,0.842212205680941,0.365,0.154,8.7424727231405e-31,"2","LUZP1"
3.72394481410117e-35,0.562118444830003,0.831,0.569,1.24893661175325e-30,"2","GNAS"
1.23246239808516e-34,0.814260536569387,0.477,0.229,4.133432390698e-30,"2","SPEN"
3.06965806121348e-34,0.848787212618787,0.496,0.242,1.02950192056978e-29,"2","PRNP"
5.08948500866121e-34,0.540392058317098,0.905,0.685,1.7069114822048e-29,"2","ATM"
1.3541331133195e-33,0.882121611869697,0.607,0.336,4.54149163545095e-29,"2","TRA2B"
1.37099947963703e-33,1.00087930415066,0.431,0.192,4.59805805480666e-29,"2","THUMPD3-AS1"
1.41267257621809e-33,0.997639563318258,0.409,0.176,4.73782128612023e-29,"2","CDK6"
2.41375269828609e-33,1.20301591681168,0.337,0.125,8.09524379951189e-29,"2","CEBPZ"
2.96686271675274e-33,0.784277890298905,0.641,0.37,9.95026417944534e-29,"2","SKIL"
6.82269446638203e-33,1.18001146085445,0.433,0.191,2.2881952701352e-28,"2","MSN"
7.89078409813369e-33,0.59425597529122,0.619,0.361,2.64641117083208e-28,"2","KMT2E"
2.66449996230022e-32,0.668445433654401,0.646,0.381,8.93619997356247e-28,"2","MIR29B2CHG"
3.27617488644394e-32,1.26317314919955,0.291,0.098,1.09876353341557e-27,"2","DNAJB2"
6.36776516704679e-32,0.457954505558757,0.623,0.379,2.13562108172415e-27,"2","MPHOSPH8"
8.49779313522584e-32,0.749117103267348,0.597,0.336,2.84998986169204e-27,"2","PAPOLA"
1.53838001031506e-31,0.792867893943526,0.491,0.249,5.15941887859465e-27,"2","PHC3"
4.96645970015654e-31,0.583089179729531,0.645,0.391,1.6656512542385e-26,"2","NIPBL"
9.37296432397113e-31,0.782475350828768,0.453,0.224,3.14350477497344e-26,"2","CBWD1"
9.87750678816495e-31,1.42303706053862,0.284,0.094,3.31271822661476e-26,"2","MBOAT7"
9.88100632939698e-31,0.767934681623935,0.438,0.214,3.31389190275316e-26,"2","PPM1K"
4.70945476214769e-30,0.934813904367898,0.372,0.161,1.57945693812909e-25,"2","ARHGAP5"
5.09460193414895e-30,0.587626644506154,0.607,0.357,1.70862759667488e-25,"2","MIS18BP1"
6.17773392731862e-30,0.559105005492107,0.607,0.361,2.07188840454412e-25,"2","ADCY7"
1.0102422920916e-29,0.583146095607594,0.729,0.475,3.3881505992168e-25,"2","MS4A7"
1.71141701763239e-29,0.596452919439426,0.657,0.405,5.73975039373552e-25,"2","OAZ1"
2.22936478708461e-29,1.30742679664027,0.274,0.094,7.47684362292437e-25,"2","OTULIN"
2.39006054603149e-29,0.423213833196375,0.968,0.824,8.0157850592804e-25,"2","DDX5"
3.97082655142604e-29,1.20435841714302,0.343,0.138,1.33173580881726e-24,"2","CCT6A"
4.00841755120941e-29,1.17858386017449,0.257,0.089,1.34434307832461e-24,"2","HPGDS"
4.25009938778201e-29,0.974693238986724,0.342,0.143,1.42539833267433e-24,"2","ZBTB1"
4.94684431017201e-29,0.66420802522475,0.871,0.699,1.65907264474549e-24,"2","MT-CYB"
5.85100086489157e-29,0.648453853574698,0.655,0.402,1.96230867006733e-24,"2","LAT2"
6.78779697260791e-29,1.07642266217191,0.316,0.126,2.27649134867324e-24,"2","SPOPL"
8.40916451548466e-29,0.615730676881397,0.621,0.374,2.82026559520324e-24,"2","P2RX7"
8.4219769725342e-29,1.07739520304989,0.305,0.118,2.82456263704852e-24,"2","CCT5"
9.00172998503829e-29,0.809908984990894,0.465,0.237,3.01900020238214e-24,"2","TGFBR2"
9.84267321694987e-29,1.13204667649134,0.35,0.145,3.30103574350065e-24,"2","CASP4"
1.0169875335748e-28,1.23823907879384,0.254,0.085,3.41077279010317e-24,"2","CCND3"
1.03241221490465e-28,0.802535482324365,0.386,0.18,3.46250408634723e-24,"2","COPA"
3.6253082733572e-28,1.02683829877807,0.357,0.153,1.21585588871854e-23,"2","HSPA9"
3.86404648655573e-28,0.533569205933184,0.46,0.251,1.29592391066106e-23,"2","ATP6V0A1"
9.01068115661392e-28,1.28149152496857,0.255,0.088,3.02200224630518e-23,"2","CYSLTR1"
9.64776971608539e-28,1.12499734826674,0.362,0.155,3.23566900738072e-23,"2","BAZ2A"
1.1334260463569e-27,1.03363007934741,0.305,0.122,3.80128427427176e-23,"2","FOXP1"
1.16927241754882e-27,0.451022248145897,0.763,0.525,3.92150583397525e-23,"2","HP1BP3"
1.24881727770389e-27,0.78914844514062,0.45,0.229,4.1882833859633e-23,"2","CNDP2"
1.42251822433854e-27,0.888841531275252,0.411,0.197,4.7708416207866e-23,"2","FAM13A"
1.83335637592257e-27,0.4844974568626,0.47,0.265,6.1487106135691e-23,"2","SDCBP"
2.02777930153084e-27,0.747544405462644,0.569,0.327,6.80076622147413e-23,"2","KTN1"
2.33227574934792e-27,0.593054885463609,0.33,0.158,7.82198640816305e-23,"2","FAM149A"
1.05767859488991e-26,1.24745892335247,0.261,0.092,3.54724247154177e-22,"2","JADE2"
1.94250501863346e-26,0.964169662762776,0.303,0.126,6.51477333149291e-22,"2","RASAL2"
2.08630674295206e-26,0.772083045206824,0.349,0.162,6.99705555451263e-22,"2","HECA"
2.31817827949446e-26,0.529357719762991,0.357,0.187,7.77470631376852e-22,"2","TPR"
2.47869055596189e-26,0.464037851552654,0.694,0.457,8.313032386585e-22,"2","PRPF38B"
2.96764885521185e-26,0.765858707982507,0.448,0.233,9.9529007306095e-22,"2","LPP"
3.48828087481196e-26,0.978159717205347,0.381,0.176,1.16989963979444e-21,"2","IDH1"
4.23575231725998e-26,1.11469834368367,0.306,0.123,1.42058661216265e-21,"2","MIB1"
5.68824912948124e-26,1.25793463503095,0.254,0.088,1.90772499304542e-21,"2","TENT4B"
6.58973610078265e-26,0.57074607006968,0.582,0.354,2.21006569348049e-21,"2","PRMT2"
6.71214858775911e-26,0.778419448478726,0.526,0.294,2.25112039336265e-21,"2","GLS"
7.02051029836217e-26,0.780709448345029,0.345,0.161,2.3545387438647e-21,"2","SAFB2"
7.8924212611618e-26,1.11311681158993,0.306,0.124,2.64696024256844e-21,"2","ZRANB1"
7.98735370190833e-26,0.996877134277677,0.345,0.15,2.67879868454601e-21,"2","PGK1"
8.74903614300859e-26,1.28099172791687,0.274,0.1,2.93425174164222e-21,"2","GTF3C3"
1.8137686866795e-25,0.736241385387192,0.364,0.176,6.08301742138571e-21,"2","UBE2B"
4.39810215405839e-25,0.5969905465333,0.362,0.183,1.4750355004281e-20,"2","WDR26"
4.84366400012494e-25,0.534062702782165,0.408,0.222,1.6244680323619e-20,"2","PARVG"
5.40100123002432e-25,1.2765275545312,0.267,0.098,1.81138779252556e-20,"2","COL9A2"
6.79054921212544e-25,0.732600907850606,0.36,0.175,2.27741439476263e-20,"2","LARP4"
8.05316605008765e-25,0.439524322108938,0.508,0.307,2.7008708298784e-20,"2","DIP2A"
9.57012011723879e-25,0.790360603921191,0.384,0.189,3.20962688491954e-20,"2","PNRC1"
1.08491720336592e-24,1.11023751131642,0.261,0.097,3.63859531664861e-20,"2","RANGAP1"
1.92634072592438e-24,0.872678724820194,0.345,0.16,6.46056152660518e-20,"2","AFF1"
2.26505343201824e-24,0.976933967113742,0.333,0.15,7.59653620030276e-20,"2","AC245297.3"
2.92399756891112e-24,0.577389584990202,0.403,0.217,9.80650304661411e-20,"2","MKLN1"
2.94521295079161e-24,0.299130488919577,0.519,0.329,9.87765519436492e-20,"2","USP15"
3.53253659533765e-24,0.418199125587254,0.548,0.341,1.18474212334434e-19,"2","TCF25"
3.85640123393446e-24,0.71392475309844,0.325,0.156,1.29335984583694e-19,"2","STXBP3"
4.15920593301304e-24,0.451680900827848,0.638,0.418,1.39491448581391e-19,"2","SLC4A7"
4.8609337638683e-24,0.59962039718364,0.423,0.23,1.63025996572615e-19,"2","CTSH"
6.1257841424691e-24,1.1209591388413,0.289,0.116,2.05446548570129e-19,"2","RSBN1L"
7.32957010339391e-24,0.704134833675345,0.519,0.299,2.45819122127625e-19,"2","EIF4G2"
1.4551310516113e-23,1.19047832371135,0.25,0.093,4.88021852089398e-19,"2","HBP1"
1.52353763155459e-23,0.974253442408108,0.281,0.116,5.10964050870778e-19,"2","CNOT6L"
1.89021500243382e-23,0.599527733952206,0.401,0.215,6.33940307516256e-19,"2","IRAK3"
1.90292743488796e-23,0.74041280468568,0.257,0.113,6.38203803112724e-19,"2","IL16"
2.029380689739e-23,0.772741069217995,0.433,0.229,6.80613695724666e-19,"2","STAG2"
2.08686701296521e-23,0.623305459162374,0.33,0.169,6.99893458808273e-19,"2","NLRP1"
4.12481586666428e-23,0.506205361105597,0.506,0.302,1.38338074536187e-18,"2","NRIP1"
4.51205785505683e-23,0.83624074306423,0.311,0.141,1.51325396342896e-18,"2","SOD1"
4.59117501885585e-23,0.370384255845152,0.472,0.289,1.53978827782388e-18,"2","LILRB1"
4.92635871526445e-23,0.627681840782851,0.352,0.177,1.65220218592539e-18,"2","KLHL24"
5.76639322336495e-23,0.992138238869834,0.264,0.106,1.93393295925214e-18,"2","CALCOCO2"
7.36530323052241e-23,0.553440424680981,0.624,0.401,2.4701753974526e-18,"2","ARID1B"
8.44760123034831e-23,1.3574231643912,0.255,0.095,2.83315650063422e-18,"2","NUDC"
1.22417843429493e-22,0.507308151607463,0.438,0.25,4.10564963293832e-18,"2","ACIN1"
1.34978623639403e-22,0.558953121792142,0.343,0.182,4.52691307961831e-18,"2","NMT1"
1.70729736609144e-22,0.52724962953508,0.462,0.271,5.72593390639747e-18,"2","PCF11"
2.0736146412112e-22,0.309830349955796,0.555,0.365,6.95448878369413e-18,"2","MCF2L"
2.35085702750006e-22,0.466787724666494,0.47,0.282,7.8843042988297e-18,"2","EWSR1"
2.38134911200144e-22,0.609060636895321,0.643,0.421,7.98656865183042e-18,"2","ZFHX3"
3.6170295299064e-22,0.749860992032433,0.305,0.143,1.21307936374001e-17,"2","GRID2"
4.55216797957761e-22,0.71231282540422,0.279,0.128,1.52670609699074e-17,"2","AC098850.3"
5.15391765870981e-22,0.673423863094574,0.332,0.166,1.7285209043781e-17,"2","TMOD2"
5.64859341862276e-22,0.596264296446194,0.323,0.164,1.8944252607377e-17,"2","UBE2W"
6.04057143685776e-22,1.08577086193184,0.259,0.105,2.02588684849336e-17,"2","AZIN1"
7.01015734326099e-22,0.282407120550867,0.597,0.407,2.35106656978287e-17,"2","RPL18"
1.01243730081014e-21,0.457205800485641,0.687,0.471,3.39551221945706e-17,"2","DOCK8"
1.02399273208316e-21,0.639196017440959,0.399,0.216,3.43426682486051e-17,"2","DISC1"
1.32967664831422e-21,0.657993672398719,0.362,0.187,4.45946954311622e-17,"2","BBX"
1.36979916173948e-21,0.319793461264045,0.535,0.349,4.59403242864187e-17,"2","MT-ND4L"
1.44623220158018e-21,0.502411118628366,0.596,0.385,4.85037355765962e-17,"2","SARAF"
1.44760754843671e-21,0.42838026419724,0.66,0.449,4.85498619594705e-17,"2","DOCK4"
1.46591268088637e-21,0.278767650781423,0.415,0.26,4.91637794915671e-17,"2","DOCK10"
1.93060209951286e-21,1.15295644274148,0.264,0.106,6.47485332134624e-17,"2","NOP58"
2.11994304727914e-21,0.825092802643366,0.409,0.215,7.10986499196479e-17,"2","INTS6"
2.30133585511746e-21,0.864506041734938,0.384,0.196,7.71822019089293e-17,"2","HLA-DQB1"
2.8875689028804e-21,0.301067331590598,0.399,0.243,9.68432858648028e-17,"2","TIAL1"
3.09069758246211e-21,0.465192686913777,0.618,0.41,1.03655815520614e-16,"2","PAG1"
3.16525834798223e-21,0.481730655370847,0.812,0.619,1.06156434474628e-16,"2","MT-ND2"
3.48429446013053e-21,0.331162764758478,0.492,0.313,1.16856267603858e-16,"2","KMT2C"
4.16470506221903e-21,0.522775518243981,0.521,0.323,1.39675878376702e-16,"2","PHIP"
4.63858046478947e-21,0.450911815776518,0.428,0.254,1.55568711628109e-16,"2","GPRIN3"
5.34260730590125e-21,0.755898988170793,0.352,0.176,1.79180363825316e-16,"2","PHF20"
6.94222753485331e-21,0.312748010473493,0.418,0.262,2.3282842706391e-16,"2","TFEC"
7.05084879361522e-21,0.927325670497217,0.32,0.149,2.36471366840267e-16,"2","ENGASE"
7.18597106574746e-21,0.637781046510201,0.301,0.149,2.41003097603038e-16,"2","UBXN7"
9.5784731937715e-21,0.665237494845419,0.274,0.133,3.21242833972709e-16,"2","SOS1"
1.1418684227762e-20,0.568449929170725,0.294,0.148,3.82959831630683e-16,"2","JUND"
1.1785873423318e-20,0.642938998079832,0.364,0.192,3.95274622871241e-16,"2","SETD5"
1.26406443366578e-20,0.449813164374528,0.626,0.419,4.23941929762828e-16,"2","RBM6"
1.69200911071266e-20,0.549488016520411,0.623,0.411,5.67466015550812e-16,"2","STX7"
2.20001469848158e-20,0.472771939956713,0.267,0.137,7.37840929576752e-16,"2","SMURF2"
3.10056824627354e-20,0.671907628881385,0.377,0.202,1.03986857843522e-15,"2","ARID4A"
3.55853020469778e-20,0.49321944018791,0.347,0.19,1.19345986005154e-15,"2","TUT7"
3.57658973135856e-20,0.53104549784301,0.32,0.171,1.19951666410303e-15,"2","TOR1AIP2"
4.22135437875902e-20,0.820969083818147,0.306,0.145,1.4157578315482e-15,"2","PPP1R18"
4.83178091046396e-20,1.03340491267136,0.259,0.108,1.6204826817514e-15,"2","ACSL4"
5.02136246202565e-20,0.271338006496762,0.371,0.227,1.68406454251416e-15,"2","TIAM1"
5.15331563899263e-20,0.448296572560646,0.553,0.361,1.72831899900535e-15,"2","FAM49B"
5.18179735988601e-20,0.719179486722725,0.384,0.205,1.73787119855857e-15,"2","PIAS2"
6.85073733882167e-20,0.311774111732918,0.68,0.484,2.29760028869401e-15,"2","MACF1"
7.13097616342315e-20,0.47315262604911,0.343,0.192,2.39158678568886e-15,"2","EP300"
7.3791338264299e-20,0.250695384923007,0.442,0.285,2.47481390270806e-15,"2","ZNF292"
7.52606454681935e-20,0.722777689789532,0.382,0.205,2.52409152771227e-15,"2","STAT6"
7.77849726891162e-20,0.899199311874363,0.293,0.134,2.60875241404758e-15,"2","CCT8"
1.01142380049702e-19,0.51657250931056,0.492,0.303,3.3921131421069e-15,"2","MED13L"
1.05643384157019e-19,0.748171909622186,0.374,0.197,3.54306781785811e-15,"2","RAB31"
1.16709931824192e-19,0.606819370896013,0.303,0.158,3.91421769351974e-15,"2","SLC15A2"
1.42372260992173e-19,0.393680861764428,0.459,0.286,4.77488088915549e-15,"2","COTL1"
1.4648609740304e-19,0.434034356147979,0.609,0.409,4.91285073470316e-15,"2","PCM1"
1.73745318052877e-19,0.431428664828502,0.318,0.177,5.82707047685739e-15,"2","CTBP2"
1.9700330953117e-19,0.874133185487966,0.377,0.198,6.60709699505638e-15,"2","OFD1"
2.60960293461655e-19,0.283510883121219,0.362,0.216,8.752086322117e-15,"2","RTTN"
2.66756887185999e-19,0.447499630973954,0.394,0.233,8.94649248244402e-15,"2","LPIN2"
2.7701049055172e-19,0.940915205129651,0.261,0.115,9.2903778321236e-15,"2","GTF2H2"
2.9867404735369e-19,0.280481129542222,0.646,0.46,1.00169302001481e-14,"2","TNRC6B"
3.13031015581406e-19,0.517368767708558,0.599,0.397,1.04984342005692e-14,"2","GPATCH2L"
3.5897263947021e-19,0.454379189280065,0.343,0.195,1.20392243825519e-14,"2","ZNF652"
4.90954560514823e-19,0.606622730728707,0.323,0.17,1.64656340505461e-14,"2","ANAPC16"
5.06915744760136e-19,0.34871610904866,0.355,0.212,1.70009402477654e-14,"2","NUTM2B-AS1"
6.84274649690032e-19,0.695821073683605,0.34,0.177,2.29492032013043e-14,"2","NR3C1"
7.96575159893254e-19,0.327864224854845,0.685,0.493,2.67155377125e-14,"2","SF3B1"
1.15690242935913e-18,0.625878265113926,0.367,0.2,3.88001936758465e-14,"2","NFAT5"
1.16707985822302e-18,0.571524435264139,0.311,0.166,3.91415242850838e-14,"2","PCMTD1"
1.18048795741065e-18,0.28845913987187,0.472,0.31,3.95912051156385e-14,"2","ATP6V1B2"
1.30498996331504e-18,0.704962659645937,0.32,0.165,4.37667533896598e-14,"2","UBR2"
1.50732077724367e-18,0.494424411259339,0.315,0.171,5.05525242271983e-14,"2","UHMK1"
2.06287034423921e-18,0.918765573113448,0.274,0.126,6.91845456050946e-14,"2","MITD1"
2.18471640353316e-18,0.6541781191702,0.306,0.159,7.32710187416951e-14,"2","YY1"
2.45674264374326e-18,0.744141446231757,0.301,0.151,8.23942347858615e-14,"2","SSB"
2.58357547204995e-18,0.268867225788349,0.528,0.362,8.66479541816112e-14,"2","CLTC"
3.05149862946699e-18,0.438753758397906,0.369,0.218,1.02341161035064e-13,"2","SMAP2"
3.21896315018044e-18,0.559519309273228,0.413,0.242,1.07957586130752e-13,"2","CCNI"
3.26015435295824e-18,0.336291570004632,0.43,0.274,1.09339056689513e-13,"2","MLLT6"
4.25604700905242e-18,0.562675654035217,0.335,0.182,1.427393045896e-13,"2","ZMYND8"
4.47817563820573e-18,0.33947316525208,0.44,0.281,1.50189054554144e-13,"2","TAOK1"
4.73711182237558e-18,0.371547632905123,0.369,0.224,1.58873256298832e-13,"2","PTBP3"
5.59299017135354e-18,0.589895131747005,0.283,0.147,1.87577704366855e-13,"2","JAK1"
6.0865596660857e-18,0.266593846939658,0.481,0.323,2.04131038081182e-13,"2","DPYSL2"
6.30990351235739e-18,0.252567652377997,0.562,0.396,2.11621543997442e-13,"2","GTF2I"
6.38743243163017e-18,0.622483373508094,0.428,0.25,2.14221708892013e-13,"2","WAC"
7.0388528600128e-18,0.703222068418875,0.269,0.132,2.36069047219109e-13,"2","CXCL12"
8.7353113139172e-18,0.348808315656026,0.443,0.283,2.92964870846155e-13,"2","HELZ"
9.94814750805652e-18,0.573225961757496,0.279,0.146,3.336409711252e-13,"2","RUBCNL"
1.14277680519209e-17,0.421577141957345,0.298,0.168,3.83264484925324e-13,"2","CDK12"
1.17011184274757e-17,0.638587263586225,0.288,0.147,3.92432109820678e-13,"2","INO80D"
1.40274165359144e-17,0.635308482531731,0.408,0.236,4.70451495781496e-13,"2","MARK3"
1.50042131101777e-17,0.698349991340673,0.296,0.149,5.03211299289141e-13,"2","SQSTM1"
1.55227682813519e-17,0.781649157052698,0.266,0.127,5.20602602619979e-13,"2","NOP56"
1.6157288405564e-17,0.502641437210131,0.291,0.156,5.41883138545804e-13,"2","CUX1"
1.68363443249497e-17,0.56258837997729,0.354,0.197,5.64657315970163e-13,"2","NCOA3"
2.50466361105021e-17,0.80190756292489,0.271,0.13,8.4001408187402e-13,"2","TMED5"
2.8394945890667e-17,0.396851892212886,0.445,0.283,9.52309695281191e-13,"2","CEP350"
3.21273860881204e-17,0.58376639532743,0.296,0.161,1.07748827462338e-12,"2","PPP1R10"
3.39583467207574e-17,0.397735804003215,0.32,0.187,1.13889503232076e-12,"2","NCOR2"
3.64911312913668e-17,0.256501721894851,0.826,0.653,1.22383956124986e-12,"2","MT-ND1"
3.89419597592057e-17,0.782090819982399,0.296,0.15,1.30603544640424e-12,"2","LRCH1"
5.72366427254006e-17,0.679239641258536,0.357,0.198,1.91960252372448e-12,"2","YPEL2"
5.76925455173044e-17,0.516942614238989,0.389,0.23,1.93489259155935e-12,"2","RANBP2"
5.81004916132173e-17,0.453593746370536,0.413,0.253,1.94857428772408e-12,"2","KMT2A"
6.53033024908665e-17,0.480670486137505,0.296,0.165,2.19014215893868e-12,"2","ATP10D"
6.59937754154675e-17,0.258523734705606,0.399,0.263,2.21329923988395e-12,"2","TPP1"
8.43092831855202e-17,0.618849073700155,0.286,0.15,2.82756473947598e-12,"2","FER"
9.51839828101863e-17,0.25393220949356,0.393,0.258,3.19228041548803e-12,"2","CHD2"
1.1344979627881e-16,0.294835227471241,0.327,0.199,3.80487926759874e-12,"2","RHOQ"
1.18677432873656e-16,0.315580477550687,0.508,0.344,3.98020374371666e-12,"2","NAP1L1"
1.50125693821958e-16,0.451583485640912,0.484,0.313,5.03491551940082e-12,"2","GNAQ"
1.50726640882957e-16,0.781965670161455,0.286,0.141,5.0550700819326e-12,"2","SNX3"
1.81313858633049e-16,0.363696792657155,0.379,0.234,6.08090419083521e-12,"2","ZNF148"
1.87033159498261e-16,0.594117846669011,0.321,0.177,6.27271810325269e-12,"2","PDS5A"
2.4187367220978e-16,0.570679946997474,0.318,0.176,8.11195921857159e-12,"2","ELF1"
2.56479929657572e-16,0.425005600393088,0.305,0.176,8.60182388085566e-12,"2","TLN1"
2.66890300953552e-16,0.389840751454261,0.513,0.344,8.95096691338023e-12,"2","SRGAP2B"
2.85751226780939e-16,0.694379569871942,0.327,0.175,9.58352464377914e-12,"2","CBL"
3.14746003674106e-16,0.419184864132673,0.418,0.265,1.05559514712222e-11,"2","SMARCA2"
3.45871267267151e-16,0.43240246008438,0.36,0.218,1.15998305616057e-11,"2","ZNF24"
3.74499767468968e-16,0.699227526001897,0.276,0.141,1.25599732013742e-11,"2","PANK2"
4.36986016374972e-16,0.333598540003688,0.401,0.255,1.46556370171838e-11,"2","NF1"
4.65265765871623e-16,0.388647468898855,0.321,0.191,1.56040832558025e-11,"2","KAT6A"
4.92727440595299e-16,0.625112178127309,0.296,0.161,1.65250929026851e-11,"2","CBWD5"
4.99525979344488e-16,0.403691990694306,0.35,0.212,1.67531022952554e-11,"2","ETNK1"
5.32394335381385e-16,0.570316372081546,0.316,0.175,1.78554412200209e-11,"2","NFATC2"
6.16026861086657e-16,0.423727799740142,0.374,0.226,2.06603088671243e-11,"2","ACSL1"
8.02068074653292e-16,0.623852780951364,0.279,0.147,2.68997590877221e-11,"2","PDS5B"
8.37551215098326e-16,0.474569436460609,0.323,0.185,2.80897926519677e-11,"2","NFE2L2"
8.83432865004633e-16,0.660725288816288,0.393,0.23,2.96285714265254e-11,"2","LAP3"
1.00278919136583e-15,0.460845725818115,0.325,0.19,3.36315439000271e-11,"2","TRPM7"
1.18519345670307e-15,0.524512544408608,0.301,0.167,3.97490181509075e-11,"2","UTRN"
1.24859896582439e-15,0.497079960994795,0.293,0.161,4.18755121158184e-11,"2","CBX5"
1.40307740510869e-15,0.704342865028183,0.343,0.191,4.70564100125352e-11,"2","G3BP1"
1.40458108351492e-15,0.334129486930181,0.364,0.232,4.71068403789235e-11,"2","PRPF40A"
1.6282176858444e-15,0.617960150770499,0.357,0.204,5.46071647478495e-11,"2","ATF7IP"
1.88185882087654e-15,0.633577079201347,0.283,0.153,6.31137811345575e-11,"2","CREBBP"
1.98678087044296e-15,0.528146270209364,0.291,0.165,6.66326568329159e-11,"2","FBXO11"
2.43026239639321e-15,0.428976548271519,0.362,0.223,8.15061402502354e-11,"2","DCP2"
2.51575693440788e-15,0.293360479604266,0.514,0.356,8.43734560661715e-11,"2","RBM5"
2.7977785312546e-15,0.390962936936856,0.594,0.417,9.38318963812169e-11,"2","BAZ2B"
2.81555616902127e-15,0.68371666044425,0.259,0.133,9.44281227966352e-11,"2","TSC22D2"
3.01324772856068e-15,0.260347404088329,0.618,0.454,1.01058302320468e-10,"2","SHTN1"
3.41234269140448e-15,0.348093881329736,0.377,0.242,1.14443149184323e-10,"2","TLR7"
3.72534461974072e-15,0.338623341784181,0.379,0.243,1.24940607856864e-10,"2","TUT4"
3.88111811505482e-15,0.405182736107318,0.404,0.261,1.30164939342709e-10,"2","PCBP1"
4.21155801696749e-15,0.607133642430798,0.274,0.148,1.41247232773056e-10,"2","STAG1"
5.74965236328627e-15,0.268415280590419,0.543,0.384,1.92831840959895e-10,"2","FGD4"
6.83803580675103e-15,0.293834663004797,0.384,0.254,2.29334044886816e-10,"2","ARAP1"
7.45569485098509e-15,0.371456517979454,0.276,0.164,2.50049093912338e-10,"2","RNF216"
8.8538791834993e-15,0.307418607952851,0.462,0.313,2.969414000562e-10,"2","JMJD1C"
1.25985660434749e-14,0.381161101258999,0.614,0.442,4.22530707966061e-10,"2","SFPQ"
1.39775481419136e-14,0.273872382007377,0.345,0.225,4.68779009583499e-10,"2","PPP1R12A"
1.48819466760605e-14,0.41956856209319,0.357,0.22,4.99110727621719e-10,"2","HNRNPR"
1.83336876918303e-14,0.348930755131528,0.306,0.19,6.14875217808605e-10,"2","FAM135A"
2.15080189621355e-14,0.459805272036374,0.259,0.148,7.213359399521e-10,"2","FLCN"
2.42469285360678e-14,0.55846012114997,0.389,0.236,8.13193489242642e-10,"2","LCOR"
2.89266419076725e-14,0.626626218756926,0.266,0.143,9.70141716299522e-10,"2","PRKACB"
2.95240513813506e-14,0.36565809037018,0.357,0.226,9.90177635227735e-10,"2","UPF2"
3.13800871404264e-14,0.618091244559506,0.255,0.135,1.05242536251562e-09,"2","USP6NL"
4.10359742773055e-14,0.379882714767395,0.293,0.176,1.37626450531227e-09,"2","TMF1"
4.25114639694225e-14,0.392401680233892,0.415,0.27,1.42574947860649e-09,"2","BRWD1"
4.67469288821854e-14,0.592137899773185,0.257,0.14,1.56779850085074e-09,"2","DYRK1A"
6.63565815084097e-14,0.304194995804053,0.303,0.187,2.22546703062905e-09,"2","PUM2"
6.96625228514587e-14,0.501549120982289,0.286,0.164,2.33634169139222e-09,"2","UBN2"
7.03867852047099e-14,0.36545510979794,0.367,0.234,2.36063200219556e-09,"2","KIF5B"
7.21962782694594e-14,0.436689664520863,0.252,0.142,2.42131878060113e-09,"2","PURB"
7.44865927993291e-14,0.625493787632698,0.267,0.143,2.4981313493039e-09,"2","ATG12"
7.99461514937742e-14,0.266802665835294,0.876,0.746,2.6812340287982e-09,"2","MT-CO2"
9.84518294028348e-14,0.491031597088807,0.257,0.143,3.30187745451227e-09,"2","YPEL3"
1.49537551063243e-13,0.39352388643297,0.262,0.15,5.01519038755906e-09,"2","ATF4"
1.85290755142159e-13,0.487888058396198,0.274,0.159,6.21428134595774e-09,"2","CMTR2"
1.98565076147087e-13,0.352332195523902,0.46,0.317,6.65947552382099e-09,"2","SKAP2"
2.32626760596246e-13,0.312401960204959,0.442,0.301,7.80183629687689e-09,"2","POGZ"
2.39858854662565e-13,0.509701182080396,0.269,0.155,8.04438626767311e-09,"2","HDAC9"
2.44756862447259e-13,0.454858932232579,0.276,0.159,8.20865565275616e-09,"2","CGGBP1"
2.95287692634004e-13,0.626364939824021,0.382,0.231,9.90335863555924e-09,"2","PTPRE"
3.77360156619825e-13,0.303571425629007,0.365,0.244,1.26559049327157e-08,"2","BRD2"
4.32156613042182e-13,0.428860748669347,0.306,0.186,1.44936684882087e-08,"2","PLEK"
4.51763566219644e-13,0.444372919114294,0.315,0.191,1.51512464838744e-08,"2","PTAR1"
5.53390049612219e-13,0.557809123150152,0.276,0.154,1.85595954838946e-08,"2","RC3H1"
5.65404936114077e-13,0.372085296584732,0.272,0.163,1.89625507473939e-08,"2","CLN8"
6.55976892764673e-13,0.282782326450027,0.313,0.199,2.20001530295416e-08,"2","SRP14"
7.0866103436755e-13,0.255907556940796,0.328,0.217,2.37670737706189e-08,"2","SENP6"
7.22421632734682e-13,0.273590767945323,0.384,0.259,2.42285767186558e-08,"2","SNX13"
7.75246037412816e-13,0.394510091437882,0.387,0.251,2.6000201602751e-08,"2","FOXN3"
7.99831005825531e-13,0.40496942582295,0.371,0.239,2.68247322733767e-08,"2","ROCK1"
8.48007090643041e-13,0.600012830622569,0.269,0.151,2.84404618059863e-08,"2","FUBP1"
8.94823846626144e-13,0.484038428475886,0.333,0.203,3.00106021681476e-08,"2","RSF1"
1.05606821796135e-12,0.324846000197182,0.32,0.203,3.54184158939879e-08,"2","ELMO1"
1.07156021343718e-12,0.550492880973048,0.299,0.176,3.59379864382561e-08,"2","MAFG"
1.08744112022835e-12,0.477822176534268,0.25,0.142,3.64706002902184e-08,"2","SRP19"
1.147953485092e-12,0.355999924158598,0.269,0.161,3.85000639830156e-08,"2","CMIP"
1.29092611541649e-12,0.262332046506903,0.315,0.208,4.32950800588382e-08,"2","RICTOR"
1.36322801097034e-12,0.333449417615024,0.303,0.191,4.57199410319234e-08,"2","YTHDC2"
1.4025135855488e-12,0.447353179282067,0.311,0.189,4.70375006321355e-08,"2","SNX18"
1.69842582705717e-12,0.471314735814604,0.276,0.165,5.69618053878434e-08,"2","RBM14"
2.06062544485882e-12,0.328687609025468,0.308,0.196,6.91092561696749e-08,"2","CCDC50"
2.20425371425259e-12,0.383498461900323,0.425,0.285,7.39262610686033e-08,"2","SRGAP1"
2.72043538218364e-12,0.342915775680138,0.279,0.173,9.12379618476748e-08,"2","VPS36"
2.8562130661917e-12,0.475215842290038,0.261,0.149,9.57916738139373e-08,"2","CEP290"
2.89205874471249e-12,0.350828102029943,0.293,0.182,9.69938661801674e-08,"2","IFNAR1"
3.458603585654e-12,0.527851492545515,0.279,0.163,1.15994647055664e-07,"2","ZNF562"
4.41715878116548e-12,0.305834434683865,0.349,0.234,1.48142671202728e-07,"2","NPEPPS"
4.89330459668456e-12,0.436256689271654,0.308,0.189,1.64111649563607e-07,"2","HOOK3"
4.96824182956275e-12,0.363544714896874,0.293,0.182,1.66624894479876e-07,"2","SWAP70"
5.21059749704499e-12,0.289061600038922,0.283,0.183,1.74753018855895e-07,"2","AFF4"
6.31447522231344e-12,0.469533633961298,0.277,0.166,2.11774870005948e-07,"2","NCK2"
9.57319501014969e-12,0.275642860000738,0.291,0.188,3.210658142504e-07,"2","SELENOW"
1.51775627904356e-11,0.326157985888309,0.328,0.213,5.0902510086563e-07,"2","NUAK1"
1.59434618592917e-11,0.437880165343517,0.274,0.164,5.34711823836925e-07,"2","ARHGEF2"
2.42243887523795e-11,0.454912585379645,0.296,0.182,8.12437549977305e-07,"2","SMCHD1"
2.90950285648081e-11,0.286261124935116,0.474,0.34,9.75789068006535e-07,"2","GSN"
3.05608872171453e-11,0.412998472375126,0.264,0.161,1.02495103548862e-06,"2","LINC01736"
4.04191558915476e-11,0.426639212158283,0.391,0.258,1.35557765029072e-06,"2","WNK1"
4.30598712040602e-11,0.262286995443912,0.365,0.254,1.44414196044177e-06,"2","ZMYM2"
5.17200316132467e-11,0.771128447201542,0.25,0.136,1.73458642024507e-06,"2","ATP6V1C1"
5.79592352884378e-11,0.307928003646819,0.296,0.191,1.94383683310363e-06,"2","USP8"
6.90704942066255e-11,0.414591309673087,0.261,0.162,2.3164862347018e-06,"2","RAB14"
8.42187817871704e-11,0.288964380812487,0.262,0.167,2.82452950357812e-06,"2","RPS26"
1.84393935565719e-10,0.461710485332225,0.271,0.163,6.18420381100308e-06,"2","LASP1"
2.77854697369965e-10,0.291175933790046,0.262,0.171,9.31869084039389e-06,"2","ABCD4"
2.82123835297506e-10,0.262385927773226,0.266,0.177,9.46186918820775e-06,"2","CCNT2"
3.8146447345867e-10,0.417061550130472,0.261,0.158,1.27935555108569e-05,"2","SUPT20H"
3.84194651305204e-10,0.31146317896949,0.308,0.206,1.28851202154739e-05,"2","ADAM17"
4.74520914372849e-10,0.306992541718098,0.283,0.184,1.59144824262366e-05,"2","SMC5"
6.03101954376962e-10,0.408220198442562,0.25,0.154,2.02268333458946e-05,"2","USP47"
6.51007222668615e-10,0.286316080984709,0.279,0.183,2.183348023386e-05,"2","MED13"
1.30289935507031e-09,0.339411602897568,0.264,0.169,4.36966385703482e-05,"2","RBBP6"
1.32600936969788e-09,0.263870029208708,0.372,0.265,4.44717022409275e-05,"2","FGFR1OP2"
1.86496132806624e-09,0.276199982717556,0.286,0.19,6.25470730206855e-05,"2","EIF2AK2"
2.06532627734715e-09,0.41203651520714,0.301,0.192,6.92669126896688e-05,"2","AGO3"
2.31635850907641e-09,0.476019875970507,0.328,0.211,7.76860316774047e-05,"2","CYLD"
2.84645906844368e-09,0.383391454233811,0.274,0.174,9.54645442374642e-05,"2","POLK"
3.26544655775306e-09,0.321162461190792,0.308,0.206,0.000109516546653922,"2","KDM2A"
4.04507206366346e-09,0.282125637553506,0.293,0.198,0.000135663626871145,"2","ELK4"
5.04147655070877e-09,0.2594274086879,0.276,0.186,0.000169081040557671,"2","NOL8"
6.95672948098648e-09,0.405891948640744,0.269,0.172,0.000233314793333325,"2","PEA15"
1.0294890258895e-08,0.314419166148243,0.266,0.175,0.00034527002950282,"2","EPM2AIP1"
2.15145720375233e-08,0.412147986918169,0.274,0.177,0.000721555716994457,"2","ATP5F1B"
2.52840770998768e-08,0.264476431786377,0.252,0.169,0.000847977377775668,"2","EPB41"
3.51510233318119e-08,0.329997087716839,0.398,0.286,0.00117889502050231,"2","SCARB2"
4.16063304322767e-08,0.287232030387568,0.345,0.245,0.00139539311003769,"2","MFSD1"
5.11573129788186e-08,0.255255012996122,0.484,0.367,0.00171571396268362,"2","TCF4"
8.85736294503083e-08,0.357149857760229,0.281,0.192,0.00297058238450444,"2","RPS6KA3"
1.31023932327579e-07,0.2597882694509,0.374,0.273,0.00439428064240236,"2","ZBTB20"
4.94101100768869e-07,0.259229657268224,0.281,0.201,0.0165711627175863,"2","LARP7"
7.741898281318e-07,0.278378882442118,0.289,0.204,0.0259647784558843,"2","CHD4"
1.23144600771759e-250,2.63173998607302,0.909,0.44,4.13002362068324e-246,"3","RPS27"
9.05648812570924e-248,2.38285058554842,0.934,0.498,3.03736498760037e-243,"3","RPL37A"
4.02712824364386e-220,2.59017212876621,0.888,0.358,1.35061827035328e-215,"3","RPL19"
1.33129671637849e-211,1.57216552863655,0.998,0.873,4.4649029273902e-207,"3","TMSB4X"
6.32428510093339e-206,2.24546557937097,0.903,0.431,2.12103873715104e-201,"3","RPS24"
5.8498699353693e-200,1.75157846463186,0.964,0.7,1.96192937892415e-195,"3","EEF1A1"
4.92143704837288e-198,2.23538075497315,0.882,0.413,1.6505515572833e-193,"3","RPL11"
5.75506894349701e-196,1.73056089357599,0.994,0.838,1.93013502227003e-191,"3","FTL"
2.24344807763109e-191,2.03785898343217,0.917,0.543,7.52407616275914e-187,"3","RPLP1"
1.29722127270484e-189,2.31980236496707,0.865,0.36,4.35062070439748e-185,"3","RPLP2"
1.2058821695028e-188,2.46137223557086,0.85,0.322,4.04428762007847e-184,"3","RPS6"
1.28101543495689e-179,2.72155754702702,0.789,0.235,4.29626956575843e-175,"3","RPL23A"
2.14531123915766e-176,2.37385083586123,0.833,0.319,7.19494483388695e-172,"3","RPL32"
1.83897973277269e-171,2.28813872526721,0.822,0.333,6.16757022777304e-167,"3","RPS11"
2.86770803234208e-168,2.22601425189319,0.844,0.354,9.61771919886888e-164,"3","RPS23"
1.49334108224635e-167,2.40925504186599,0.799,0.266,5.00836732163779e-163,"3","RPS20"
2.77023393631275e-167,2.19448550171785,0.85,0.39,9.29081057560572e-163,"3","RPS18"
2.1508463231338e-165,2.11995848674623,0.848,0.391,7.21350839852614e-161,"3","RPS27A"
1.33430685483092e-164,1.98308362606103,0.873,0.419,4.47499832973195e-160,"3","RPL37"
3.20662699948497e-164,1.7894962329763,0.943,0.603,1.07543856308727e-159,"3","TPT1"
5.40391190583648e-163,2.10395094207345,0.877,0.392,1.81236397497944e-158,"3","TMSB10"
1.84028787498509e-160,2.45759903346448,0.78,0.256,6.171957475125e-156,"3","RPS4X"
2.00203042113447e-154,2.19240266226846,0.822,0.335,6.71440962640079e-150,"3","RPL27A"
1.2718004136376e-149,2.3930253047385,0.763,0.234,4.26536422725779e-145,"3","RPL26"
9.52309271956068e-149,2.14567236083226,0.81,0.337,3.19385483628626e-144,"3","NACA"
3.03465369112978e-143,2.4340728661655,0.713,0.24,1.01776215493111e-138,"3","RPS25"
1.10024608677075e-141,2.18059336053394,0.787,0.281,3.69000532581174e-137,"3","RPL39"
2.00581343466853e-141,2.04675152805343,0.812,0.353,6.72709709719133e-137,"3","RPS8"
8.15829106780305e-141,1.63298456865733,0.928,0.55,2.73612765831979e-136,"3","RPL13A"
4.88021424149526e-138,2.2575104922189,0.755,0.269,1.63672625231268e-133,"3","RPL38"
1.73448185466688e-132,1.79330996314748,0.863,0.468,5.81710524418177e-128,"3","RPL10"
3.92225904826688e-130,2.21675712897652,0.731,0.213,1.31544723960775e-125,"3","RPL22"
1.0922339142937e-127,1.64550480498336,0.894,0.513,3.66313410175821e-123,"3","RPL41"
7.37521764771924e-125,1.72624804155394,0.869,0.462,2.47350049469208e-120,"3","RPL3"
1.13169717881894e-123,2.39686050247618,0.683,0.193,3.79548599832295e-119,"3","UQCRB"
5.80329678724208e-122,1.75463455344203,0.825,0.412,1.94630967650525e-117,"3","RPS3"
5.72054878332911e-121,1.77029607073723,0.824,0.408,1.91855765095292e-116,"3","RPL35"
3.56345204743124e-120,2.13003127379942,0.725,0.253,1.19511054766749e-115,"3","RPL23"
1.31666702491317e-117,1.97020208287242,0.761,0.313,4.41583786815379e-113,"3","FAU"
2.05688119369587e-117,2.00726303198105,0.744,0.284,6.8983681474172e-113,"3","RPL30"
7.69141557523407e-117,1.8018161481132,0.805,0.365,2.579546955622e-112,"3","RPS14"
8.64554479287432e-116,2.08049848711844,0.734,0.266,2.89954281263419e-111,"3","RPS12"
3.06143030431899e-115,2.0208143489362,0.746,0.272,1.0267424954625e-110,"3","UBA52"
1.90390288675981e-113,1.98160963580786,0.742,0.282,6.38530950161504e-109,"3","RPL14"
1.2534291315879e-106,2.17337647573872,0.676,0.225,4.2037506215195e-102,"3","RPL12"
4.31590648413473e-103,1.88229271162103,0.732,0.292,1.44746871664911e-98,"3","RPS3A"
2.9151967743154e-101,1.68612664076793,0.784,0.362,9.77698694169897e-97,"3","RPL34"
4.09930664301031e-101,1.73721612074669,0.769,0.344,1.3748254619328e-96,"3","RPL21"
5.91356196774175e-98,1.80905220495498,0.734,0.338,1.98329041274123e-93,"3","RPL5"
4.27985032230586e-97,1.76207499773947,0.751,0.328,1.43537620109494e-92,"3","RPL6"
5.95227996644453e-97,1.80645341355681,0.719,0.306,1.99627565514617e-92,"3","RPS16"
2.47081025600902e-96,1.9374675696488,0.685,0.261,8.28660343660306e-92,"3","ATP5F1E"
1.51002378475323e-95,1.88052212784615,0.679,0.247,5.06431776930539e-91,"3","RPL24"
2.01460094851008e-94,2.20286561155524,0.609,0.18,6.75656866111311e-90,"3","AIF1"
6.17462053852888e-94,1.53104487347167,0.854,0.501,2.07084423621182e-89,"3","FTH1"
2.59637998536355e-92,2.11982794260144,0.594,0.164,8.70773919491228e-88,"3","EEF1B2"
2.23239947152767e-89,2.11060003809399,0.571,0.151,7.48702134760949e-85,"3","TOMM7"
3.23858867469574e-88,1.97154412355513,0.641,0.265,1.08615786971946e-83,"3","RPS15"
2.43256728172873e-87,1.60177433334566,0.753,0.377,8.15834414946181e-83,"3","RPL9"
3.07624220699986e-87,2.01078635213125,0.624,0.223,1.03171011138361e-82,"3","RPL27"
4.54082455655291e-87,1.86331994581423,0.681,0.304,1.52290173977672e-82,"3","RPL8"
5.11331215279985e-87,2.11439803340756,0.575,0.162,1.71490262980601e-82,"3","RPS13"
1.00655438013507e-85,1.63874010523325,0.765,0.396,3.375782080097e-81,"3","RPL28"
3.99431211657628e-85,1.90557906595187,0.632,0.216,1.33961239765735e-80,"3","RPL35A"
9.71241220639272e-81,1.64260965562796,0.71,0.31,3.25734880577999e-76,"3","RPS29"
2.3100084631974e-80,1.82998483785221,0.63,0.22,7.74730638387146e-76,"3","RPL7"
4.68163008006872e-80,1.86151220619473,0.62,0.226,1.57012509625345e-75,"3","RPS15A"
4.97409440543795e-79,1.77188655772549,0.658,0.278,1.66821178169578e-74,"3","RPL29"
1.28858378189011e-78,1.80452499384399,0.645,0.26,4.32165228770304e-74,"3","RPL18A"
5.3952288222708e-78,1.83441151525245,0.594,0.189,1.80945184241318e-73,"3","PFDN5"
1.18788888315735e-75,2.19870606931727,0.48,0.118,3.98394173633313e-71,"3","RPL36AL"
1.46133185651542e-74,1.5830209952111,0.7,0.307,4.90101478038143e-70,"3","RPL36"
4.86957821498168e-73,2.30596123261052,0.444,0.101,1.63315914174055e-68,"3","RPL36A"
5.35631162425188e-72,1.59931603543602,0.679,0.303,1.7963997925416e-67,"3","RACK1"
2.1370742601055e-71,1.66304843415817,0.658,0.272,7.16731965354183e-67,"3","RPS7"
9.9456723108874e-69,1.83374429898999,0.567,0.194,3.33557957962542e-64,"3","RPL31"
1.14688261533269e-67,1.4912544132797,0.732,0.384,3.84641491530279e-63,"3","RPS2"
3.32322165331983e-67,1.39391060210583,0.74,0.385,1.11454207809041e-62,"3","RPL7A"
1.94485802173069e-66,1.28654765185371,0.757,0.407,6.52266483328038e-62,"3","RPS9"
6.94136365144208e-63,1.75874058974221,0.537,0.181,2.32799454142065e-58,"3","RPL10A"
4.06976442431219e-62,1.0155227821921,0.901,0.654,1.36491759262582e-57,"3","RPS19"
1.9677040757865e-56,1.54908145145511,0.575,0.227,6.59928592937275e-52,"3","RPS21"
1.78155113371156e-52,1.17748473847588,0.759,0.488,5.97496619224182e-48,"3","PABPC1"
3.22999128918154e-50,0.959002045244813,0.854,0.601,1.08327447856571e-45,"3","RPS28"
9.51334169005622e-50,1.91785028639219,0.414,0.127,3.19058453601106e-45,"3","YBX1"
1.98880934893863e-49,1.65766814237147,0.457,0.153,6.67006879447038e-45,"3","COX7C"
3.49317029319029e-49,1.30828254240174,0.647,0.371,1.17153945293016e-44,"3","EIF1"
1.52838696532599e-47,1.26922777281736,0.658,0.348,5.12590420431032e-43,"3","RPL15"
3.46019040338185e-45,2.05549551170584,0.33,0.084,1.1604786574862e-40,"3","COMMD6"
4.21410423448724e-45,1.24102781776901,0.638,0.331,1.41332627816233e-40,"3","GAPDH"
1.45935168343453e-44,1.36388552039432,0.562,0.255,4.89437367590272e-40,"3","RPL4"
5.79180076887324e-44,1.65871378887577,0.328,0.088,1.94245414186471e-39,"3","BTF3"
9.25359077163355e-44,1.7060527106034,0.406,0.133,3.10346927299046e-39,"3","ATP5ME"
1.06538876019213e-43,0.802088892184265,0.911,0.734,3.57310082393237e-39,"3","B2M"
1.37372860573487e-42,0.858879671985882,0.867,0.631,4.6072109979136e-38,"3","C1QB"
3.33036133792206e-42,1.06996655825648,0.736,0.453,1.1169365855123e-37,"3","RPL13"
4.22812390813698e-40,1.50818936833719,0.431,0.158,1.41802819631098e-35,"3","NPM1"
3.49354018207165e-39,1.35369991682568,0.408,0.146,1.17166350626319e-34,"3","HAMP"
2.5859773093418e-38,1.38143031290255,0.499,0.217,8.67285070007053e-34,"3","APOC1"
8.36943979749794e-38,1.7058822771114,0.326,0.096,2.80694271928486e-33,"3","NSA2"
2.29502595150391e-37,1.02345458903251,0.681,0.397,7.6970580361538e-33,"3","RPL18"
7.61627098212224e-34,1.12052733565091,0.584,0.306,2.55434496198416e-29,"3","HLA-DPB1"
1.06671874980133e-33,0.914547922087376,0.732,0.473,3.5775613430837e-29,"3","PTMA"
1.06162194872548e-31,1.05773867419788,0.55,0.283,3.56046769163551e-27,"3","TYROBP"
4.87485021476609e-30,1.16745659314605,0.321,0.12,1.63492726502825e-25,"3","ATP5MG"
1.47115429269267e-29,0.998354489244006,0.577,0.314,4.93395726683267e-25,"3","RPLP0"
9.93325122383721e-29,1.05234603554926,0.429,0.195,3.33141379545052e-24,"3","EIF4B"
1.48429889276422e-28,1.16731226080548,0.469,0.224,4.97804162655263e-24,"3","EEF1D"
2.09917242232934e-28,1.40118068293879,0.3,0.104,7.04020447000815e-24,"3","EIF3L"
1.15512794598862e-27,0.620936640831247,0.86,0.641,3.87406810525662e-23,"3","HLA-DRA"
2.55203181476114e-27,1.18711571882805,0.442,0.209,8.55900430034592e-23,"3","RPS5"
3.85578198321496e-27,1.17487006662028,0.351,0.143,1.29315216153063e-22,"3","RPS10"
4.23171347044765e-27,0.713215726966693,0.729,0.479,1.41923206371873e-22,"3","C1QA"
1.51394599862174e-26,1.07994925198487,0.383,0.167,5.07747209017761e-22,"3","TMA7"
1.84109140547116e-26,1.29451362261648,0.315,0.119,6.17465235566918e-22,"3","EIF3E"
2.69093702308592e-26,0.978278553833838,0.539,0.299,9.02486458802556e-22,"3","SERF2"
2.34585460683379e-25,0.689801727307788,0.565,0.326,7.86752718039916e-21,"3","FCGR1A"
7.22101285596599e-25,0.656538603017305,0.607,0.363,2.42178329163387e-20,"3","CD14"
4.85529167806498e-24,0.584037571555778,0.894,0.75,1.62836772298943e-19,"3","ACTB"
5.51944821996669e-24,0.650419396228932,0.759,0.531,1.85111254401243e-19,"3","C1QC"
7.0478295450154e-24,0.893805507193361,0.467,0.243,2.36370107280726e-19,"3","ARPC3"
1.79346908378343e-23,0.991300825935071,0.395,0.188,6.01493661319288e-19,"3","ANP32A"
1.95539572448321e-23,0.692475771657757,0.689,0.455,6.55800618077179e-19,"3","FCGR3A"
2.37489701316417e-23,1.14999429113623,0.376,0.171,7.96492960275001e-19,"3","ATP5MC2"
2.56879657343922e-23,0.596261505474459,0.471,0.267,8.61522994800047e-19,"3","LST1"
9.16113695416678e-23,0.903859864358141,0.433,0.219,3.07246211168846e-18,"3","RGS10"
1.27169874897852e-22,1.17357358634022,0.258,0.097,4.26502326432416e-18,"3","EDF1"
2.23022166558632e-22,1.09212323800647,0.347,0.155,7.47971742204339e-18,"3","RPS26"
2.47375907092063e-22,0.654701564449561,0.476,0.267,8.29649317205362e-18,"3","CD68"
6.4407726158747e-22,0.746295928192596,0.524,0.301,2.16010631991206e-17,"3","CD63"
7.8585920569276e-22,0.697346497665307,0.575,0.348,2.63561460405238e-17,"3","ACTG1"
7.89097861980656e-22,0.996934519711539,0.294,0.124,2.64647640951072e-17,"3","AIDA"
9.24652608982968e-22,0.920911130181829,0.362,0.171,3.10109992000708e-17,"3","COX4I1"
1.4295837702667e-21,0.816522532795978,0.294,0.135,4.79453804872047e-17,"3","SUMO2"
1.46815214715668e-21,0.940219406088242,0.419,0.213,4.92388867113408e-17,"3","TMIGD3"
2.18897945532046e-21,1.06805854001686,0.4,0.198,7.34139929725376e-17,"3","S100A11"
4.34110691243987e-21,0.90135971986724,0.338,0.16,1.45592043629408e-16,"3","LY86"
1.35433861202857e-20,1.25466951125302,0.298,0.124,4.54218083702143e-16,"3","UQCR10"
1.85230258907473e-20,0.548221021227885,0.687,0.466,6.21225242323884e-16,"3","HLA-DPA1"
2.22292281411753e-20,1.20953364658205,0.268,0.106,7.45523853398737e-16,"3","BRK1"
4.02882647095018e-20,1.11561562510476,0.277,0.115,1.35118782182727e-15,"3","ATP5MD"
4.27566712429553e-20,0.918688065247481,0.311,0.143,1.43397324014624e-15,"3","ARHGDIB"
1.52137431916688e-19,0.815828692887305,0.471,0.265,5.10238519162187e-15,"3","NPC2"
4.46505310144988e-19,0.717695128002975,0.288,0.141,1.49748950916426e-14,"3","RPS27L"
1.02492755132877e-18,0.945158039065763,0.254,0.11,3.43740202164644e-14,"3","PPIB"
1.18113162824254e-18,1.14574403503114,0.275,0.117,3.96127925479984e-14,"3","SEC11A"
1.21373635529334e-18,0.586399251072152,0.683,0.472,4.0706289883828e-14,"3","HLA-B"
2.13979724975682e-18,1.1302776941952,0.256,0.106,7.17645201623443e-14,"3","FCER1G"
3.03710980988856e-18,0.475237197546091,0.93,0.814,1.01858588804042e-13,"3","CD74"
1.88276117888298e-17,0.947023010444699,0.281,0.131,6.31440444173774e-13,"3","CHCHD7"
1.90448911212406e-17,0.485528956411929,0.51,0.323,6.38727558424166e-13,"3","HLA-C"
2.57120597945653e-17,0.644221383211904,0.539,0.338,8.6233106139013e-13,"3","PCBP2"
3.90665369998845e-17,0.704307420722687,0.423,0.241,1.31021351790213e-12,"3","HNRNPA1"
4.35024215658176e-17,0.420385610714019,0.641,0.445,1.45898421447439e-12,"3","CX3CR1"
4.41872683489625e-17,0.529884120509313,0.556,0.36,1.4819526058875e-12,"3","CD53"
8.10079102586097e-17,0.375644617069965,0.556,0.377,2.71684329425325e-12,"3","ARRB2"
1.38168328023739e-16,0.872959455991767,0.368,0.194,4.63388938526015e-12,"3","MYL6"
2.34815866682616e-16,0.75790788104567,0.264,0.126,7.87525453680159e-12,"3","LAMTOR4"
2.35495653739617e-16,1.00273538884972,0.3,0.143,7.89805323511927e-12,"3","GDI2"
4.04638763935273e-16,0.332169879343785,0.833,0.658,1.35707748648612e-11,"3","LAPTM5"
5.06577693153511e-16,0.721610855878783,0.495,0.305,1.69896026729825e-11,"3","EEF2"
1.41492682015664e-15,0.670246548053998,0.258,0.129,4.74538156944135e-11,"3","COX6A1"
1.71541919223885e-15,0.542895081380535,0.653,0.46,5.75317288693065e-11,"3","HLA-A"
1.87958680944849e-15,0.476816964971001,0.277,0.156,6.30375824152833e-11,"3","FCGR1B"
2.90746295051409e-15,0.367700700628597,0.892,0.75,9.75104924343414e-11,"3","C3"
3.47328857611094e-15,0.42649319550687,0.619,0.437,1.16487152265609e-10,"3","HLA-DRB1"
6.13717010149591e-15,0.777717018682998,0.283,0.141,2.0582841086397e-10,"3","DHRS7"
7.74156659396327e-15,0.710014650852617,0.435,0.259,2.5963666042834e-10,"3","PCBP1"
8.23190480142155e-15,0.746231896382753,0.417,0.246,2.76081623230076e-10,"3","SRGN"
9.50751036427572e-15,0.484323846288886,0.52,0.345,3.18862882597079e-10,"3","NAP1L1"
1.63406925017004e-14,0.572333815714472,0.285,0.154,5.48034145122027e-10,"3","CNBP"
3.71334794574251e-14,0.441191890349684,0.531,0.359,1.24538263404312e-09,"3","CTSS"
3.98804982289652e-14,0.475857144370969,0.294,0.168,1.33751214960304e-09,"3","SH3BGRL"
1.65041159379553e-13,0.657483815710312,0.467,0.295,5.53515040327146e-09,"3","UBB"
1.93897488551886e-13,0.479072087804589,0.323,0.194,6.50293397105316e-09,"3","DYNLL1"
2.22511201956171e-13,0.530761548779465,0.326,0.193,7.46258069120607e-09,"3","HLA-DMA"
2.79871514356972e-13,0.370465491139529,0.708,0.535,9.38633084850411e-09,"3","HLA-E"
3.51451266975401e-13,0.946510578457191,0.302,0.158,1.1786972591821e-08,"3","SERP1"
3.72706418146475e-13,0.381196632816571,0.294,0.18,1.24998278517965e-08,"3","CAPZB"
4.61079658583991e-13,0.480690822395845,0.398,0.251,1.54636895895899e-08,"3","C3AR1"
5.67250151416239e-13,0.59277740445535,0.279,0.158,1.90244355781978e-08,"3","CD300A"
1.27955881617049e-12,0.567623298852552,0.29,0.168,4.29138435767259e-08,"3","SIGLEC10"
2.25503820514509e-12,0.521239342117561,0.296,0.176,7.5629471324156e-08,"3","MNDA"
2.78075353004122e-12,0.466988630911353,0.366,0.229,9.32609118905224e-08,"3","CSDE1"
4.51728247863481e-12,0.283972474083077,0.296,0.188,1.51500619768454e-07,"3","PLSCR1"
5.56208415068857e-12,0.316726322162699,0.389,0.264,1.86541178245793e-07,"3","CFL1"
5.99734235250994e-12,0.493977378751918,0.372,0.234,2.01138867818478e-07,"3","YWHAE"
6.11159958632173e-12,0.58418083608215,0.298,0.171,2.04970826926058e-07,"3","TUBB"
6.7567706692658e-12,0.486286260021891,0.653,0.49,2.26608574705836e-07,"3","TUBA1B"
1.02381171112891e-11,0.58550014184884,0.315,0.186,3.43365971678415e-07,"3","SET"
1.0553587073764e-11,0.286650023725872,0.353,0.238,3.53946203279896e-07,"3","CDC42"
1.32035918666164e-11,0.378236685608965,0.562,0.407,4.4282206402258e-07,"3","ADGRG1"
1.33993171204612e-11,0.49711526762926,0.359,0.221,4.49386297586028e-07,"3","FCGBP"
1.59970048820311e-11,0.527538179042813,0.283,0.167,5.36507549733558e-07,"3","RAP1A"
1.61174686223166e-11,0.609934846871847,0.442,0.286,5.40547662655255e-07,"3","VMP1"
6.23274173220066e-11,0.648501066006278,0.279,0.161,2.09033692214546e-06,"3","LINC01736"
6.86381371068909e-11,0.382475480400915,0.429,0.294,2.30198584229091e-06,"3","COTL1"
7.44835728423718e-11,0.384777960401574,0.252,0.155,2.49803006598747e-06,"3","LMO2"
7.85190115066258e-11,0.315979733176076,0.313,0.204,2.63337060790922e-06,"3","PNRC1"
8.65939573067124e-11,0.452217145739941,0.558,0.401,2.90418814015252e-06,"3","SLC2A5"
9.48125158512301e-11,0.258199276402406,0.567,0.433,3.17982215661855e-06,"3","CTSZ"
1.14255751658879e-10,0.307427982035359,0.332,0.224,3.83190939913548e-06,"3","LILRB4"
1.14648997314421e-10,0.514376304128883,0.271,0.162,3.84509807193104e-06,"3","PABPC4"
1.3446807825432e-10,0.431262392552989,0.342,0.218,4.5097904084934e-06,"3","PPIA"
1.401563380275e-10,0.279529274524553,0.829,0.692,4.7005632647663e-06,"3","ITM2B"
1.56930748627591e-10,0.292036771764501,0.512,0.372,5.26314344747215e-06,"3","CTSC"
1.74425025179602e-10,0.338009619479624,0.412,0.285,5.84986649447348e-06,"3","TLR2"
1.94861250544594e-10,0.645526180507294,0.25,0.138,6.5352566207646e-06,"3","SLC25A6"
2.0634285052104e-10,0.357724201095093,0.799,0.66,6.92032652077463e-06,"3","A2M"
4.37902470741598e-10,0.473432242547816,0.319,0.203,1.46863730637317e-05,"3","CD37"
4.97685756599499e-10,0.474418116111918,0.514,0.364,1.6691384904834e-05,"3","RPSA"
7.47619796241641e-10,0.368884808330562,0.486,0.346,2.50736727263522e-05,"3","CST3"
1.44332647175301e-09,0.381868582577475,0.285,0.182,4.84062832096523e-05,"3","TLR10"
1.7806114231832e-09,0.30001971877289,0.306,0.207,5.97181459107181e-05,"3","STOM"
2.37994556049764e-09,0.602424619657234,0.328,0.207,7.981861420797e-05,"3","IGSF6"
2.68484841383583e-09,0.442076635182554,0.37,0.248,9.00444461032262e-05,"3","BST2"
3.24380957550583e-09,0.419862504804216,0.256,0.162,0.000108790885543315,"3","EIF2S3"
3.70977303162309e-09,0.499028711342603,0.269,0.164,0.000124418367934575,"3","LINC01094"
4.67050162641334e-09,0.306285919164845,0.292,0.195,0.000156639283546651,"3","CCR1"
6.06577743374092e-09,0.271731883374842,0.359,0.254,0.000203434043572803,"3","CCNI"
6.06884144523089e-09,0.493874395039738,0.315,0.204,0.000203536804390154,"3","SYNGR2"
8.91408075515273e-09,0.379816949227075,0.503,0.368,0.000298960440366312,"3","ITGB2"
1.14778608526866e-08,0.263367580370874,0.782,0.653,0.000384944497277403,"3","BHLHE41"
2.27614672758759e-08,0.824343152605559,0.26,0.151,0.000763374089498326,"3","TMEM176B"
2.31193655201704e-08,0.296082956551829,0.433,0.317,0.000775377280815475,"3","YWHAB"
3.29552971688922e-08,0.280290180606488,0.264,0.177,0.00110525475645031,"3","B4GALT1"
3.45469474275973e-08,0.476341698655511,0.306,0.199,0.00115863552282676,"3","ZFP36"
3.45900043994107e-08,0.555938042633719,0.292,0.186,0.00116007956754744,"3","ALOX5AP"
4.0827983634995e-08,0.415893925729809,0.307,0.202,0.00136928891515046,"3","SRP14"
4.67588461647124e-08,0.27557760141306,0.609,0.482,0.00156819818267213,"3","TMBIM6"
5.57947138673557e-08,0.358385070835182,0.607,0.472,0.00187124311368337,"3","MARCKS"
9.40662639548478e-08,0.266731774337534,0.258,0.181,0.00315479436051769,"3","IL4R"
1.19588665178009e-07,0.299983792021931,0.442,0.329,0.00401076465274008,"3","HSP90B1"
1.36400131980465e-07,0.396100102306819,0.321,0.217,0.00457458762636085,"3","IFNGR2"
1.87855382210568e-07,0.305427178566895,0.436,0.32,0.00630029380857804,"3","H3F3A"
2.39392753486475e-07,0.275965643643002,0.25,0.173,0.00802875416642941,"3","PRDX1"
2.90219109716956e-07,0.27148058445603,0.264,0.183,0.00973336850168726,"3","LAPTM4A"
3.53475456781125e-07,0.372925637070711,0.281,0.191,0.0118548598695254,"3","GAA"
1.57586672844126e-06,0.289225338439271,0.546,0.428,0.052851418338463,"3","OAZ1"
2.83260895410535e-06,0.382686115677334,0.313,0.222,0.0950000391027852,"3","HMGN1"
3.36244267231182e-06,0.604696629324968,0.266,0.173,0.112769602343994,"3","CPVL"
3.58985283748337e-06,0.319423189588371,0.254,0.176,0.120396484463517,"3","PEA15"
5.44411510638511e-06,0.288477863117077,0.645,0.531,0.182584732437944,"3","CD81"
1.73274518946256e-05,0.419176978483702,0.323,0.233,0.581128081641953,"3","IFI44L"
1.94558055245836e-05,0.268697664868791,0.287,0.214,0.652508805683484,"3","BIN1"
2.68960902822537e-05,0.285508446995035,0.294,0.214,0.902041075886224,"3","LIPA"
2.85512873665285e-05,0.330551577020054,0.444,0.342,0.957553075698632,"3","H3F3B"
4.70301888127866e-05,0.319971914177847,0.298,0.219,1,"3","SERPINB9"
8.02232241522031e-05,0.26614781808237,0.268,0.199,1,"3","RHOA"
0.000100752129376693,0.329219603676531,0.321,0.238,1,"3","BTG2"
0.00162014196917068,0.443350165428052,0.385,0.306,1,"3","CALR"
1.16125145100373e-41,2.98369553037933,0.482,0.08,3.89460511637633e-37,"4","SYT1"
1.49672268964931e-38,2.29638418039046,0.64,0.19,5.01970855654584e-34,"4","SNAP25"
9.00490352042551e-37,2.78323254158818,0.53,0.134,3.02006454268031e-32,"4","MAP1B"
1.16952900626126e-28,2.75170679573046,0.39,0.072,3.92236638119902e-24,"4","GPM6A"
1.55910381769112e-23,2.41900815913493,0.354,0.068,5.22892238377248e-19,"4","VSNL1"
6.13041592699025e-21,2.22428945919824,0.372,0.089,2.05601889359399e-16,"4","CHN1"
3.12329056578351e-19,1.31412627355273,0.701,0.39,1.04748918995247e-14,"4","CALM1"
3.22110628954679e-18,2.27293879709633,0.323,0.077,1.0802946273882e-13,"4","MAP2"
9.39009005688038e-18,1.56310124221859,0.463,0.16,3.14924840327654e-13,"4","CKB"
2.78946247565771e-17,1.60089585206807,0.47,0.17,9.35529925086081e-13,"4","CLU"
3.33382131725706e-15,1.98858209089543,0.36,0.12,1.11809699338167e-10,"4","SPARCL1"
4.87628101055204e-15,1.65483091734291,0.415,0.156,1.63540712531894e-10,"4","ARPP19"
8.42758190819289e-15,1.71344064814157,0.396,0.149,2.82644242036973e-10,"4","CALM3"
1.16210590380977e-14,2.25003478595116,0.262,0.059,3.8974707801972e-10,"4","ANK2"
1.39726959723509e-14,0.929250603311803,0.866,0.727,4.68616277520703e-10,"4","MT-CO1"
1.5760421896559e-14,2.24979211910694,0.25,0.054,5.28573029566797e-10,"4","STMN2"
4.34982352804983e-14,2.22829560787137,0.262,0.062,1.45884381483735e-09,"4","RTN1"
1.03139638231799e-13,1.78416364767917,0.378,0.14,3.45909718701806e-09,"4","ATP1B1"
8.6183950193401e-13,2.27865656994789,0.25,0.067,2.89043732158628e-08,"4","ENC1"
8.8091894983754e-13,1.02519910822358,0.646,0.417,2.95442597396514e-08,"4","CALM2"
7.68501241502058e-12,1.63717621907137,0.329,0.114,2.5773994637496e-07,"4","SYT11"
7.35679612590233e-11,1.5383143622282,0.372,0.164,2.46732228470512e-06,"4","PPP3CA"
1.10549024325264e-10,1.61125478898652,0.311,0.109,3.70759317782071e-06,"4","PSD3"
2.05732318273634e-10,1.44381576806639,0.366,0.159,6.89985049026112e-06,"4","NDUFA4"
2.21636905030357e-10,0.65809206120074,0.951,0.85,7.43325852090812e-06,"4","MT-CO3"
2.92483190587644e-09,1.26748787636036,0.348,0.146,9.8093012459284e-05,"4","VAMP2"
3.89451596103639e-09,1.1195763150849,0.445,0.232,0.000130614276301239,"4","ATP2B1"
6.94609146904825e-09,1.02352000939054,0.463,0.273,0.00023295801568894,"4","IDS"
1.15668473358427e-08,1.56865432651365,0.293,0.123,0.000387928925949493,"4","NSF"
1.31739644378303e-08,1.31437412275898,0.36,0.182,0.000441828419315954,"4","YWHAG"
1.71211784610943e-08,1.41061763017868,0.28,0.107,0.00057421008322818,"4","ATP6V1E1"
8.79463456682494e-08,1.43284789104804,0.287,0.119,0.00294954454102175,"4","STMN1"
8.81560572645121e-08,1.31242205844963,0.268,0.105,0.00295657784853721,"4","MT3"
2.58495529859244e-07,1.10385686833346,0.372,0.208,0.00866942308041934,"4","RTN3"
2.79131309902392e-07,0.624375588791056,0.829,0.673,0.00936150587150643,"4","MT-ND1"
3.65385242697945e-07,1.02859962336507,0.396,0.211,0.0122542902696037,"4","SKP1"
4.48916973299845e-07,1.19239044346779,0.378,0.205,0.0150557774505302,"4","DYNLL1"
4.9372041632544e-07,1.14430146165245,0.384,0.213,0.0165583953227226,"4","PEBP1"
7.0047408030511e-07,0.58167473658224,0.671,0.464,0.0234924997052728,"4","CX3CR1"
7.67170428172469e-07,1.10587887894687,0.415,0.241,0.0257293618200483,"4","P2RY12"
2.46496810067429e-06,0.362915509993767,0.86,0.687,0.0826701001604145,"4","CTSB"
2.48326557654508e-06,1.23558517748114,0.323,0.167,0.0832837609061687,"4","PRKCB"
6.24624480393832e-06,0.778443707118292,0.567,0.39,0.209486558234484,"4","CD14"
1.04592593462899e-05,1.10593573255669,0.299,0.148,0.350782639955872,"4","APP"
1.07179893106834e-05,0.772542320807851,0.506,0.349,0.359459925501699,"4","HTRA1"
1.73657505269349e-05,0.603302757408911,0.665,0.508,0.582412541172344,"4","RTN4"
2.6111841554316e-05,0.79730527106006,0.39,0.228,0.875738942048649,"4","PPIA"
2.87291407895757e-05,1.21831571370376,0.268,0.143,0.963517923800791,"4","KLC1"
6.01116298649803e-05,0.870687542597739,0.293,0.153,1,"4","COX6C"
7.26361051350517e-05,0.862546073744997,0.409,0.252,1,"4","SERINC1"
0.00011490379294488,0.83007336170233,0.366,0.223,1,"4","GNB1"
0.00016414917247622,1.07073449449407,0.274,0.148,1,"4","TOMM20"
0.000181224646726309,0.637271653668616,0.512,0.372,1,"4","MT-ND4L"
0.000250969905020981,0.837611450890772,0.341,0.209,1,"4","NORAD"
0.000288595572988255,0.37641923338373,0.799,0.657,1,"4","C1QB"
0.000300193395637821,0.808716419710603,0.409,0.265,1,"4","USP53"
0.000354300496783597,0.83980120224321,0.274,0.15,1,"4","MTURN"
0.000577087829318198,0.331898151602703,0.878,0.762,1,"4","MT-CO2"
0.000660826716048772,0.68563312535984,0.415,0.29,1,"4","P2RY13"
0.000676803080723473,0.586641751527126,0.299,0.177,1,"4","HAMP"
0.000868774565617557,0.771259349560301,0.28,0.162,1,"4","IBTK"
0.00109456678766992,0.3675468135657,0.872,0.801,1,"4","MT-ATP6"
0.00110387145853541,0.268959611781536,0.652,0.508,1,"4","C1QA"
0.00127518784574399,0.290579465070802,0.817,0.706,1,"4","ITM2B"
0.00142535716808435,0.718013687918871,0.366,0.244,1,"4","YWHAH"
0.00150248621077848,0.748326286750567,0.299,0.184,1,"4","ATP2A2"
0.00157404339383176,0.735140438102795,0.348,0.232,1,"4","ARL6IP1"
0.00182317652558349,0.759180063483904,0.335,0.243,1,"4","DDX24"
0.00224537900365405,0.701308137978544,0.323,0.204,1,"4","ABI2"
0.00237044144608488,0.302961896246321,0.835,0.721,1,"4","MT-CYB"
0.00245902262626644,0.787297003555329,0.317,0.201,1,"4","PDIA3"
0.00257140893648985,0.788593487652472,0.287,0.18,1,"4","SERINC3"
0.00275026411846603,0.729917987205562,0.409,0.295,1,"4","CACNB4"
0.00293862101008709,0.676239616495415,0.268,0.16,1,"4","MGST3"
0.0031120830865176,0.590114286379002,0.415,0.33,1,"4","YWHAB"
0.00312338470715109,0.655134510536136,0.354,0.249,1,"4","YWHAE"
0.00355736358695535,0.662982287365748,0.433,0.322,1,"4","SLC9A9"
0.0039438556345218,0.571378751758244,0.378,0.258,1,"4","NUCKS1"
0.00420292817759791,0.733230800031146,0.287,0.179,1,"4","MAPK1"
0.00430713811265699,0.766395878511592,0.262,0.163,1,"4","ATP1A1"
0.00462724675287281,0.274229747749302,0.61,0.482,1,"4","FCGR3A"
0.00545729492211292,0.569243792588972,0.274,0.171,1,"4","DNAJC10"
0.00565179173994624,0.692967147357064,0.354,0.25,1,"4","PJA2"
0.00627920571800515,0.570249503486989,0.323,0.214,1,"4","HECTD1"
0.00629768972551911,0.534418035477436,0.262,0.164,1,"4","NHLRC3"
0.0070308415599507,0.309934272550825,0.793,0.722,1,"4","MEF2C"
0.00731802112615534,0.617482050546769,0.348,0.237,1,"4","SSR1"
0.0076365434327247,0.740896008248889,0.274,0.187,1,"4","PAFAH1B1"
0.00833693480302629,0.313816254728198,0.384,0.28,1,"4","DYNC1H1"
0.00867458547711436,0.437157790781956,0.366,0.254,1,"4","CYTH4"
0.0089802511141836,0.470776703018147,0.402,0.289,1,"4","TLN2"
0.00926796534743337,0.337120646762577,0.555,0.433,1,"4","CYBB"
0.00928531089496885,0.633883547303099,0.274,0.176,1,"4","LINC01268"
0.00935035138292777,0.46878546430285,0.47,0.412,1,"4","MT-ND5"
9.02054584993112e-247,5.60965813046176,0.95,0.273,3.0253106671499e-242,"5","PLP1"
2.05037359165587e-133,5.74864899561817,0.843,0.057,6.87654295169546e-129,"5","PCDH9"
8.99740303094944e-125,3.71685005706199,0.884,0.271,3.01754902851982e-120,"5","MBP"
5.57385471012116e-122,5.69434832834094,0.793,0.047,1.86935939268043e-117,"5","TF"
2.03318576528839e-120,4.27525910017887,0.835,0.142,6.81889841962421e-116,"5","GPM6B"
9.10093454443606e-117,6.35355523486364,0.744,0.019,3.05227142751297e-112,"5","CNTN2"
2.49446611373966e-106,4.88129773240421,0.777,0.08,8.36594045226008e-102,"5","CNP"
1.39002348074229e-101,5.6906848688812,0.711,0.03,4.6618607497135e-97,"5","EDIL3"
2.29027718421691e-100,5.31805432620047,0.744,0.037,7.68113162042668e-96,"5","TTLL7"
1.49014396083161e-96,4.00462625524692,0.793,0.129,4.99764481583706e-92,"5","SLC44A1"
4.99147169543935e-96,6.20592873861894,0.628,0.011,1.67403977721645e-91,"5","UGT8"
3.54612498278342e-94,6.57600345221278,0.612,0.01,1.1892993967259e-89,"5","ST18"
4.03466101085606e-93,5.9844854995188,0.653,0.018,1.35314460982091e-88,"5","CLDN11"
2.35300803377289e-91,5.30880479790287,0.686,0.036,7.89151834366754e-87,"5","AMER2"
1.65724873018384e-89,5.388512289191,0.669,0.025,5.55808079129057e-85,"5","GPRC5B"
2.25068341135623e-87,5.3837529743205,0.645,0.021,7.54834202500651e-83,"5","MOBP"
9.24342693097422e-87,6.01943815906518,0.595,0.013,3.10006052411013e-82,"5","GPR37"
4.86835051547432e-86,5.83013118223803,0.612,0.016,1.63274739587978e-81,"5","NFASC"
5.22286840846327e-85,5.99504300892778,0.603,0.016,1.75164560683041e-80,"5","CNDP1"
6.05941519735539e-84,5.46731963229253,0.62,0.02,2.03220666888905e-79,"5","ENPP2"
2.03487301015965e-83,4.99103144884665,0.669,0.032,6.82455710147344e-79,"5","ANK3"
4.81216783599089e-82,6.23544949468523,0.545,0.009,1.61390484883463e-77,"5","ABCA8"
1.47655725561517e-81,6.51883837168266,0.529,0.007,4.95207772388215e-77,"5","MOG"
2.31257887717376e-80,4.28141157851929,0.736,0.085,7.75592703826537e-76,"5","PTGDS"
4.01001390198778e-80,3.84681076851737,0.76,0.123,1.34487846244866e-75,"5","CLDND1"
6.32946384113874e-80,6.07442904963528,0.537,0.009,2.12277558304111e-75,"5","HHIP"
6.04060954211466e-79,4.08243848303426,0.744,0.107,2.02589962823442e-74,"5","SCD"
2.61588938339827e-78,6.26766270239536,0.529,0.009,8.77316981404113e-74,"5","MAG"
4.36004345131147e-77,4.65852348246532,0.661,0.041,1.46227137270084e-72,"5","APLP1"
1.07815119144967e-76,6.52457770963581,0.479,0.005,3.61590346588392e-72,"5","ERBB3"
3.86323990808196e-75,5.69856411097957,0.521,0.01,1.29565340037253e-70,"5","MYRF"
8.3538457884e-75,5.25231030758668,0.587,0.022,2.80171280051359e-70,"5","ANLN"
2.8324112380433e-74,4.71306893325587,0.636,0.034,9.49934081014962e-70,"5","ERMN"
3.06981293335309e-73,6.12893687223408,0.479,0.007,1.02955386158796e-68,"5","SLCO1A2"
5.21712621005721e-73,6.26982062691323,0.488,0.008,1.74971978832899e-68,"5","CLMN"
1.43298517388772e-72,4.11221726296684,0.694,0.067,4.80594567618464e-68,"5","TMEM144"
1.08895802976323e-71,5.96244603242923,0.471,0.007,3.65214744021992e-67,"5","PDE1C"
1.66834226119103e-70,6.45861583255627,0.479,0.008,5.59528627558247e-66,"5","PLLP"
2.91027742012038e-70,5.24946377125804,0.545,0.019,9.76048841159973e-66,"5","PTPRD"
6.49559647855561e-70,4.50234452968069,0.612,0.031,2.17849314697798e-65,"5","SCD5"
9.96999829586952e-70,4.02016373925833,0.702,0.086,3.34373802846872e-65,"5","CRYAB"
5.86138573061747e-69,5.07291612318469,0.562,0.023,1.96579154633449e-64,"5","MAP7"
6.86208713274218e-69,4.18098230085105,0.669,0.052,2.30140678257907e-64,"5","TRIM2"
7.00845079613479e-68,4.94071569592263,0.562,0.023,2.35049422800769e-63,"5","SPOCK1"
5.56032803017347e-66,4.46256607598778,0.595,0.034,1.86482281475958e-61,"5","NCAM1"
2.92860627251839e-65,5.95370084801706,0.479,0.013,9.82195971677218e-61,"5","CERCAM"
6.05176116934017e-65,4.1100418824438,0.645,0.051,2.02963966097331e-60,"5","PXK"
4.18379974584702e-64,4.61720634012068,0.537,0.022,1.40316275876217e-59,"5","SLC24A2"
7.9660033660595e-64,4.50087331064461,0.595,0.046,2.67163820890903e-59,"5","QDPR"
1.13105142798088e-62,5.44957639065873,0.463,0.011,3.79332027916228e-58,"5","PHLDB1"
5.89681572200162e-62,4.7219583385177,0.554,0.03,1.9776740568449e-57,"5","SLC12A2"
1.26371385955365e-61,4.69931966702362,0.537,0.026,4.23824354217104e-57,"5","PLEKHH1"
4.45078773139564e-61,4.88407619964019,0.496,0.018,1.49270518935547e-56,"5","SEPT4"
2.49377194541001e-60,2.25042534202514,0.843,0.442,8.36361235051608e-56,"5","DST"
4.46553779240215e-59,5.18793660057398,0.455,0.013,1.49765206481583e-54,"5","USP54"
1.52782192250659e-58,5.12916061990067,0.479,0.018,5.12400916370259e-54,"5","TPPP"
3.62924661947136e-57,3.48633128262238,0.669,0.081,1.2171767312383e-52,"5","SELENOP"
7.17946247680824e-56,5.94578284802362,0.364,0.004,2.40784812547195e-51,"5","CD22"
1.4060296779093e-55,2.57764366207992,0.744,0.261,4.7155423337722e-51,"5","LAMP2"
3.29716752905296e-55,4.41517170079978,0.488,0.023,1.10580404589378e-50,"5","DNER"
3.86621180762384e-55,5.69115240325083,0.38,0.006,1.29665011604088e-50,"5","HEPN1"
4.63169965972737e-55,4.51957173657005,0.471,0.02,1.55337943187937e-50,"5","RAPGEF5"
5.14561415033099e-55,5.64239306477027,0.421,0.011,1.72573607373801e-50,"5","OPALIN"
6.64643413442606e-55,4.77187262971001,0.455,0.017,2.22908108000381e-50,"5","AATK"
1.18911030434065e-54,4.84109816137905,0.438,0.014,3.98803813869766e-50,"5","CREB5"
1.3742046893473e-54,4.92911707019054,0.446,0.016,4.60880768713297e-50,"5","PRUNE2"
2.96141844224686e-54,4.53283883140639,0.455,0.017,9.93200517160752e-50,"5","HSPA2"
6.65454696155506e-54,4.68784784830114,0.446,0.016,2.23180195996634e-49,"5","BCAS1"
7.14068765823331e-54,6.17929306923269,0.372,0.006,2.39484382681829e-49,"5","CARNS1"
7.82684045114074e-54,4.78811062239099,0.488,0.026,2.62496575050358e-49,"5","PMP22"
3.13348723565002e-53,4.6997156926198,0.43,0.014,1.0509089490923e-48,"5","OMG"
5.68585681242336e-53,5.44044170275512,0.388,0.008,1.90692265775055e-48,"5","FGFR2"
7.78768358467384e-53,5.04711452534235,0.413,0.012,2.61183332062791e-48,"5","B3GAT1"
2.55681432854328e-52,4.54733683213472,0.463,0.021,8.57504389506845e-48,"5","PEX5L"
4.32120303897807e-52,4.51887776066396,0.463,0.021,1.44924507521247e-47,"5","SPOCK3"
4.64702453552861e-52,4.88085125663843,0.446,0.019,1.55851908872559e-47,"5","ABCA2"
8.54891050801637e-52,6.23774684694531,0.355,0.005,2.86713360617853e-47,"5","BOK"
9.0396461835202e-52,6.02706210596613,0.339,0.004,3.03171653702901e-47,"5","ASPA"
1.37469487892403e-51,5.64485533746574,0.355,0.006,4.6104516849354e-47,"5","CNTNAP4"
1.10229091972661e-49,5.45790384175982,0.38,0.01,3.69686328657912e-45,"5","SYNJ2"
1.28931094651225e-49,4.48312698374911,0.388,0.012,4.32409105241277e-45,"5","DOCK9"
1.37489802063336e-49,5.01926398619544,0.38,0.01,4.61113298160018e-45,"5","COBL"
1.54609659258676e-49,4.30892676075931,0.438,0.02,5.18529875221749e-45,"5","HEPACAM"
2.17334942650332e-49,5.98101133292983,0.322,0.004,7.28897930660685e-45,"5","COL4A5"
2.3356924899586e-49,5.28108579395256,0.372,0.009,7.83344547282316e-45,"5","MAL"
9.01144516390961e-49,3.46045607960154,0.612,0.078,3.02225847907201e-44,"5","CCP110"
8.60573012948493e-48,4.64536165287376,0.372,0.011,2.88618977082665e-43,"5","DAAM2"
1.70685471088907e-47,4.49879477175277,0.446,0.024,5.72444932937976e-43,"5","SLAIN1"
2.76881373106648e-47,4.16848282723796,0.463,0.028,9.28604749125074e-43,"5","CA2"
5.17947931584348e-47,4.46463531113601,0.413,0.018,1.73709377294759e-42,"5","JAM3"
5.5714398529125e-47,3.84439286950757,0.512,0.042,1.86854949786979e-42,"5","ATP8A1"
8.16238197635183e-47,5.70770454045807,0.347,0.008,2.73749966722888e-42,"5","SEMA6A"
2.04715702399778e-46,6.92897460801743,0.306,0.004,6.86575522708374e-42,"5","GREM1"
2.79700379572581e-46,5.88372821123095,0.322,0.005,9.38059133010521e-42,"5","COLGALT2"
3.27210611544602e-46,4.6566387659435,0.339,0.008,1.09739894899829e-41,"5","ARHGAP23"
4.83685405878682e-46,3.80880014155859,0.463,0.03,1.62218411423592e-41,"5","FEZ1"
8.1078139675198e-46,6.29431050471759,0.306,0.004,2.71919864842679e-41,"5","MCAM"
8.12229669231629e-46,3.56118154141315,0.496,0.039,2.72405586466904e-41,"5","CADM2"
2.59764277744788e-45,3.82519927217512,0.504,0.043,8.71197434700471e-41,"5","NDRG1"
6.03774253848372e-45,2.94398770391177,0.678,0.138,2.02493809255667e-40,"5","APP"
1.74750650235131e-44,3.58501505603257,0.529,0.052,5.86078730758582e-40,"5","TUBB4A"
1.74913656128718e-44,6.05311147640833,0.298,0.004,5.86625419924494e-40,"5","SEMA3B"
2.35241017624571e-44,5.99400142558762,0.289,0.003,7.88951324909285e-40,"5","CDH19"
2.59997479979995e-44,2.92569303608505,0.628,0.093,8.71979548356907e-40,"5","KIF1B"
1.07043382624176e-43,2.67882345262269,0.694,0.133,3.59002096644962e-39,"5","ATP1B1"
1.41426665425986e-43,5.08632080343408,0.281,0.004,4.74316750505672e-39,"5","PRR18"
1.66041321844442e-43,4.36603718124355,0.388,0.017,5.56869385201891e-39,"5","AGAP1"
4.40844806070245e-43,4.04863100307326,0.388,0.019,1.47850531059839e-38,"5","AKAP6"
5.88349061172633e-43,4.17993822444513,0.413,0.023,1.97320508136078e-38,"5","MARCKSL1"
6.86889574195743e-43,3.72333623052936,0.405,0.022,2.30369025393768e-38,"5","RNASE1"
9.02023425803362e-43,5.39622860952675,0.306,0.006,3.02520616545931e-38,"5","FA2H"
9.50363340664026e-43,4.43171031609261,0.364,0.014,3.18732857191901e-38,"5","LIFR"
1.21051753727873e-42,5.18573556069453,0.306,0.006,4.0598337165254e-38,"5","TMEM151A"
2.05010550858593e-42,5.54237440366637,0.298,0.005,6.8756438546955e-38,"5","SOX8"
2.17795334823531e-42,4.49480305811121,0.405,0.022,7.30441993931158e-38,"5","APOD"
2.38705746317913e-42,4.80383367997787,0.339,0.01,8.00571332001015e-38,"5","SRCIN1"
3.25975966841546e-42,4.82921614186701,0.372,0.016,1.09325819759318e-37,"5","PHLPP1"
7.66451083239222e-42,3.48045104833225,0.471,0.04,2.5705236429677e-37,"5","CSRP1"
1.33934352453411e-41,6.19685245911164,0.273,0.003,4.4918903125825e-37,"5","FAM124A"
4.09648441449102e-41,3.83066602167999,0.355,0.016,1.373878942932e-36,"5","ITGB8"
1.26384771112282e-40,4.71467575040602,0.322,0.01,4.23869245356371e-36,"5","KCNJ10"
4.4570363737287e-40,3.35496916044869,0.463,0.041,1.49480085902113e-35,"5","FAM107B"
1.7294524393229e-39,4.76846770775567,0.347,0.014,5.80023759100113e-35,"5","PLEKHG3"
3.79191119391189e-39,2.79065495999,0.488,0.055,1.27173117621417e-34,"5","ZCCHC24"
4.80555460213853e-39,4.07382873374007,0.355,0.017,1.61168690246522e-34,"5","LIMCH1"
7.14652019279827e-39,5.93847163480417,0.256,0.003,2.39679994226068e-34,"5","FAM222A"
1.15207328390608e-38,4.68545337972592,0.339,0.014,3.8638233795642e-34,"5","ZDHHC9"
1.82472436694172e-38,6.04460221215725,0.264,0.004,6.11976058184913e-34,"5","SEC14L5"
2.52404237190688e-38,4.345628362418,0.355,0.017,8.46513330690128e-34,"5","LINC00844"
7.05232481884338e-38,4.13908944098714,0.331,0.014,2.36520869774369e-33,"5","GNAI1"
1.25642505127551e-37,4.25532938917742,0.355,0.018,4.21379833696779e-33,"5","ELAVL3"
3.11151651546178e-37,3.94008454152735,0.347,0.018,1.04354040895557e-32,"5","CDC42BPA"
3.95255300578952e-37,5.12028401562761,0.273,0.006,1.32560722708169e-32,"5","NACAD"
5.14676409977106e-37,4.2201635488785,0.364,0.02,1.72612174378122e-32,"5","ARFGEF3"
6.36022610435442e-37,6.4112445080661,0.256,0.004,2.13309263087839e-32,"5","PLPP2"
1.57989631753179e-36,4.57621786017816,0.314,0.012,5.2986562697381e-32,"5","MAGI2"
2.4374701120337e-36,2.6732505290693,0.496,0.064,8.17478726173862e-32,"5","TTYH2"
4.67120597581571e-36,3.01889108914726,0.537,0.093,1.56662906016907e-31,"5","SUN2"
4.93413500494623e-36,4.72291328867701,0.306,0.011,1.65481019795887e-31,"5","TMTC2"
5.55464743014988e-36,2.05791888913791,0.711,0.304,1.86291765512367e-31,"5","SEPT7"
1.03020578221176e-35,5.07698785127023,0.273,0.007,3.45510415238179e-31,"5","LGI3"
1.36761286854383e-35,4.90925871980533,0.264,0.006,4.58670003852229e-31,"5","HHATL"
1.51260273251357e-35,5.22932078079388,0.264,0.006,5.07296704430402e-31,"5","TMEM98"
1.84895976826432e-35,3.31346582479108,0.421,0.039,6.20104127080487e-31,"5","DNM3"
2.44703762994529e-35,3.67250171090131,0.347,0.021,8.20687480331052e-31,"5","ENDOD1"
6.90235553350593e-35,4.13864305675355,0.289,0.011,2.31491199882722e-30,"5","LARP6"
1.4051493536423e-34,4.23617333006249,0.281,0.01,4.71258990224555e-30,"5","GRM3"
1.43389400310191e-34,4.94663135493321,0.264,0.007,4.8089937076032e-30,"5","PTPRK"
1.67401799170576e-34,4.44329040568576,0.306,0.013,5.61432154058276e-30,"5","EFHD1"
7.0898769788446e-34,3.2013207534842,0.355,0.027,2.3778029411649e-29,"5","DNAJC6"
1.08729656229609e-33,2.47275981071486,0.579,0.106,3.64657521062862e-29,"5","HIPK2"
1.5913302510491e-33,5.05748971470436,0.273,0.008,5.33700339596848e-29,"5","ZNF704"
1.72682599250537e-33,3.24257683403021,0.38,0.033,5.7914290136645e-29,"5","DLG2"
2.47461898510206e-33,3.55290393752473,0.347,0.023,8.2993771522353e-29,"5","MAPT"
2.53031799943051e-33,3.25733621078227,0.388,0.034,8.48618050649003e-29,"5","CBR1"
2.90915115078269e-33,3.9962476676243,0.306,0.014,9.75671112949498e-29,"5","SLCO3A1"
3.30724709216851e-33,2.86897105533258,0.421,0.045,1.10918452977147e-28,"5","ADD3"
3.42122125324984e-33,3.82127608116074,0.347,0.023,1.14740918391493e-28,"5","SLC48A1"
7.41196308142121e-33,4.48704023907027,0.264,0.008,2.48582417824705e-28,"5","SLC6A8"
9.11834103255115e-33,4.60598507555547,0.256,0.007,3.05810921549701e-28,"5","HIP1R"
9.6749012694452e-33,3.7329925532624,0.322,0.019,3.24476838774653e-28,"5","DSEL"
9.69472526886353e-33,3.20976477649754,0.397,0.038,3.25141696067145e-28,"5","LANCL1"
1.09237994566004e-32,3.69789982177219,0.38,0.032,3.66362386175465e-28,"5","GLTP"
1.12242668203153e-32,2.29842458394862,0.669,0.191,3.76439460619736e-28,"5","TUBA1A"
1.40658159028955e-32,4.51730112867291,0.264,0.008,4.71739333751309e-28,"5","PCBP4"
2.37697841879201e-32,2.97032821870771,0.388,0.039,7.97191022094463e-28,"5","FAIM2"
2.64836507134485e-32,3.48223282152237,0.298,0.017,8.88208677627635e-28,"5","SLC6A1"
4.78552486302751e-32,3.27369056895577,0.322,0.022,1.60496932856217e-27,"5","TTYH1"
9.85151994003062e-32,3.30980020429301,0.421,0.047,3.30400275748747e-27,"5","CD9"
1.17179093963521e-31,2.73451555233051,0.554,0.116,3.92995245334858e-27,"5","PIP4K2A"
2.39151056286175e-31,2.84083761845859,0.405,0.046,8.02064812572572e-27,"5","SERINC5"
2.44533277666676e-31,4.58019047276108,0.281,0.012,8.20115706638499e-27,"5","OLIG1"
1.20336066013182e-30,4.23188451060575,0.273,0.011,4.03583098195011e-26,"5","PRRG1"
2.10447516267306e-30,4.18290505724166,0.281,0.013,7.05798880057291e-26,"5","HIP1"
2.45633238042855e-30,3.50795577936109,0.289,0.017,8.23804753748128e-26,"5","LSS"
2.76830524844087e-30,3.39387173699215,0.339,0.027,9.284342142221e-26,"5","PLEKHB1"
7.1853610726556e-30,2.98032017367554,0.339,0.03,2.40982639654724e-25,"5","KIF5C"
9.08578897327673e-30,2.84292186573643,0.388,0.043,3.04719190585755e-25,"5","DDR1"
1.09742660258298e-29,2.75333149287181,0.529,0.11,3.6805493397428e-25,"5","SYT11"
1.22557215373813e-29,3.31807001344574,0.331,0.026,4.11032388920693e-25,"5","FAM102A"
1.7005507099946e-29,3.04738369615026,0.38,0.04,5.70330697117988e-25,"5","SEPT8"
2.29752263009891e-29,3.99600092236473,0.273,0.013,7.70543139682571e-25,"5","SESTD1"
2.88964201955689e-29,3.59544255087902,0.256,0.012,9.6912814051899e-25,"5","CTTN"
3.14741041922546e-29,2.98075789465543,0.372,0.039,1.05557850639984e-24,"5","RALGDS"
4.61202606383993e-29,2.38299131783569,0.579,0.13,1.54678130129063e-24,"5","CLASP2"
7.63937673638443e-29,1.98307955349125,0.694,0.217,2.56209416984861e-24,"5","SORT1"
1.13263916007109e-28,4.03763148254358,0.264,0.013,3.79864521504642e-24,"5","RETREG1"
1.94507081994851e-28,2.17961397339974,0.537,0.111,6.52337851594331e-24,"5","ARAP2"
2.40388351704876e-28,2.46396408699667,0.455,0.072,8.06214453947814e-24,"5","PTK2"
4.18929585492722e-28,3.47955190252514,0.306,0.023,1.40500604382549e-23,"5","NFIX"
2.22570726134179e-27,3.20222907643749,0.289,0.022,7.46457701308809e-23,"5","PHYHIPL"
2.42225990010788e-27,4.08283285793999,0.281,0.017,8.12377525298179e-23,"5","NTM"
4.05601324412678e-27,2.68747534888462,0.388,0.05,1.36030572181524e-22,"5","MAP1A"
4.1873541883643e-27,3.23910147752872,0.298,0.023,1.40435484769362e-22,"5","CLIC4"
5.82579093448299e-27,2.31258024076226,0.504,0.098,1.95385376360691e-22,"5","PLA2G16"
6.28778032943807e-27,2.29098152957764,0.488,0.091,2.10879576688694e-22,"5","ADIPOR2"
8.38013395120708e-27,3.58087347817919,0.298,0.022,2.81052932455583e-22,"5","STMN4"
8.46055510267e-27,4.03919289936037,0.281,0.018,2.83750097033346e-22,"5","PIEZO2"
9.07878585802887e-27,3.05306860119389,0.322,0.031,3.04484320106572e-22,"5","ENPP4"
5.27703348264584e-26,2.82432217453306,0.331,0.036,1.76981148940976e-21,"5","GNAO1"
1.09639247670906e-25,3.62265415268651,0.264,0.017,3.67708108838684e-21,"5","MFSD6"
4.95219142732552e-25,1.90899898079526,0.612,0.171,1.66086596089643e-20,"5","FMNL2"
6.9052162960507e-25,2.5936711217701,0.43,0.072,2.31587144136948e-20,"5","SIK3"
8.40534377117369e-25,2.57144898880027,0.388,0.057,2.81898419397623e-20,"5","ANK2"
9.19134129739615e-25,1.96897273377249,0.636,0.201,3.08259204432072e-20,"5","FRYL"
1.18239303691042e-24,2.46289910392989,0.421,0.07,3.96550976719017e-20,"5","SPTBN1"
1.54014433785769e-24,2.87035010714715,0.298,0.03,5.16533608030711e-20,"5","LPAR1"
1.68494368010539e-24,3.61963662121967,0.298,0.026,5.65096411433745e-20,"5","CLCN4"
1.82739659733901e-24,3.33324151378438,0.298,0.027,6.12872270815559e-20,"5","ANKS1B"
5.69191894994113e-24,2.21445155125134,0.504,0.113,1.90895577743126e-19,"5","TMEM63A"
2.02260469086321e-23,2.29231803630501,0.438,0.083,6.78341161221704e-19,"5","SRPK2"
2.9989950409222e-23,2.26297971064891,0.413,0.075,1.00580295682449e-18,"5","MYO6"
3.50580062777811e-23,2.26940913346978,0.388,0.068,1.17577541454422e-18,"5","RNF220"
3.65465108025449e-23,3.01034422872457,0.314,0.035,1.22569687929575e-18,"5","POLR2F"
6.91235510492484e-23,3.43925290347828,0.273,0.023,2.31826565508969e-18,"5","IGSF8"
9.06638218209747e-23,2.15786444538675,0.479,0.106,3.04068325623185e-18,"5","DLG1"
1.10122252422417e-22,3.07648864979638,0.314,0.036,3.69328010174303e-18,"5","SLC31A2"
1.36020577421695e-22,1.92949374169059,0.488,0.115,4.56185812556881e-18,"5","STMN1"
1.74694750489437e-22,2.06232084046708,0.364,0.063,5.85891254191473e-18,"5","KNOP1"
3.02746150090652e-22,2.40903214209051,0.314,0.043,1.01535003817403e-17,"5","NAPEPLD"
4.75746905575748e-22,2.80147135226062,0.38,0.062,1.59555997191994e-17,"5","S100B"
6.81762787818061e-22,2.46858791942466,0.306,0.04,2.28649603778421e-17,"5","MXI1"
1.08287199212882e-21,2.92379758367337,0.339,0.047,3.63173608720163e-17,"5","CDK18"
1.15131571287653e-21,2.16713197169912,0.488,0.116,3.8612826378453e-17,"5","DNAJB2"
1.71910745597875e-21,3.42150508660782,0.273,0.026,5.76554258586154e-17,"5","MAPK8IP1"
2.54354967671108e-21,2.12725433452698,0.455,0.101,8.5305569057536e-17,"5","MAP4K5"
3.49346321617398e-21,2.09720113513463,0.405,0.081,1.17163769344043e-16,"5","CAMK2N1"
4.68199746641446e-21,1.81187983296832,0.554,0.16,1.57024831028608e-16,"5","NDRG2"
9.63709587655565e-21,2.45902703738982,0.397,0.075,3.23208921507923e-16,"5","PDE8A"
1.35294162199077e-20,1.08772472422073,0.909,0.658,4.53749561183266e-16,"5","QKI"
1.77252202766322e-20,1.62151066876371,0.686,0.275,5.9446843763769e-16,"5","ZBTB20"
2.40960250157893e-20,2.47208425911053,0.405,0.081,8.0813248697954e-16,"5","DOCK5"
2.70292700287464e-20,2.85086255879379,0.256,0.027,9.06507658224095e-16,"5","ARHGEF10"
2.82819558771517e-20,2.18098490153256,0.479,0.124,9.48520236207915e-16,"5","SECISBP2L"
3.78300466481291e-20,2.99232448424496,0.273,0.03,1.26874410448495e-15,"5","C21orf91"
3.96908978168713e-20,1.09082932083678,0.893,0.551,1.33115333098223e-15,"5","CCDC88A"
4.66341542597079e-20,1.71673151784817,0.603,0.202,1.56401626556208e-15,"5","RTN3"
2.5786559424839e-19,1.57171521362273,0.496,0.14,8.64829629990249e-15,"5","MAP1B"
2.60646661011143e-19,2.77331274586819,0.264,0.031,8.74156771699171e-15,"5","FUT8"
3.36678999827098e-19,1.95929628253218,0.38,0.08,1.12915402962012e-14,"5","YWHAQ"
4.91371852855927e-19,2.57429653366155,0.306,0.045,1.64796292010821e-14,"5","CEP97"
5.26539485486766e-19,2.16471144545472,0.364,0.069,1.76590812642551e-14,"5","GAB1"
7.16780324340364e-19,2.46497953733645,0.347,0.061,2.40393785177271e-14,"5","TJP1"
1.49391203543004e-18,1.78235202603439,0.57,0.205,5.01028218442528e-14,"5","ERBIN"
1.52235980532526e-18,1.68569959938517,0.455,0.121,5.10569031509986e-14,"5","FRMD4B"
2.63445678145647e-18,2.66601210396474,0.298,0.043,8.83544115364871e-14,"5","NXPE3"
3.21634265458503e-18,1.54392762830962,0.339,0.081,1.07869699949473e-13,"5","TMEM106B"
3.57243461198515e-18,2.5738162588874,0.331,0.057,1.19812312016758e-13,"5","BACE1"
4.59315903750182e-18,2.85936664205844,0.281,0.038,1.54045367799736e-13,"5","MEGF9"
5.80619238158744e-18,1.97352401252594,0.355,0.074,1.9472808009368e-13,"5","ARL8A"
6.62361418937064e-18,2.07240762544243,0.314,0.058,2.22142772683113e-13,"5","ZDHHC20"
7.61727146575671e-18,1.87528936112679,0.43,0.109,2.55468050418549e-13,"5","LPGAT1"
1.82020290979884e-17,2.98291160993145,0.264,0.034,6.10459651888336e-13,"5","CADM1"
1.84238959140925e-17,2.22898254410697,0.264,0.04,6.17900621166835e-13,"5","CPOX"
2.23469803197961e-17,1.18572290330416,0.802,0.505,7.49473025965321e-13,"5","RTN4"
3.27843053954913e-17,2.27284034059102,0.322,0.061,1.09952003435399e-12,"5","NAV1"
3.47307686534673e-17,1.56349390162312,0.628,0.255,1.16480051909999e-12,"5","ZFYVE16"
1.43358036638123e-16,1.19974408873788,0.727,0.348,4.80794183276936e-12,"5","ARHGAP21"
1.58950747374921e-16,2.30264459913211,0.298,0.052,5.33089016546008e-12,"5","GRIA2"
1.93562115241799e-16,2.41497902677117,0.281,0.046,6.49168622097947e-12,"5","NECAB1"
2.8852062522589e-16,1.84194906955963,0.463,0.138,9.67640472882589e-12,"5","ALCAM"
3.60315741631788e-16,1.89241658190194,0.455,0.132,1.20842693428469e-11,"5","EVI2A"
3.94783313498001e-16,1.83527055824567,0.488,0.154,1.3240242768096e-11,"5","MAN2A1"
6.07071349778627e-16,2.17120081394213,0.264,0.045,2.03599589288756e-11,"5","USP31"
7.41599415705126e-16,2.32593634886734,0.264,0.044,2.48717612039185e-11,"5","RNH1"
1.0412478867933e-15,1.66237809973727,0.537,0.193,3.49213716272737e-11,"5","SELENOW"
1.46479020950686e-15,1.42835118881034,0.43,0.135,4.91261340464412e-11,"5","NPC1"
1.82181035645764e-15,1.54858637986941,0.504,0.17,6.10998757348764e-11,"5","SPAG9"
2.31410308393864e-15,1.64785120016499,0.504,0.171,7.76103892291343e-11,"5","MTUS1"
2.88579411457906e-15,1.70817425819113,0.43,0.125,9.67837630147526e-11,"5","RDX"
2.90390226154366e-15,2.46362263169555,0.289,0.052,9.73910740476512e-11,"5","GOLGA7"
3.05431350206363e-15,1.28844322792628,0.372,0.111,1.0243556623221e-10,"5","NFIA"
3.8635255738464e-15,0.552765978701761,0.455,0.178,1.29574920695661e-10,"5","SGK1"
4.7251781427917e-15,1.04117266343882,0.587,0.253,1.58473024552948e-10,"5","NUCKS1"
4.88408343175029e-15,1.27554017820279,0.504,0.179,1.63802390134041e-10,"5","DYNC1LI2"
5.86303473976463e-15,1.70379951289353,0.413,0.121,1.96634459102226e-10,"5","TSC22D4"
6.41649113741051e-15,1.97136599601284,0.298,0.063,2.15196279766474e-10,"5","TNRC6C"
6.91300955369808e-15,1.46072553771678,0.521,0.187,2.31848514411926e-10,"5","MBNL2"
7.0136842267721e-15,1.86354391874373,0.281,0.058,2.35224941597483e-10,"5","ARID5B"
1.06733445806384e-14,1.50545404392009,0.479,0.162,3.57962630545449e-10,"5","TLE4"
1.2485267364667e-14,1.28977132779124,0.521,0.192,4.18730896876202e-10,"5","TMEM165"
1.53248835031616e-14,1.77807337718015,0.264,0.054,5.13965942929033e-10,"5","CPEB2"
2.03526624753585e-14,2.08812094735429,0.331,0.075,6.82587594098575e-10,"5","HBS1L"
2.05553880601096e-14,1.70987933063907,0.347,0.089,6.89386604759955e-10,"5","PSEN1"
3.00167474022369e-14,1.82251923212275,0.256,0.052,1.00670167437622e-09,"5","LRP6"
3.55916696917526e-14,1.63067886387663,0.331,0.085,1.193673418122e-09,"5","RYBP"
4.11191061402897e-14,1.57892972615118,0.306,0.075,1.37905258173304e-09,"5","EPN2"
4.12094039332483e-14,2.03826045847612,0.364,0.094,1.38208098911328e-09,"5","SIRT2"
4.76949624192406e-14,2.03348779583494,0.256,0.048,1.59959364961649e-09,"5","PROX1"
7.43218597909852e-14,1.80985518925066,0.339,0.086,2.49260653367006e-09,"5","PPP1R12B"
7.96541708774334e-14,1.22159947097045,0.264,0.069,2.67144158288736e-09,"5","ARHGAP1"
8.14984192541376e-14,1.73087601494244,0.314,0.077,2.73329398494527e-09,"5","IQGAP1"
9.29422545897781e-14,1.29767273487309,0.322,0.096,3.11709733443198e-09,"5","CLCN3"
9.52365104349921e-14,1.78908484914467,0.273,0.06,3.19404208696876e-09,"5","PGRMC1"
1.16561900568887e-13,1.08786307572411,0.579,0.249,3.90925302127933e-09,"5","SEMA4D"
1.31701525327846e-13,1.95088150345327,0.289,0.064,4.41700575644531e-09,"5","KIF13B"
1.58706006647268e-13,1.66237605368526,0.397,0.119,5.32268205093608e-09,"5","CTNNA1"
2.93659655980679e-13,0.93526034923644,0.504,0.212,9.84875754228e-09,"5","ANAPC5"
3.40240396880723e-13,2.48699676816257,0.273,0.054,1.14109824305857e-08,"5","MID1IP1"
3.49434732981948e-13,1.11818322573536,0.463,0.176,1.17193420747486e-08,"5","UBL3"
3.53448987833473e-13,1.94602660887929,0.298,0.07,1.1853972153959e-08,"5","FIS1"
3.77159327093392e-13,1.65740573781583,0.413,0.13,1.26491695120582e-08,"5","ACER3"
4.15317087825669e-13,1.1228864588604,0.545,0.226,1.39289044914973e-08,"5","RBPJ"
4.32258879367221e-13,1.77415399829946,0.314,0.079,1.44970982962178e-08,"5","TOB2"
4.35099711872248e-13,2.17410703371881,0.281,0.06,1.45923741367714e-08,"5","REEP3"
5.13782028869288e-13,1.46510488019588,0.397,0.126,1.72312216842182e-08,"5","PAQR8"
5.63147134940906e-13,0.877689836776422,0.579,0.269,1.88868286116481e-08,"5","WNK1"
5.75833630051874e-13,1.22630322898912,0.504,0.197,1.93123082846798e-08,"5","RNF13"
6.30635526405055e-13,1.28878571789656,0.488,0.187,2.11502542845727e-08,"5","GLG1"
7.2175292135442e-13,1.83346408476158,0.306,0.075,2.42061494763846e-08,"5","ACTN4"
8.26035134650362e-13,0.9602199828325,0.38,0.139,2.77035663459038e-08,"5","APC"
8.88224534738839e-13,0.701881705526925,0.802,0.469,2.97892744460712e-08,"5","SHTN1"
9.29527858789653e-13,0.686109554948243,0.364,0.152,3.11745053280874e-08,"5","RALGAPA1"
1.09854706485901e-12,0.848389405884672,0.612,0.298,3.68430714612416e-08,"5","KIDINS220"
1.34123247175461e-12,1.10966163690338,0.537,0.227,4.49822546377061e-08,"5","DICER1"
1.38139333393018e-12,1.38949778953436,0.339,0.099,4.63291696333503e-08,"5","PREPL"
1.42400457131612e-12,1.43260591138335,0.256,0.064,4.77582653128002e-08,"5","DSTYK"
1.4912055600844e-12,1.07931281327538,0.405,0.149,5.00120520741107e-08,"5","OSBPL1A"
1.76264850270912e-12,1.24413694275055,0.314,0.097,5.91157054838586e-08,"5","PDK4"
1.87992082199363e-12,1.00676915434897,0.785,0.5,6.30487845280223e-08,"5","PTMA"
2.6941476315095e-12,1.04031209515581,0.314,0.105,9.03563232655655e-08,"5","RPS6KA5"
3.09565263155151e-12,1.13266331955736,0.512,0.211,1.03821997956975e-07,"5","PEBP1"
3.96343491116474e-12,1.35261931972201,0.347,0.108,1.32925680050643e-07,"5","CDK19"
4.0085873619953e-12,1.55233741355395,0.289,0.076,1.34440002946598e-07,"5","ZNF281"
5.69727883719494e-12,0.76885818694577,0.719,0.393,1.91075337641844e-07,"5","CALM1"
6.15663656710882e-12,1.26096721620868,0.281,0.081,2.06481277187696e-07,"5","PWWP2A"
7.21589947782132e-12,0.752782567730972,0.421,0.183,2.42006836687172e-07,"5","ZNF397"
1.68235752102436e-11,1.41598935919453,0.364,0.12,5.64229065401148e-07,"5","SGK3"
2.1304386557244e-11,1.46851367413866,0.306,0.091,7.1450651635685e-07,"5","PTBP2"
2.53191669044988e-11,1.38771595431628,0.322,0.101,8.4915421964308e-07,"5","ANKH"
2.62500906799485e-11,1.24640502768301,0.364,0.128,8.80375541224114e-07,"5","FGD5-AS1"
2.86240502926695e-11,1.84575055237629,0.281,0.07,9.59993398715549e-07,"5","GAS7"
3.13304641498861e-11,1.36628358147424,0.57,0.272,1.05076110665888e-06,"5","PRNP"
3.50515426012101e-11,0.907691783771675,0.372,0.148,1.17555863575938e-06,"5","VAMP2"
3.59642367342145e-11,1.39290648808265,0.355,0.117,1.20616857159208e-06,"5","EMC10"
4.04164712668042e-11,1.19211139275627,0.264,0.081,1.35548761334608e-06,"5","CDK5RAP2"
4.11441028909202e-11,0.58095884808422,0.289,0.12,1.37989092275568e-06,"5","TERF2IP"
4.42407899800949e-11,0.677822477898711,0.711,0.398,1.48374761435242e-06,"5","GLUL"
4.67071764169677e-11,1.16231195526063,0.438,0.175,1.56646528267226e-06,"5","CLU"
4.88140368347222e-11,1.23420475496445,0.355,0.122,1.63712516736291e-06,"5","FNBP1"
5.07957496293464e-11,1.46131476584729,0.421,0.155,1.70358785106902e-06,"5","NCOA7"
6.44623292182063e-11,0.993463650631025,0.645,0.334,2.1619375973202e-06,"5","MAP4K4"
7.0246118661412e-11,0.447855167699541,0.281,0.123,2.35591432766643e-06,"5","SAMD4B"
7.36945383735437e-11,1.37287678257855,0.256,0.072,2.47156742797191e-06,"5","MLH3"
8.92528173510573e-11,1.60153868452292,0.281,0.077,2.99336098831976e-06,"5","ELOVL1"
9.69987283564356e-11,1.67137918208835,0.281,0.075,3.25314335161814e-06,"5","ZNF708"
1.21117170662483e-10,1.5283467085742,0.264,0.072,4.06202766967836e-06,"5","CBX6"
1.2608909091474e-10,1.32354256775844,0.314,0.101,4.22877593109856e-06,"5","MRFAP1"
1.6062424496581e-10,0.537221973384665,0.372,0.177,5.38701592766335e-06,"5","SLF2"
2.44426449938763e-10,0.83968934308424,0.388,0.168,8.19757427804625e-06,"5","DYNC1I2"
2.48252442127165e-10,2.04617007592989,0.264,0.066,8.32589040406085e-06,"5","CDC14B"
2.99968714285216e-10,0.823685997744629,0.388,0.166,1.00603507396976e-05,"5","CKB"
3.00164536524498e-10,1.27262784021031,0.347,0.122,1.00669182259586e-05,"5","KCNJ2"
3.9209545453422e-10,1.09959942254693,0.364,0.137,1.31500973541687e-05,"5","GLDN"
7.12599224140935e-10,1.10555514184313,0.405,0.162,2.38991527792387e-05,"5","TMEM59"
8.3434002142528e-10,1.16323652115954,0.264,0.089,2.7982095638561e-05,"5","NR1D2"
9.54716344948962e-10,1.03942390081361,0.529,0.25,3.20192767768983e-05,"5","SERINC1"
1.06884564113554e-09,0.511190168194333,0.388,0.198,3.58469451124037e-05,"5","KLHL24"
1.17719458660301e-09,0.619377975262221,0.612,0.347,3.94807520454918e-05,"5","PREX1"
1.27229904449446e-09,1.12788024009505,0.322,0.118,4.26703653542552e-05,"5","AC005261.1"
1.68884014777656e-09,0.670820054345306,0.645,0.362,5.66403208761303e-05,"5","BPTF"
1.81128078314398e-09,0.574696842548502,0.521,0.276,6.07467349050828e-05,"5","DYNC1H1"
1.89073315111711e-09,1.08119984977308,0.364,0.146,6.34114084221655e-05,"5","LMBRD1"
2.17486222788799e-09,1.07705951084781,0.479,0.216,7.29405293989074e-05,"5","DIP2B"
2.37611415627323e-09,1.27483860811741,0.281,0.091,7.96901165730914e-05,"5","FOXN2"
2.40298850525158e-09,1.08874067011777,0.355,0.142,8.05914284891276e-05,"5","ARHGEF7"
2.91372900485265e-09,0.817866678218223,0.264,0.099,9.77206433647483e-05,"5","SAR1B"
3.02577144651867e-09,0.755569753061518,0.942,0.761,0.000101478322773343,"5","MT-CO2"
3.02764683958909e-09,0.740262478229727,0.289,0.118,0.000101541219706139,"5","SPPL3"
3.16672025091996e-09,1.45638707481499,0.273,0.085,0.000106205463775354,"5","ANKIB1"
3.18199926390908e-09,0.929692280039951,0.364,0.158,0.000106717891312983,"5","BNIP3L"
3.32465260162943e-09,0.456609257103705,0.388,0.199,0.000111502198953448,"5","YIPF4"
3.88143055994941e-09,1.50510469033727,0.281,0.088,0.000130175418119583,"5","TULP4"
4.07712605711575e-09,0.703064639724031,0.339,0.148,0.000136738653703548,"5","TOMM20"
4.07835543716662e-09,0.474823087001723,0.298,0.143,0.000136779884651694,"5","REEP5"
4.161977399397e-09,0.432670103145095,0.347,0.181,0.000139584398020976,"5","PTCD3"
4.48583418607145e-09,0.478834963697705,0.496,0.275,0.000150445906932464,"5","SRRM1"
4.93002543752740e-09,1.0853016038383,0.612,0.339,0.000165343193123794,"5","DPYSL2"
5.06280704364275e-09,0.311664095484379,0.62,0.384,0.000169796422629691,"5","ZNF638"
5.13224392043076e-09,0.465900156509867,0.264,0.12,0.000172125196603407,"5","USP48"
5.45201917092691e-09,1.30690812525197,0.264,0.084,0.000182849818954547,"5","SPART"
6.18005394048362e-09,0.91953997950003,0.364,0.159,0.00020726664905594,"5","CIRBP"
7.01719129764653e-09,0.526509653519582,0.322,0.154,0.000235342561740469,"5","UBE4A"
7.68003302129845e-09,1.29796812380114,0.314,0.112,0.000257572947468307,"5","PSD3"
7.90362598964795e-09,0.837880994979802,0.43,0.211,0.000265071808440813,"5","ZNF652"
8.19411526803471e-09,0.395123855193992,0.612,0.378,0.000274814237859348,"5","TCF4"
9.92549776367821e-09,0.37629523167419,0.455,0.267,0.00033288134399824,"5","BIRC6"
1.04131008389999e-08,0.989853449498422,0.504,0.244,0.00034923457593838,"5","PTP4A2"
1.1962086115894e-08,1.36824275367789,0.347,0.131,0.000401184444154854,"5","PDE4B"
1.2061059470575e-08,0.428989672599609,0.38,0.204,0.000404503812524143,"5","TNRC6A"
1.22632631500899e-08,0.559144562634028,0.281,0.121,0.000411285319527716,"5","RFC1"
1.30494083096586e-08,0.439811296605976,0.388,0.212,0.00043765105588933,"5","VAPA"
1.34948424703839e-08,0.991108410575081,0.306,0.125,0.000452590026771737,"5","TECR"
1.36566991328659e-08,0.45193117466886,0.322,0.167,0.000458018375518056,"5","SQSTM1"
1.49736770307138e-08,1.01909067210214,0.603,0.336,0.000502187180256078,"5","SLC38A2"
1.68004891702695e-08,1.03678212213858,0.306,0.117,0.000563454805792498,"5","VEZF1"
2.10768803901677e-08,0.686441252168867,0.471,0.25,0.000706876414525443,"5","SEC62"
2.22755229332168e-08,1.43240946232968,0.331,0.12,0.000747076488134223,"5","TMEM87A"
2.31871149750504e-08,0.937483886619114,0.364,0.156,0.000777649462033241,"5","PRKACB"
2.32493714448006e-08,1.41189766248212,0.273,0.089,0.000779737419515723,"5","CERS2"
2.76284699845592e-08,0.3940103605994,0.289,0.146,0.000926603626342146,"5","LTN1"
2.89883730732693e-08,0.496416051318565,0.281,0.133,0.000972212056131307,"5","LRCH3"
3.45735917899663e-08,0.598794130502928,0.355,0.177,0.00115952912145189,"5","UBN2"
3.47381465726536e-08,1.3618583849981,0.298,0.106,0.00116504795975366,"5","MT3"
3.56997359009846e-08,0.97967289819179,0.554,0.295,0.00119729774264722,"5","SCARB2"
3.57050034193323e-08,0.657771890294448,0.347,0.173,0.00119747440467757,"5","ANKRD36C"
3.81504981615607e-08,0.338128932017308,0.264,0.135,0.00127949140734242,"5","ANKRD36"
3.98914460080556e-08,0.850134932739891,0.273,0.109,0.00133787931621817,"5","PNPT1"
4.36744368278479e-08,0.832172982889235,0.446,0.226,0.00146475326233236,"5","ADD1"
4.58614290039068e-08,0.794447339341417,0.529,0.283,0.00153810060593303,"5","LAMP1"
5.09542910347203e-08,0.602148975744352,0.405,0.211,0.00170890501272245,"5","CHD4"
5.36695792287785e-08,0.385097623889551,0.463,0.269,0.00179997034817477,"5","MAT2A"
5.51402635230009e-08,0.469992812705616,0.322,0.169,0.0018492941580344,"5","ATXN1"
5.62937050072051e-08,0.624375233630087,0.504,0.277,0.00188797827853164,"5","DOCK10"
6.02364405471428e-08,0.548814243249556,0.496,0.279,0.00202020974307008,"5","MORF4L1"
6.30774528773767e-08,0.343451084465561,0.669,0.437,0.00211549161460146,"5","BAZ2B"
7.32595308591171e-08,1.0805603291342,0.38,0.163,0.00245697814595307,"5","LARP1"
7.64180644307855e-08,0.324649645560384,0.306,0.167,0.00256290904487968,"5","MON2"
7.70208485759919e-08,0.653094006279698,0.413,0.212,0.00258312521954162,"5","ELL2"
8.14287338510777e-08,0.962682336528551,0.455,0.223,0.00273095687589744,"5","FAR1"
8.73031472328511e-08,1.21892408695618,0.273,0.097,0.00292797295189536,"5","GSTP1"
9.12159927107214e-08,0.647352318928913,0.595,0.348,0.00305920196353217,"5","H3F3B"
9.14758357439112e-08,0.803187173365266,0.678,0.419,0.00306791657917929,"5","CALM2"
9.30387646792403e-08,0.64500546437463,0.43,0.216,0.00312033408981236,"5","GABPB1-AS1"
9.86912724518178e-08,0.478202084243168,0.331,0.174,0.00330990789548906,"5","TMEM30A"
1.06218540991866e-07,0.939079858318858,0.438,0.212,0.00356235742778519,"5","SKP1"
1.1333567698848e-07,0.459686057624784,0.264,0.125,0.00380105193483966,"5","CRBN"
1.35565689598528e-07,0.950129689368498,0.339,0.146,0.00454660209775544,"5","EPS15"
1.36869975331147e-07,1.10822619605164,0.298,0.116,0.004590345232656,"5","DENND5A"
1.40734585343029e-07,0.52907615365652,0.405,0.215,0.00471995652323452,"5","ELMO1"
1.55814284350341e-07,0.626744222587803,0.355,0.175,0.00522569946854173,"5","ARHGEF2"
1.95502346987678e-07,0.661439062851243,0.322,0.157,0.00655675771327275,"5","EZH1"
2.0725885634129e-07,1.01263856355077,0.438,0.21,0.00695104752397418,"5","KIAA0930"
2.4983957771336e-07,0.963702976365603,0.256,0.101,0.00837911975735066,"5","PPP2R2A"
2.69817373461772e-07,0.767600316037857,0.306,0.141,0.00904913507116091,"5","TMEM123"
2.75250854491663e-07,1.00256435240961,0.314,0.132,0.00923136315794138,"5","PLEKHA1"
3.03595052663519e-07,0.595323176538521,0.413,0.225,0.0101819708762291,"5","NSD3"
3.85761216470466e-07,0.362503033537774,0.744,0.507,0.0129376596779865,"5","MACF1"
4.21555355450248e-07,0.286300942378368,0.38,0.223,0.0141381235110904,"5","RIF1"
4.26262624098576e-07,0.507835150867829,0.322,0.168,0.014295995887018,"5","ARF1"
4.35722485013073e-07,1.14235018971831,0.273,0.106,0.0146132607023684,"5","MIGA1"
4.6460858544597e-07,0.685592452628406,0.298,0.138,0.0155820427386869,"5","FNIP1"
4.85908940169909e-07,1.00740987480444,0.438,0.216,0.0162964140354184,"5","KCNQ1OT1"
4.93967651020124e-07,1.18701794483723,0.264,0.097,0.0165666870799129,"5","MAPRE2"
5.89520198709524e-07,0.813198027061273,0.463,0.246,0.01977132842432,"5","YWHAE"
5.94941953788048e-07,0.313489194646415,0.488,0.317,0.0199531632461436,"5","POGZ"
6.31014755550197e-07,0.760635437693967,0.405,0.208,0.0211629728716425,"5","BBX"
6.53902668105821e-07,0.724603815847771,0.405,0.208,0.021930587682933,"5","AMD1"
6.55444659226152e-07,0.298195027505786,0.397,0.238,0.0219823029811267,"5","PCSK7"
6.87001174129361e-07,0.45270763831899,0.281,0.145,0.0230406453779505,"5","SNX1"
7.1146823219184e-07,0.346273918853888,0.62,0.411,0.0238612215712499,"5","SARAF"
7.18856172691786e-07,0.816812316407756,0.273,0.119,0.0241089983197371,"5","SPCS2"
7.24982325632999e-07,0.812073784371235,0.339,0.164,0.0243144572370795,"5","USP47"
7.57030511778145e-07,0.471789228827679,0.777,0.542,0.0253892893040154,"5","FTH1"
8.68428451159157e-07,0.286882891546796,0.413,0.255,0.0291253533949758,"5","GATAD1"
8.74872672973477e-07,0.885973178404061,0.43,0.216,0.0293414797061845,"5","YPEL2"
9.49844054306248e-07,1.34814310573681,0.256,0.09,0.031855869893323,"5","HSD17B4"
1.03418471398129e-06,0.800592321645045,0.322,0.146,0.0346844869375044,"5","RAB10"
1.0558027153185e-06,0.411193852953749,0.504,0.303,0.0354095114663518,"5","CANX"
1.06846940425082e-06,0.496559414534472,0.322,0.169,0.0358343268797641,"5","DAZAP2"
1.07100973172831e-06,0.552589620573573,0.537,0.325,0.035919524382704,"5","HNRNPC"
1.07590959086881e-06,0.314496453718489,0.306,0.17,0.0360838558585581,"5","UBA6"
1.07882766640487e-06,0.439346216579998,0.628,0.402,0.0361817222758864,"5","EIF1"
1.09912033596496e-06,0.996488673723793,0.38,0.178,0.0368622978275928,"5","SERINC3"
1.12224957063198e-06,0.514384090046145,0.504,0.299,0.0376380060998553,"5","TAOK1"
1.14480726134576e-06,0.708453709407995,0.835,0.643,0.0383945459310141,"5","MT-ND2"
1.17616943309788e-06,0.885058791846973,0.264,0.114,0.0394463704472369,"5","PIGT"
1.34839507689426e-06,0.643644826417557,0.537,0.311,0.0452224740888797,"5","UBB"
1.57832062054877e-06,0.252461676148792,0.372,0.227,0.0529337169719647,"5","ARID4B"
1.65332016256526e-06,0.381394310925673,0.281,0.148,0.0554490516121138,"5","PHACTR4"
1.77684947323011e-06,0.430300975948995,0.273,0.143,0.0595919776331913,"5","COX6A1"
1.84871062570653e-06,0.995649910934183,0.281,0.12,0.0620020569649456,"5","TMED7"
1.96151148038179e-06,0.501460668352939,0.322,0.173,0.0657851720290444,"5","RAB14"
2.38846769455031e-06,1.0250242178831,0.298,0.132,0.0801044295398284,"5","HSBP1"
2.50315079886219e-06,0.587670372450925,0.264,0.131,0.0839506714922401,"5","ZBTB38"
2.71668377268192e-06,0.470340607281901,0.967,0.851,0.0911121403682063,"5","MT-ND3"
2.86755665520908e-06,0.371264943701376,0.421,0.253,0.096172115102402,"5","MTDH"
2.91510054215639e-06,0.54664200462417,0.281,0.146,0.0977666419828409,"5","PRDM2"
3.20816230433938e-06,0.262220644719976,0.256,0.139,0.107595347362934,"5","XRN2"
3.94482760692135e-06,0.891967543650566,0.405,0.206,0.132301628280928,"5","DYNLL1"
4.46003540956025e-06,0.921286779430086,0.281,0.123,0.149580667565832,"5","SMARCA5"
4.66782316598008e-06,0.702413202998238,0.256,0.123,0.15654945334064,"5","KIAA0232"
5.20291996279448e-06,0.751409545945084,0.298,0.141,0.174495529712201,"5","MRPS5"
5.75338994178551e-06,0.261653558419786,0.405,0.263,0.192957191867603,"5","TIAL1"
5.86491804473029e-06,0.426101131669844,0.331,0.189,0.196697621384164,"5","CD46"
5.89901329620117e-06,0.406095596498588,0.43,0.26,0.197841107927995,"5","NASP"
6.17909336670635e-06,0.378022185395924,0.289,0.162,0.207234433332598,"5","TMED10"
6.56118637727531e-06,0.416482855853369,0.438,0.273,0.220049068721059,"5","KMT2A"
7.42373514275194e-06,0.358678231042652,0.785,0.572,0.248977229217614,"5","ZEB2"
7.46576380802696e-06,0.391659107955839,0.314,0.175,0.250386786593608,"5","MTRNR2L8"
8.48850742198873e-06,0.364037307687643,0.289,0.164,0.284687561918658,"5","NDUFA4"
8.74421823017591e-06,0.322632959042235,0.256,0.14,0.29326359100364,"5","NIN"
9.45587504365741e-06,0.506325529353808,0.264,0.136,0.317131137214182,"5","UBE2H"
9.99174313486298e-06,0.867885116507003,0.264,0.117,0.335103081257035,"5","WBP2"
1.02088391907283e-05,0.347320852611228,0.264,0.147,0.342384048778645,"5","SENP7"
1.13332611513216e-05,1.05407592937201,0.264,0.115,0.380094912493025,"5","C1GALT1"
1.19039552907175e-05,0.777529603355497,0.256,0.116,0.399234852540085,"5","FBXO7"
1.20707907460033e-05,0.438496388185819,0.802,0.596,0.40483018003946,"5","WSB1"
1.27913402767644e-05,0.542475476865609,0.298,0.157,0.428995970202125,"5","SFSWAP"
1.40079132094732e-05,0.779046918345312,0.289,0.138,0.469797393219313,"5","AES"
1.4313135838974e-05,0.270224949083519,0.289,0.178,0.480033949767511,"5","CBX5"
1.51228261204527e-05,0.464594109550592,0.281,0.152,0.507189342427742,"5","SF3B2"
1.61681060998503e-05,0.369332845533907,0.455,0.295,0.54224594237678,"5","ARL6IP5"
1.72289620506701e-05,0.627597390014109,0.264,0.131,0.577824929255375,"5","PDE4DIP"
1.93162427122254e-05,0.402988818825307,0.289,0.163,0.647828148082614,"5","ATP1A1"
2.00301909111384e-05,0.748185653640842,0.264,0.122,0.671772542777758,"5","CLSTN1"
2.00761999451444e-05,0.736921085205106,0.264,0.126,0.673315593760254,"5","MPRIP"
2.02759271225721e-05,0.455065556186394,0.364,0.218,0.680014043836822,"5","ATXN2"
2.08308462129894e-05,0.443859568424806,0.306,0.174,0.69862492029124,"5","PRKAR1A"
2.10821927795024e-05,0.554592592121163,0.273,0.145,0.707054581438953,"5","RASSF2"
2.3867511178623e-05,0.363354483015487,0.86,0.674,0.800468589908658,"5","MT-ND1"
2.53845222527627e-05,0.423450299672427,0.479,0.314,0.851346107313156,"5","TIMP2"
2.74846041208408e-05,0.286347216810611,0.273,0.16,0.921778653004759,"5","CCDC66"
2.81368229150823e-05,0.58596919605753,0.331,0.178,0.943652766926031,"5","STXBP3"
2.82717318733519e-05,0.33933150353681,0.645,0.451,0.948177343568475,"5","HNRNPDL"
2.89079155467896e-05,0.929206542458615,0.256,0.113,0.96951367160823,"5","PPP4R2"
3.06317179188538e-05,0.382651330499055,0.281,0.158,1,"5","UBE3A"
3.37402665523642e-05,0.272306396183965,0.264,0.16,1,"5","HNRNPL"
3.4481305206713e-05,0.626249793724758,0.273,0.138,1,"5","ZBTB44"
3.53451787164976e-05,0.533988432441469,0.322,0.183,1,"5","PEA15"
3.60505449943831e-05,0.445098743408514,0.612,0.415,1,"5","GTF2I"
3.60829454593981e-05,0.344053074319638,0.289,0.167,1,"5","ZC3H13"
3.67634356913874e-05,0.312337223992871,0.339,0.215,1,"5","TRIP11"
3.82123484891899e-05,0.658455289629119,0.256,0.126,1,"5","NCBP3"
3.8793912450571e-05,0.510755910400341,0.331,0.196,1,"5","XRCC5"
3.94528971614424e-05,0.976219123784848,0.273,0.124,1,"5","ATP5MPL"
4.08557621914899e-05,0.286768323976348,0.339,0.221,1,"5","RICTOR"
4.23127719385269e-05,0.374092714821407,0.364,0.223,1,"5","SUGT1"
4.3459419092149e-05,0.418292036597684,0.934,0.8,1,"5","MT-ATP6"
4.35846905568831e-05,0.855553376668206,0.372,0.22,1,"5","LIPA"
4.4567732915218e-05,0.28200887459784,0.331,0.211,1,"5","NORAD"
5.49626000357747e-05,0.372971795571024,0.322,0.194,1,"5","USP22"
5.80103150244629e-05,0.606648273524273,0.306,0.163,1,"5","ARPP19"
5.88463947260983e-05,0.721993068421173,0.273,0.136,1,"5","NDUFS2"
7.00693240966605e-05,0.258764812589241,0.264,0.157,1,"5","YPEL3"
7.09802541946608e-05,0.265758857880359,0.264,0.164,1,"5","PHC2"
7.10043680474276e-05,0.418909806627643,0.397,0.25,1,"5","PJA2"
7.51141765324203e-05,0.251653985927909,0.355,0.238,1,"5","HNRNPR"
7.78334806218289e-05,0.398898810717973,0.322,0.19,1,"5","ARHGAP5"
7.8128565551961e-05,0.401973691782796,0.612,0.434,1,"5","PRRC2C"
9.15175267180939e-05,0.303865728707477,0.397,0.268,1,"5","SLC11A2"
0.000100506886394511,0.315871152365563,0.405,0.279,1,"5","PCBP1"
0.000102627583187735,0.449857810871662,0.347,0.216,1,"5","PPP1CB"
0.000110509079605188,0.670020842765864,0.264,0.145,1,"5","EID1"
0.000123659458593087,0.645551094316238,0.306,0.163,1,"5","SOD1"
0.000159942715465414,0.873188521872297,0.355,0.192,1,"5","MARCH6"
0.000190292736335065,0.668999501530748,0.331,0.185,1,"5","YWHAG"
0.000211927540627037,0.289840109414605,0.298,0.187,1,"5","MGA"
0.000218560300600944,0.279428112485354,0.769,0.592,1,"5","LUC7L3"
0.000278930551252631,0.663539947383651,0.322,0.18,1,"5","PRDX1"
0.000282751918387286,0.562635801582504,0.264,0.144,1,"5","ECPAS"
0.000290140714380159,0.382862967262766,0.281,0.174,1,"5","OCIAD1"
0.000301755171175064,0.464480015518809,0.306,0.182,1,"5","WDFY2"
0.000331846693837954,0.314680468298951,0.388,0.255,1,"5","LCOR"
0.000380530614869497,0.292192510373332,0.264,0.165,1,"5","ATF4"
0.00039477656732036,0.3967215192617,0.529,0.364,1,"5","ANKRD12"
0.000419199744879371,0.442603617609802,0.339,0.204,1,"5","MTCH1"
0.000435875775117658,0.746181591544575,0.289,0.158,1,"5","UBE2Z"
0.000440363306821854,0.460110011289692,0.264,0.158,1,"5","PAXBP1"
0.000480034688219775,0.726071989150007,0.413,0.25,1,"5","ZKSCAN1"
0.000589064198929889,0.5495591996998,0.273,0.161,1,"5","ZSWIM6"
0.000592142834590703,0.435371991078623,0.298,0.186,1,"5","ATP2A2"
0.000663069390758155,0.355045084897435,0.868,0.722,1,"5","MT-CYB"
0.00102264067628343,0.650282269814516,0.331,0.192,1,"5","RUFY3"
0.00117703083688566,0.719502732228495,0.264,0.144,1,"5","ZFAND5"
0.00120052290887901,0.397557329297935,0.298,0.186,1,"5","CTTNBP2"
0.00127407401220398,0.272855873516245,0.256,0.17,1,"5","CNBP"
0.00152877456968535,0.501831419469565,0.281,0.167,1,"5","JUND"
0.00162539818920229,0.290226086058199,0.281,0.188,1,"5","PAFAH1B1"
0.00184288721750731,0.331363115398406,0.281,0.185,1,"5","PRKDC"
0.00237484694741186,0.559864718022616,0.405,0.263,1,"5","SPEN"
0.00245517499079264,0.289939807584604,0.281,0.184,1,"5","ITGAV"
0.00333441779687887,0.302957391832539,0.314,0.21,1,"5","ZNF451"
0.00360982972535236,0.484893857215776,0.38,0.251,1,"5","RNF130"
0.00476872584874097,0.479175956871918,0.421,0.289,1,"5","IRF2BP2"
0.0057316958665315,0.459216468972045,0.281,0.191,1,"5","TOR1AIP2"
0.00614694021988344,0.421825564744339,0.661,0.521,1,"5","MTRNR2L12"
0.0063644245697169,0.448438516846797,0.322,0.216,1,"5","TIA1"
0.00796141631221528,0.452921504908113,0.256,0.156,1,"5","PURB"
1.00145083296377e-61,4.18664422292414,0.736,0.073,3.3586658035939e-57,"6","CD163"
2.15819581757434e-54,4.14163054558676,0.681,0.085,7.23815713298081e-50,"6","SELENOP"
3.34445823556093e-53,6.70097487390587,0.451,0.007,1.12166440304243e-48,"6","F13A1"
3.45993280711891e-53,4.17629558963565,0.615,0.081,1.16039226485154e-48,"6","LYVE1"
2.29660859213456e-49,7.92896833965228,0.374,0.003,7.70236589630089e-45,"6","LILRB5"
1.43728538954544e-35,3.02819909514291,0.659,0.143,4.82036773945748e-31,"6","MRC1"
8.00458784283548e-35,2.72361797512853,0.747,0.235,2.68457867073016e-30,"6","STAB1"
2.9464136508531e-34,4.61238687686954,0.407,0.02,9.88168210223113e-30,"6","SIGLEC1"
2.26013171357503e-33,7.46782235135707,0.264,0.002,7.58002974098793e-29,"6","MARCO"
6.65720018531479e-32,3.95574037828713,0.44,0.033,2.23269179815087e-27,"6","TGFBI"
8.33646103521306e-24,2.67041730295255,0.549,0.143,2.79588230198976e-19,"6","DAB2"
2.01273281937886e-22,3.87355637654645,0.33,0.027,6.75030332963281e-18,"6","FCGR2B"
5.39172838929598e-21,2.52281472050899,0.495,0.123,1.80827786720208e-16,"6","FCHO2"
1.33672561831866e-20,4.35699808624906,0.297,0.028,4.48311037871711e-16,"6","RNASE1"
4.90101808049722e-18,4.08550299056112,0.253,0.018,1.64370344383716e-13,"6","DRAM1"
6.83281610046459e-18,3.45693466415205,0.33,0.045,2.29158986377381e-13,"6","TNFAIP8"
2.25716285430559e-16,3.22809071767285,0.319,0.044,7.57007278077009e-12,"6","RGL1"
3.53585775888358e-16,3.04841034879292,0.286,0.031,1.18585597517437e-11,"6","ADGRG6"
1.48912228765437e-15,3.53567818432744,0.264,0.029,4.99421832833523e-11,"6","IQGAP2"
2.19596918279375e-15,1.0913789406196,0.868,0.605,7.36484144525367e-11,"6","MS4A6A"
4.12802513448257e-15,1.2616939458071,0.813,0.508,1.38445706960276e-10,"6","MS4A7"
1.75022485164222e-13,2.55165837361188,0.363,0.078,5.86990410743767e-09,"6","MS4A4A"
2.4623821090714e-13,3.07885778221971,0.275,0.04,8.25833711740365e-09,"6","AHNAK"
3.26238093970646e-13,1.6494097699622,0.571,0.291,1.09413731955875e-08,"6","SDCBP"
3.68107287933726e-13,2.35087141216166,0.363,0.078,1.23455822227213e-08,"6","IQGAP1"
2.6445340689347e-11,2.41521605226853,0.33,0.076,8.8692383603932e-07,"6","RAP2B"
3.03932105211642e-11,2.35101861125838,0.319,0.069,1.0193274944588e-06,"6","ARHGAP18"
9.62949492481208e-10,2.1989757152949,0.297,0.069,3.22954000788348e-05,"6","TRPS1"
1.91381032440643e-09,2.33106126977105,0.275,0.06,6.41853706599429e-05,"6","ITSN1"
6.38230889491218e-09,0.940077933160566,0.659,0.51,0.000214049875717565,"6","C1QA"
7.41608066809198e-09,1.6992929295857,0.396,0.134,0.000248720513446469,"6","ABCC5"
1.13381909118886e-08,1.01325916883039,0.681,0.371,0.000380260246802918,"6","FCGR2A"
2.15189832127346e-08,1.49789710368452,0.407,0.146,0.000721703658988691,"6","EPS15"
2.25489525510904e-08,1.81141389526041,0.374,0.125,0.00075624677065847,"6","FRMD4B"
4.15614766420178e-08,1.44217325775709,0.495,0.23,0.00139388880361999,"6","RBPJ"
5.87690903728523e-08,1.89583079367941,0.308,0.119,0.00197099775292472,"6","MTSS1"
6.57143913030177e-08,0.82595624175236,0.78,0.661,0.00220392925552061,"6","MAF"
1.11908495964751e-07,0.713984435801297,0.89,0.811,0.00375318713766582,"6","PSAP"
1.22078243304761e-07,1.48266822980562,0.407,0.156,0.00409426012395507,"6","GPR155"
1.39767096371762e-07,1.78325223151386,0.352,0.123,0.00468750887811617,"6","PEAK1"
3.78508380787986e-07,0.808459753528441,1,0.959,0.0126944140748675,"6","NEAT1"
4.98626505378873e-07,1.05979020895705,0.659,0.447,0.0167229357373966,"6","CTSZ"
6.24828208534311e-07,1.3993337358105,0.429,0.188,0.0209554884578237,"6","ARHGAP5"
7.34001452415291e-07,1.10099339291254,0.714,0.516,0.024616940711104,"6","TXNIP"
7.69617130305589e-07,1.22848758525057,0.319,0.112,0.0258114193161888,"6","ATP1B3"
8.70484211518922e-07,2.19369114119585,0.264,0.125,0.0291942994859216,"6","LGMN"
9.6848759040223e-07,1.27158766630734,0.495,0.239,0.03248113680691,"6","IFI44L"
1.03445199221863e-06,1.91163997830231,0.286,0.101,0.0346934509150284,"6","HNMT"
1.45658450066411e-06,1.56072851873939,0.374,0.18,0.0488509309832729,"6","SERPINH1"
2.25162640999616e-06,1.68513691353309,0.319,0.12,0.0755150465384512,"6","DMXL2"
2.53594556712329e-06,1.57689556763563,0.319,0.124,0.0850505424301808,"6","SESN1"
8.52573297670544e-06,0.883179386072187,0.615,0.363,0.285936032572747,"6","ANKRD12"
1.08464811884791e-05,1.29437039412926,0.516,0.36,0.363769286099213,"6","HSPD1"
1.1127447913627e-05,0.975686212244117,0.538,0.362,0.373192348127221,"6","CST3"
1.19009844419333e-05,1.19522145894977,0.484,0.279,0.399135216213558,"6","TPP1"
1.19319550972642e-05,1.344563250493,0.341,0.142,0.400173910052047,"6","MKNK2"
1.44226294841249e-05,1.20205658196911,0.462,0.256,0.483706147638582,"6","MFSD1"
1.48192309128557e-05,0.882992741495185,0.505,0.269,0.497007366355354,"6","CD164"
1.52346969022059e-05,0.970668608811009,0.56,0.357,0.510941264706181,"6","SLC5A3"
1.8236842524637e-05,1.23389517180458,0.33,0.136,0.611627224591274,"6","CMKLR1"
1.94826375494402e-05,1.42066923195169,0.286,0.106,0.653408698133125,"6","PLXND1"
2.27049802533072e-05,0.982063088781927,0.758,0.752,0.761479627735416,"6","HSP90AA1"
4.57827467913128e-05,0.671549098408186,0.374,0.191,1,"6","MAFG"
4.58898535061843e-05,1.03122850883299,0.341,0.151,1,"6","GNPTAB"
4.83296150985157e-05,1.73874122548206,0.264,0.102,1,"6","FOLR2"
5.02026210261484e-05,1.10940915081485,0.418,0.243,1,"6","TAOK3"
5.08613592235344e-05,1.48945766254637,0.297,0.12,1,"6","SNX6"
5.52087683691515e-05,1.46257608938769,0.286,0.121,1,"6","AGFG1"
5.69333569920588e-05,1.61435822655588,0.264,0.108,1,"6","C20orf194"
7.17054066305453e-05,1.26408442826245,0.253,0.093,1,"6","TTYH3"
0.000108476526082707,1.28917170889735,0.374,0.201,1,"6","EIF2AK2"
0.000143380017485576,0.968364793365742,0.495,0.322,1,"6","DNAJB1"
0.000148660320465963,0.954279466514334,0.374,0.184,1,"6","UTRN"
0.000149580377970899,0.949062936052462,0.374,0.185,1,"6","ATP2A2"
0.00015038986118467,1.45039468539307,0.264,0.121,1,"6","ARAP2"
0.000179388290668623,1.36564651407443,0.505,0.303,1,"6","VMP1"
0.000208036043242899,0.75658144970474,0.33,0.164,1,"6","CAST"
0.000225800042919551,1.18499287757655,0.253,0.102,1,"6","DCUN1D1"
0.000240460795354687,0.835027106764049,0.549,0.367,1,"6","GRN"
0.000289201825926558,0.967550464470784,0.297,0.136,1,"6","MYO5A"
0.000296536237362947,0.88432649933968,0.44,0.244,1,"6","VSIG4"
0.000315932825699102,1.21393851307868,0.286,0.164,1,"6","TPP2"
0.000328385765387457,0.971349583803001,0.363,0.183,1,"6","AHSA1"
0.000354882752036451,1.13040134536442,0.275,0.182,1,"6","DNAJA4"
0.00035885047775406,1.03502895177827,0.374,0.192,1,"6","RUFY3"
0.000373524641526436,1.19001746323897,0.275,0.119,1,"6","PPP1R15A"
0.000396949881734372,1.11252665663297,0.308,0.143,1,"6","PLD3"
0.00039887373415625,0.9214871851143,0.451,0.268,1,"6","HSPE1"
0.000415224508989385,1.37219186308259,0.264,0.112,1,"6","FAM91A1"
0.000428452655051008,1.09416582963395,0.451,0.263,1,"6","FKBP4"
0.00046473997599397,0.613163131460389,0.604,0.399,1,"6","CHORDC1"
0.000471061109152689,1.00363927930651,0.33,0.162,1,"6","FMN1"
0.000483443998549216,0.874202433503164,0.253,0.115,1,"6","ARRDC2"
0.000528960182076736,1.115339260673,0.319,0.154,1,"6","RBM47"
0.000550420180460474,0.919727401120334,0.363,0.187,1,"6","BAG3"
0.000552752232322247,0.841506727764049,0.593,0.446,1,"6","HSPH1"
0.000590247614014981,0.76675526915855,0.462,0.276,1,"6","HSPA6"
0.000618426537364172,1.40236297674311,0.253,0.111,1,"6","AP2A2"
0.000752785522713098,1.00865697413538,0.352,0.183,1,"6","TENT5A"
0.000821142002273742,0.996493195668295,0.44,0.265,1,"6","XAF1"
0.00086024026498232,1.01494481727419,0.33,0.166,1,"6","LARP1"
0.00107711233912321,0.351723553234901,1,0.996,1,"6","MALAT1"
0.00109435304834046,1.13259498333043,0.275,0.127,1,"6","CALCOCO2"
0.0010975577179226,0.730153855046126,0.538,0.382,1,"6","TCF4"
0.00113469588791169,1.01619719026247,0.363,0.199,1,"6","IER5"
0.00122536187100691,1.07598434355255,0.297,0.145,1,"6","KHDRBS1"
0.00128469508392036,1.04779340297407,0.352,0.2,1,"6","LARP4"
0.00129000820236214,1.05825439697258,0.308,0.191,1,"6","FCHSD2"
0.00145074548988377,1.28963618684783,0.253,0.118,1,"6","TRIM25"
0.00151908269007545,1.25839695262594,0.253,0.122,1,"6","TRIM14"
0.00157173141529065,1.16061691135821,0.275,0.134,1,"6","HSBP1"
0.00196028099469637,0.732208535131941,0.462,0.289,1,"6","NPC2"
0.00196805724217659,1.32561259098169,0.275,0.142,1,"6","DSE"
0.00206092527966184,0.708690351924832,0.571,0.417,1,"6","LRP1"
0.00209089259050929,1.17179895195247,0.253,0.144,1,"6","TMEM123"
0.00216047730924598,0.889257909023864,0.44,0.305,1,"6","HELZ"
0.00233928727093865,0.916969175754016,0.264,0.129,1,"6","RERE"
0.00249843171953986,0.650211172903701,0.33,0.185,1,"6","VPS35"
0.00269589680841056,0.86459790110297,0.495,0.365,1,"6","AKAP9"
0.00279294061111022,1.02060880926811,0.374,0.222,1,"6","NFAT5"
0.00282596601519194,1.11110504196775,0.286,0.147,1,"6","FOXP1"
0.00283088462995401,1.00416324341051,0.352,0.203,1,"6","FNIP2"
0.00323720704489979,0.691308207497689,0.396,0.234,1,"6","CASP1"
0.00324584658254913,0.935566403091532,0.297,0.154,1,"6","RBMS1"
0.00332397629398441,0.484647435836758,0.44,0.283,1,"6","PHC3"
0.003429546027419,0.919926047292345,0.275,0.138,1,"6","TBC1D4"
0.00344706334128011,0.610758969741411,0.341,0.196,1,"6","NOL8"
0.00368850047897232,0.921379773329118,0.264,0.132,1,"6","ZBTB38"
0.00369953173960522,0.706239674927515,0.484,0.315,1,"6","P4HA1"
0.00398585396912362,0.795310125819152,0.286,0.151,1,"6","ZADH2"
0.00419624703905244,0.881807602312055,0.363,0.249,1,"6","HMOX1"
0.00423617895335681,0.700929998115121,0.385,0.229,1,"6","STAT6"
0.00462175823727901,0.951050448326632,0.308,0.166,1,"6","PPP1R18"
0.00466120915278436,0.560207918353546,0.396,0.249,1,"6","HEXA"
0.00476773373755768,1.07964191502558,0.253,0.125,1,"6","CD59"
0.00519054619899079,0.812457133082473,0.56,0.4,1,"6","PARP14"
0.00539585894681331,1.10321467288901,0.264,0.151,1,"6","PPP4R3A"
0.00563535991738598,0.719576447045954,0.429,0.27,1,"6","ARAP1"
0.00591472844552582,0.391904277156264,0.363,0.227,1,"6","NFIC"
0.00604576279967642,0.551675158043478,0.571,0.411,1,"6","MT-ND5"
0.00658385175168428,0.797154003938203,0.297,0.162,1,"6","ATP6AP2"
0.00661628496244324,0.838930057927753,0.396,0.256,1,"6","ROCK1"
0.00703846689007387,1.07836680147128,0.352,0.238,1,"6","FCGBP"
0.0073040448319088,1.12200785412925,0.297,0.178,1,"6","STAT2"
0.00837665227209711,0.69859966628969,0.297,0.171,1,"6","FAM111A"
0.00900528220256781,0.723025374097052,0.451,0.299,1,"6","CWF19L2"
0.00917354999844906,0.692172646320864,0.319,0.187,1,"6","DNAJC13"
0.00962646553543737,0.935143761412716,0.275,0.149,1,"6","USP9X"
0.00984764976630012,0.868384593802357,0.363,0.23,1,"6","PIAS2"
5.89152691738082e-28,4.26663176979552,0.506,0.105,1.97590029755118e-23,"7","GFAP"
1.30785445215264e-23,2.79793257912705,0.568,0.175,4.38628226162952e-19,"7","CLU"
2.99262884760121e-23,3.67373063768267,0.444,0.072,1.00366786290849e-18,"7","SLC1A2"
3.94086830862875e-23,3.93433063963559,0.395,0.056,1.32168841334791e-18,"7","AQP4"
5.62403960624294e-21,3.24383625578412,0.432,0.058,1.88619040314176e-16,"7","NTRK2"
3.74748794534317e-17,3.90649905603024,0.309,0.03,1.25683250710919e-12,"7","GJA1"
1.97967378483895e-15,2.70352694978587,0.432,0.094,6.63942993959287e-11,"7","CPE"
4.21145259647107e-15,1.76208193970632,0.556,0.156,1.41243697180447e-10,"7","GPM6B"
7.90797026346089e-15,3.66975346166086,0.259,0.023,2.65217506695951e-10,"7","ATP1B2"
9.05007389690937e-15,2.76109317399855,0.309,0.04,3.03521378354546e-10,"7","PMP2"
1.58374647127542e-13,2.10283842395531,0.432,0.099,5.31156891536349e-09,"7","PTGDS"
1.22403823657312e-12,3.6859858889901,0.272,0.038,4.10517943781892e-08,"7","FAM107A"
1.84868466021377e-12,2.67737985515998,0.309,0.049,6.20011861342495e-08,"7","VIM"
2.48962222772783e-12,3.37948158858618,0.309,0.051,8.3496950273536e-08,"7","ADD3"
6.50109219286733e-11,2.03600269044902,0.432,0.124,2.18033629964385e-06,"7","SPARCL1"
4.81082802326929e-10,2.01450260914612,0.469,0.166,1.61345550244406e-05,"7","CKB"
1.46716837735678e-09,2.03154509698123,0.333,0.08,4.92058930397918e-05,"7","GPM6A"
1.60271889703846e-09,2.42787191086613,0.296,0.068,5.37519863688759e-05,"7","S100B"
2.88916310956996e-08,1.41088181033046,0.642,0.36,0.000968967523687574,"7","CST3"
3.19338060132703e-07,1.7037954954195,0.333,0.105,0.0107099598607306,"7","KIF1B"
4.91381123009018e-07,2.19820657781888,0.259,0.074,0.0164799401034764,"7","ANKRD40"
6.22083414080552e-07,1.6485595946012,0.284,0.079,0.0208634335414335,"7","MT2A"
6.26016899483376e-07,1.35744376520211,0.383,0.146,0.0209953547748735,"7","MAP1B"
8.2260006021019e-07,1.60390305848088,0.321,0.102,0.0275883608193293,"7","GLUD1"
1.14273109859619e-06,0.755859242817653,0.568,0.289,0.0383249155847189,"7","PLP1"
1.22002654871688e-06,2.53585422374909,0.494,0.286,0.0409172503908668,"7","MBP"
1.86880919057676e-06,1.43764046885398,0.259,0.078,0.0626761226335634,"7","SYNE1"
2.18869511199087e-06,1.64124220880188,0.321,0.107,0.0734044566659499,"7","MT3"
2.32182081622782e-06,1.81623056497621,0.296,0.102,0.0778692265346485,"7","DTNA"
2.8975205135286e-06,1.6204465037966,0.309,0.102,0.097177042982722,"7","CRYAB"
4.21855844282831e-06,1.65754532987241,0.296,0.098,0.141482013055576,"7","CNP"
8.57398939115741e-06,0.703263930947197,0.815,0.561,0.287554456200637,"7","RPL41"
9.46197399720244e-06,1.14312430745637,0.58,0.325,0.317335683918175,"7","RPS12"
1.44581268775196e-05,1.33476769185635,0.37,0.214,0.484896659218252,"7","SRP14"
2.2541810355822e-05,1.54367899867713,0.346,0.169,0.756007235713558,"7","NDRG2"
5.70354180544877e-05,1.24954976008296,0.42,0.201,1,"7","TUBA1A"
5.95766476028701e-05,0.881743456328069,0.321,0.142,1,"7","APC"
6.55916782595173e-05,0.70533196430575,0.864,0.73,1,"7","MT-CO1"
7.03233734815549e-05,1.44213393740757,0.259,0.092,1,"7","C4orf3"
7.7001775994234e-05,0.934200551923738,0.642,0.402,1,"7","GLUL"
8.06303969642493e-05,1.3894343650522,0.333,0.148,1,"7","AHCYL1"
8.80502927717971e-05,0.586655453548913,0.407,0.216,1,"7","PEBP1"
0.000110494824890495,1.10540747057309,0.309,0.128,1,"7","KIAA0319L"
0.0001339676168207,0.266354589581983,0.58,0.393,1,"7","CD14"
0.00014375522403542,0.504917215363992,0.914,0.764,1,"7","MT-CO2"
0.000146087232557041,0.956088033119682,0.519,0.293,1,"7","RPL4"
0.000241241700636925,0.42811150490677,0.346,0.198,1,"7","PFKFB3"
0.000252270501003961,1.00028410206567,0.407,0.206,1,"7","YWHAZ"
0.000258062065916438,1.30978475023056,0.309,0.134,1,"7","TSPAN3"
0.000272056533375448,0.456443269866885,0.617,0.396,1,"7","RPS11"
0.000283525639819841,1.52523102586823,0.272,0.114,1,"7","EP400"
0.000296858985030475,0.251932845099302,0.975,0.852,1,"7","MT-ND3"
0.000330560102262076,0.532200376143815,0.938,0.853,1,"7","MT-CO3"
0.000345456689970383,1.52386382819797,0.284,0.118,1,"7","HIPK2"
0.00037659859453646,0.600522645589876,0.37,0.203,1,"7","TM6SF1"
0.000394844029099508,0.832772306932776,0.259,0.115,1,"7","HDLBP"
0.000397019849397176,0.358998538626818,0.716,0.501,1,"7","RPS27"
0.000437277304811259,0.770110504981665,0.395,0.205,1,"7","SNAP25"
0.000456274950475133,0.624889923323958,0.704,0.493,1,"7","RPS24"
0.00048386003275194,0.788179945353981,0.259,0.109,1,"7","RGS16"
0.000495428256371438,1.34224903687399,0.259,0.105,1,"7","SPTAN1"
0.000627554259490479,0.541279911253101,0.741,0.546,1,"7","FTH1"
0.000633375943603312,0.250497062120081,0.309,0.185,1,"7","SRSF6"
0.000671668412357174,0.607249555448419,0.58,0.375,1,"7","ACTG1"
0.000697857905288449,0.754408996456797,0.58,0.369,1,"7","GAPDH"
0.00081020387057369,0.618683753004965,0.531,0.454,1,"7","RPS9"
0.00101002004743355,1.28866637805885,0.284,0.127,1,"7","HLA-DQA1"
0.0012638067657067,0.703378450685135,0.815,0.677,1,"7","MT-ND1"
0.00140515396739295,0.418899300921212,0.593,0.399,1,"7","RPL27A"
0.00151360286548424,0.890834390470736,0.531,0.36,1,"7","RPS16"
0.00165985776396306,0.556854036832061,0.494,0.304,1,"7","RPL26"
0.00169665342115621,0.753713175211813,0.321,0.174,1,"7","OCIAD1"
0.00178878853430259,0.297570160586806,0.469,0.303,1,"7","RPS25"
0.00178937875725748,1.27717109000799,0.272,0.127,1,"7","PPIB"
0.00180356117216999,0.719195968940566,0.469,0.285,1,"7","ZBTB20"
0.00180616396206199,0.6380374299896,0.568,0.371,1,"7","FAU"
0.00186490828481094,0.9540974150075,0.519,0.332,1,"7","H3F3A"
0.00200989672359371,0.756333397855365,0.63,0.451,1,"7","RPS27A"
0.00227826348248415,0.680008775101151,0.333,0.187,1,"7","NCL"
0.00248835463190861,0.641579380786613,0.593,0.399,1,"7","RPL21"
0.00249349782063622,0.267888968495697,0.296,0.196,1,"7","MED13"
0.00252587788112807,0.777428535174837,0.494,0.329,1,"7","CD63"
0.00258418974138598,0.737137058111179,0.457,0.277,1,"7","CFL1"
0.00265938246984621,0.786094703617661,0.407,0.234,1,"7","PADI2"
0.00266985689046702,0.886097107683475,0.321,0.165,1,"7","NDUFA4"
0.00273930301921531,0.586587692242627,0.691,0.505,1,"7","PTMA"
0.00278792688806683,1.33853898742189,0.272,0.153,1,"7","MTURN"
0.00290932600429147,1.03541687755578,0.272,0.132,1,"7","PAQR8"
0.00325520142811252,0.687673020309052,0.383,0.221,1,"7","EEF1B2"
0.00346170735462635,0.494390252780992,0.481,0.329,1,"7","SERF2"
0.00347538901581172,0.710316401454014,0.605,0.423,1,"7","CALM2"
0.00379856497377881,0.556990897437063,0.37,0.214,1,"7","APOE"
0.00405073900563654,0.70968956871471,0.753,0.647,1,"7","MT-ND2"
0.00414866848814532,0.76515311160001,0.457,0.281,1,"7","RPL22"
0.0042445369774493,0.289995658166764,0.975,0.889,1,"7","TMSB4X"
0.00445430492703483,0.73140448351757,0.605,0.422,1,"7","RPS14"
0.00452317061564424,0.988349169647186,0.272,0.135,1,"7","UQCRC2"
0.00453549361520643,0.54405874966235,0.272,0.157,1,"7","NAP1L4"
0.00458186462636045,0.394538906622955,0.346,0.216,1,"7","MYL6"
0.00458278245789322,1.03589664315872,0.321,0.176,1,"7","MTRNR2L8"
0.00463313530303995,0.775490993292251,0.469,0.326,1,"7","RPS4X"
0.00473619206405409,0.564874084528136,0.481,0.309,1,"7","RPL23A"
0.00490614465994085,0.588731693695506,0.568,0.386,1,"7","RPL32"
0.00539397651859116,0.870290728667253,0.457,0.343,1,"7","HLA-DPB1"
0.00547459924830956,0.637192709509999,0.358,0.211,1,"7","CAPZA2"
0.0057058863895112,0.338678568731368,0.543,0.382,1,"7","RPSA"
0.00579406076338118,0.619890557121122,0.444,0.275,1,"7","RPL27"
0.0059550426771955,0.905017343487984,0.309,0.163,1,"7","TMED10"
0.00617204316431689,0.599364626216968,0.728,0.555,1,"7","RPL37A"
0.00634996782086254,0.593996119090774,0.296,0.171,1,"7","DAZAP2"
0.00708254819491678,1.03345781409141,0.272,0.137,1,"7","ITM2C"
0.00826073109885068,0.64313654488366,0.519,0.351,1,"7","ACTR2"
0.00886810314617559,0.671193374138025,0.494,0.327,1,"7","RPL29"
0.00907126517294321,0.417181991489334,0.667,0.496,1,"7","TMBIM6"
6.63371285497806e-72,9.38451570288387,0.661,0.001,2.22481461730254e-67,"8","TOP2A"
2.22467724673861e-65,10.7631271043214,0.576,0,7.46112255011196e-61,"8","MKI67"
9.64156224874432e-55,8.82454766953326,0.525,0.001,3.23358714698387e-50,"8","ASPM"
1.91145005284237e-53,6.81712462819129,0.627,0.01,6.41062118722275e-49,"8","CENPF"
3.440033012307e-51,7.77646924174589,0.525,0.003,1.15371827166752e-46,"8","KNL1"
2.22219031446699e-43,6.34353668396138,0.492,0.005,7.45278187665938e-39,"8","NUSAP1"
2.39699328647371e-43,7.60562961434511,0.441,0.002,8.03903608417554e-39,"8","GTSE1"
1.54854914176797e-42,10.1782956229968,0.39,0,5.19352411166142e-38,"8","UBE2C"
2.82915259544148e-42,7.06903908486055,0.458,0.003,9.48841197459165e-38,"8","PRC1"
1.3828981244313e-38,11.0937090859713,0.356,0,4.63796372971768e-34,"8","HMMR"
8.34484361038871e-38,7.72106418432688,0.373,0.001,2.79869365005216e-33,"8","BUB1B"
1.19421652548657e-37,2.40953335724884,0.898,0.506,4.00516338317687e-33,"8","TUBA1B"
1.54063843039262e-35,8.9760489467527,0.339,0.001,5.16699316785076e-31,"8","TPX2"
3.33376048151518e-35,3.90627761567898,0.695,0.072,1.11807659029056e-30,"8","SMC4"
4.63221106814906e-34,7.6340992861676,0.339,0.001,1.55355094803583e-29,"8","POLQ"
3.01541752316387e-33,7.39130963782637,0.339,0.001,1.0113107289187e-28,"8","KIF2C"
3.72058289204262e-33,3.00758162208088,0.847,0.178,1.24780909033325e-28,"8","TUBB"
1.18336729153705e-32,4.08666364690911,0.627,0.054,3.96877722235696e-28,"8","HMGB2"
3.48534695711484e-31,7.8684979115264,0.322,0.001,1.16891566247717e-26,"8","KIFC1"
3.7510031982779e-31,6.03572434886605,0.339,0.003,1.25801145263844e-26,"8","NUF2"
5.58008568813163e-31,7.83606139216446,0.305,0.001,1.87144913808559e-26,"8","NCAPG"
3.43749958085962e-30,7.79328812878795,0.288,0.001,1.1528686094287e-25,"8","RRM2"
3.72102492582298e-30,5.14678382979493,0.458,0.015,1.24795733962251e-25,"8","EZH2"
2.43633849927919e-29,11.9399112347073,0.254,0,8.17099205888255e-25,"8","KIF20A"
2.43633849928129e-29,12.2837946435639,0.254,0,8.17099205888958e-25,"8","CDC20"
2.56673917421152e-29,7.97353771610515,0.305,0.001,8.6083298424706e-25,"8","BIRC5"
7.36696828910113e-29,9.54146155347058,0.271,0,2.47073382479874e-24,"8","TTK"
4.42802470016607e-28,7.98470122529904,0.271,0.001,1.4850709239417e-23,"8","KIF23"
5.41927343514388e-28,7.96264855397369,0.271,0.001,1.81751592467855e-23,"8","CDK1"
1.04979403591997e-27,4.80089481451663,0.475,0.023,3.5207992376684e-23,"8","TUBA1C"
1.20127386957543e-27,7.14820983243746,0.288,0.001,4.02883230378208e-23,"8","BUB1"
6.14093784370442e-27,10.0762038858995,0.254,0,2.05954773402159e-22,"8","TROAP"
2.36132508097882e-26,5.71125781773593,0.373,0.009,7.91941205658678e-22,"8","CLSPN"
7.54486398470052e-26,6.17327280789847,0.271,0.002,2.53039648318886e-21,"8","BRIP1"
7.70427640046027e-26,6.98252789459439,0.271,0.001,2.58386021918636e-21,"8","CEP55"
3.09739615775391e-25,5.46675169153929,0.288,0.003,1.03880472338751e-20,"8","KIF15"
4.15979613201782e-25,7.33177174992072,0.271,0.002,1.39511242675614e-20,"8","KIF14"
6.10621125921993e-24,4.09914272563184,0.407,0.02,2.04790113211718e-19,"8","CKS1B"
7.75417939890096e-24,7.52480139972432,0.254,0.001,2.60059668680341e-19,"8","ESCO2"
2.20404908114041e-23,4.40554864614638,0.373,0.015,7.3919398083287e-19,"8","TACC3"
2.43707897667391e-23,4.50269157943857,0.339,0.01,8.17347547196897e-19,"8","SPAG5"
3.45800296066888e-23,4.91917892424563,0.339,0.01,1.15974503294913e-18,"8","APOLD1"
4.26896113744712e-23,4.12345413414237,0.373,0.016,1.43172418627702e-18,"8","NCAPG2"
6.13847442308113e-23,3.95170026260773,0.407,0.022,2.05872155201295e-18,"8","H2AFX"
9.34396712774592e-23,4.04963581560349,0.424,0.025,3.13377969530343e-18,"8","CKAP2"
5.4963136038202e-22,5.14456028754038,0.288,0.006,1.84335365644922e-17,"8","ARHGAP11A"
7.24259444592853e-22,2.98423622758618,0.424,0.034,2.42902132527551e-17,"8","ANLN"
8.01255002917869e-22,4.03570806467696,0.407,0.024,2.68724902878595e-17,"8","BRCA2"
1.55450386340873e-21,4.31449576257217,0.407,0.024,5.21349505710018e-17,"8","SGO2"
2.42484250751618e-21,4.43906216044325,0.322,0.01,8.13243680170776e-17,"8","CIT"
5.30853635577203e-21,5.06289074525651,0.288,0.006,1.78037692299882e-16,"8","SLFN13"
9.1780632860426e-21,5.71383075727781,0.254,0.003,3.07813886487297e-16,"8","PARPBP"
2.64288027315744e-20,4.85811237392767,0.322,0.011,8.86369186011542e-16,"8","RAD51AP1"
3.61662147607676e-19,4.98432884451155,0.305,0.011,1.21294251064663e-14,"8","CENPE"
5.54825121090551e-19,4.76657543793363,0.254,0.006,1.86077249111349e-14,"8","PLK1"
7.54543369119098e-19,3.50431989945048,0.373,0.026,2.53058755135163e-14,"8","BRCA1"
1.29784699453138e-18,5.49534856016774,0.254,0.005,4.35271925025935e-14,"8","RECQL4"
2.45080205189759e-18,4.37592722460927,0.356,0.024,8.21949992165414e-14,"8","HELLS"
3.34727329395183e-18,4.43230039024519,0.271,0.009,1.12260851732557e-13,"8","CHEK1"
5.4010026755128e-18,3.9163941615957,0.322,0.017,1.81138827731348e-13,"8","ATAD2"
1.1758946845576e-17,5.16156629194115,0.254,0.007,3.94371559306927e-13,"8","PTTG1"
1.80355604472132e-17,2.28316380015024,0.508,0.082,6.04876626278637e-13,"8","KIF20B"
1.82095837181938e-17,3.4852767131066,0.407,0.038,6.10713018740785e-13,"8","KPNA2"
3.69028694442424e-17,3.52177343184252,0.288,0.015,1.237648435421e-12,"8","MCM8"
6.61040058243898e-17,4.23655929639213,0.254,0.009,2.21699614733838e-12,"8","ORC6"
7.09830899598201e-17,3.94822889299001,0.322,0.019,2.38063087107245e-12,"8","SYNE2"
7.57600066458196e-17,4.26619666250838,0.271,0.011,2.5408391028875e-12,"8","FANCI"
7.99650009107549e-17,2.40610327052981,0.576,0.111,2.6818662005449e-12,"8","TMPO"
1.46071929011301e-16,3.66713717448359,0.271,0.014,4.898960355181e-12,"8","LMNB1"
5.25662455607865e-16,3.43188502937473,0.322,0.023,1.76296674361766e-11,"8","CKS2"
7.66687400424269e-16,2.7438047468656,0.305,0.027,2.57131620354291e-11,"8","CDC25B"
8.07665128713604e-16,1.81858308296539,0.407,0.072,2.70874730867969e-11,"8","CKAP5"
1.27934090220518e-15,2.43676836173053,0.525,0.096,4.29065351781573e-11,"8","HMGN2"
2.89076175239603e-15,3.45178678208643,0.322,0.025,9.69503676518582e-11,"8","ATAD5"
3.17134651634643e-15,2.96322780293429,0.288,0.022,1.06360619465227e-10,"8","TMEM106C"
1.05849125481395e-14,2.37632944616114,0.559,0.12,3.54996797039501e-10,"8","STMN1"
1.38845432922855e-14,1.79627895840002,0.339,0.055,4.65659812936672e-10,"8","DDX39A"
5.68025185764498e-14,3.08081054384434,0.288,0.025,1.90504286801697e-09,"8","RACGAP1"
6.37903197519992e-14,3.90645499473548,0.254,0.015,2.13939974384255e-09,"8","FANCA"
1.93646461824328e-13,2.25645144974261,0.61,0.231,6.49451503666431e-09,"8","ARL6IP1"
1.95703362233969e-13,3.07568081657907,0.322,0.033,6.56349936260286e-09,"8","RNASE2"
3.08296239638218e-13,3.43773918668886,0.254,0.018,1.03396392849866e-08,"8","RFC3"
3.79637700713895e-13,1.52071794683498,0.356,0.073,1.27322892065426e-08,"8","ANP32B"
8.6501946644411e-13,1.71357476593808,0.322,0.057,2.90110228656026e-08,"8","LMF2"
1.50848768454787e-12,1.46378754399439,0.881,0.503,5.05916599643666e-08,"8","PTMA"
2.53138465667806e-12,3.01569662225078,0.254,0.022,8.48975786156688e-08,"8","NCAPD2"
2.9191009073734e-12,1.88779551823737,0.695,0.257,9.79008062314892e-08,"8","NUCKS1"
2.99798409902311e-12,2.55671430968737,0.424,0.075,1.00546390713037e-07,"8","CEP152"
3.77140648541851e-12,1.22805320492043,0.492,0.144,1.26485430707966e-07,"8","P4HB"
3.96880230997531e-12,0.452272749963172,0.441,0.178,1.33105691871952e-07,"8","RBM14"
5.51765286734613e-12,2.23564249247,0.576,0.167,1.85051041865054e-07,"8","FAM111A"
8.35369475029533e-12,2.88797253002059,0.271,0.027,2.80166214535405e-07,"8","ZGRF1"
1.07495771864771e-11,3.14228803271991,0.254,0.022,3.60519319680069e-07,"8","KIF22"
1.35294450568478e-11,1.74249319481568,0.356,0.072,4.53750528316561e-07,"8","PRDX3"
1.56791949275579e-11,1.36488890665328,0.39,0.099,5.25848839480437e-07,"8","SURF4"
2.66490204375063e-11,1.00607023498739,0.475,0.155,8.93754847433087e-07,"8","CALM3"
3.11803301662545e-11,2.19110747074952,0.407,0.081,1.04572591311584e-06,"8","H2AFV"
4.22085506696669e-11,2.30410283689529,0.424,0.086,1.41559037235929e-06,"8","NSD2"
4.23509197666073e-11,2.70443494420909,0.288,0.035,1.42036514713248e-06,"8","GPSM2"
4.92055294426217e-11,0.53604854588642,0.322,0.112,1.65025504644665e-06,"8","CDK19"
5.33218535923596e-11,1.22766988685283,0.288,0.066,1.78830832578056e-06,"8","KCTD20"
5.64352669814915e-11,1.30667120482437,0.678,0.263,1.89272598402526e-06,"8","KPNB1"
5.86705147522508e-11,2.96421281422246,0.271,0.029,1.96769172376099e-06,"8","BARD1"
8.05169056034303e-11,0.80245407389224,0.407,0.138,2.70037598012785e-06,"8","PRRC2A"
8.24237088964433e-11,1.46603846700148,0.475,0.135,2.76432634896891e-06,"8","BRI3BP"
8.85884434777612e-11,1.73616346645882,0.288,0.052,2.97107921735715e-06,"8","CDK2AP2"
9.39303274889079e-11,1.68080972310415,0.424,0.107,3.15023532332299e-06,"8","MPHOSPH9"
1.30187912099705e-10,0.29326328334208,0.339,0.131,4.3662421959999e-06,"8","PIM1"
1.67611789842249e-10,2.69675683412549,0.356,0.059,5.62136420772933e-06,"8","CCDC18"
1.70422316736258e-10,0.558736790818767,0.339,0.128,5.71562365870062e-06,"8","SUPT5H"
1.75707515565343e-10,1.30257899600125,0.288,0.067,5.89287865703047e-06,"8","TALDO1"
1.82834372055758e-10,1.44327016968897,0.254,0.051,6.13189917000602e-06,"8","MUS81"
2.37499871068292e-10,1.2640980679357,0.441,0.137,7.96527067588838e-06,"8","ENO1"
2.47611045319319e-10,1.38104584566185,0.508,0.161,8.30437923791933e-06,"8","YBX1"
3.27201065155625e-10,0.90702881811727,0.407,0.15,1.09736693231894e-05,"8","SLC25A6"
3.94510708732237e-10,1.63757262627835,0.407,0.099,1.32311001494618e-05,"8","CEP295"
4.94655475756625e-10,0.664139976636791,0.356,0.133,1.65897553459257e-05,"8","RAB3GAP1"
5.57364621581188e-10,1.22525300412248,0.441,0.144,1.86928946785899e-05,"8","KHDRBS1"
6.01241681422967e-10,0.779578888676818,0.458,0.173,2.01644435115635e-05,"8","ARPC1B"
6.22426868884421e-10,0.823748485028795,0.305,0.093,2.08749523286457e-05,"8","AKT1"
6.72481508275463e-10,1.11306204557871,0.373,0.113,2.25536848245425e-05,"8","ATP1B3"
7.60747141547167e-10,2.11368000136962,0.322,0.057,2.55139376332089e-05,"8","ANP32E"
7.69047357951096e-10,1.66228908174477,0.271,0.055,2.57923102909639e-05,"8","RNF167"
7.79133522554824e-10,1.41714802607486,0.339,0.083,2.61305800794437e-05,"8","CDK5RAP2"
9.27280316960089e-10,0.36468112856232,0.39,0.174,3.10991272702075e-05,"8","CMIP"
9.67404608306582e-10,0.904840452897239,0.339,0.1,3.24448157533861e-05,"8","PPP2R5E"
9.87662457066423e-10,3.1315664528619,0.288,0.04,3.31242234850937e-05,"8","LYZ"
1.07548373946977e-09,0.908345451121491,0.644,0.278,3.60695736543371e-05,"8","PCBP1"
1.1069652811462e-09,1.41099436326356,0.407,0.118,3.71254015990812e-05,"8","RANGAP1"
1.18880061051126e-09,0.9738517667756,0.288,0.078,3.98699948753266e-05,"8","PDIA4"
1.27433448356283e-09,1.98457596655711,0.271,0.045,4.27386299097302e-05,"8","CEP78"
1.39292119483515e-09,0.632054218570372,0.458,0.193,4.67157910323811e-05,"8","BRD4"
1.43191404564945e-09,1.73022742543126,0.458,0.123,4.80235332629913e-05,"8","CCDC14"
1.47690164674639e-09,0.824067148023654,0.254,0.066,4.95323274285804e-05,"8","KIF2A"
1.52845687588989e-09,1.02437444041641,0.932,0.768,5.12613867035951e-05,"8","ACTB"
1.59461612013222e-09,0.263611940139651,0.508,0.254,5.34802354369944e-05,"8","EEF1D"
1.76378216359548e-09,1.08619770965211,0.339,0.103,5.91537262026653e-05,"8","PSIP1"
1.81585730130131e-09,0.518945538555332,0.458,0.196,6.09002221710432e-05,"8","SMCHD1"
2.13128143887753e-09,2.45293996127855,0.288,0.047,7.14789168970744e-05,"8","TUBB4B"
2.23344435254071e-09,1.72648146384354,0.356,0.083,7.49052566955102e-05,"8","NUP210"
2.64963881970948e-09,0.997163316555193,0.542,0.214,8.88635867354166e-05,"8","TPM3"
2.76038920531613e-09,0.482381693327264,0.373,0.149,9.25779331678925e-05,"8","PHACTR4"
2.86496713095715e-09,2.37538674182616,0.254,0.04,9.60852676380409e-05,"8","DDX11"
3.06184940392883e-09,1.57962082140198,0.322,0.077,0.000102688305308965,"8","DNMT1"
3.07011545626837e-09,0.639455420866271,0.576,0.275,0.000102965532172329,"8","SEPT2"
3.36813364620963e-09,2.30182096942934,0.39,0.087,0.000112960466226579,"8","H2AFZ"
3.56383535725461e-09,0.315209114645277,0.458,0.234,0.000119523910211605,"8","THOC2"
3.67282559876745e-09,0.380055107815103,0.627,0.324,0.000123179224931463,"8","RPS4X"
3.94095616380568e-09,2.3405249879898,0.254,0.039,0.000132171787821715,"8","USP1"
4.14607349990011e-09,1.21153246534361,0.356,0.104,0.00013905101303965,"8","SLC20A1"
4.19347923171549e-09,0.640184095621385,0.39,0.155,0.000140640906473274,"8","HADHA"
4.65273148187754e-09,2.21007657877447,0.288,0.05,0.000156043308439209,"8","MMS22L"
4.92058929871151e-09,0.694319282379614,0.254,0.077,0.000165026723900187,"8","TNPO3"
6.94566231005198e-09,0.396150225558744,0.254,0.099,0.000232943622554523,"8","SYMPK"
8.21640625750298e-09,0.255482538408335,0.339,0.157,0.000275561833064135,"8","GGA2"
8.70440517192916e-09,0.817987857329178,0.305,0.09,0.00029192834065616,"8","SYPL1"
8.77382434594446e-09,1.20940252985059,0.322,0.084,0.000294256520914285,"8","CXCR4"
9.37251976915911e-09,0.52389183613063,0.458,0.213,0.000314335568018058,"8","CHD4"
9.56391953744159e-09,1.70422027475938,0.271,0.057,0.000320754733446716,"8","UBALD2"
1.04204835197706e-08,1.72971103065973,0.288,0.063,0.000349482176286066,"8","PCNT"
1.1512352939708e-08,1.86698613327304,0.271,0.05,0.000386101292891925,"8","CEP97"
1.3514243665113e-08,0.407931088351996,0.542,0.269,0.000453240704040559,"8","CEBPA"
1.54496657194747e-08,2.42268738932259,0.305,0.056,0.000518150888899741,"8","COMMD4"
1.62292807814821e-08,0.334407624309238,0.254,0.106,0.000544297618849348,"8","UHRF1BP1"
1.6463807256079e-08,0.432702545395885,0.763,0.434,0.000552163167754376,"8","H2AFY"
1.64819779365752e-08,0.79640640149212,0.288,0.101,0.00055277257603686,"8","PCNP"
1.84022376345963e-08,0.366112823413917,0.305,0.134,0.00061717424578909,"8","TRAF3IP3"
2.03533775746317e-08,1.63849244363531,0.441,0.134,0.000682611577097998,"8","ANKRD36"
2.17527381740501e-08,0.954979440829009,0.288,0.081,0.000729543332881294,"8","IQGAP1"
2.20191084774326e-08,0.384170600309745,0.373,0.189,0.000738476860116135,"8","ATP5F1B"
2.33115503658493e-08,0.574069329583991,0.542,0.261,0.000781822776169855,"8","BST2"
2.37240771362349e-08,0.455885963374033,0.322,0.135,0.000795658098995046,"8","LCORL"
2.41583692112876e-08,1.57849509843539,0.356,0.095,0.000810223386608165,"8","MAZ"
2.41666993976228e-08,1.24150480603177,0.508,0.183,0.000810502764397474,"8","RAD21"
2.60402601861796e-08,0.938033293318991,0.356,0.125,0.000873338246124092,"8","CD99"
2.67334608095324e-08,0.581200808540479,0.271,0.094,0.000896586808630097,"8","WDR83OS"
2.77261646472383e-08,0.285362742870526,0.407,0.196,0.000929880109939078,"8","NOL8"
2.8733287568286e-08,1.44478711947924,0.271,0.064,0.000963656998465177,"8","CSE1L"
3.13124399372311e-08,0.921301139172059,0.322,0.115,0.00105015661061486,"8","UGGT1"
3.15303952698706e-08,2.09346466593661,0.271,0.05,0.00105746639656092,"8","JPT1"
3.58447515031605e-08,0.7032996582463,0.458,0.204,0.001202161275913,"8","RHOA"
3.61283276225162e-08,0.764206628699686,0.271,0.091,0.00121167185180395,"8","SIRT7"
3.89420785987634e-08,0.946469856476365,0.915,0.59,0.00130603943204533,"8","RPLP1"
3.96962248559373e-08,1.56230970424579,0.288,0.073,0.00133133198921843,"8","DCK"
4.58103679467497e-08,0.689821417895792,0.373,0.152,0.00153638812019809,"8","CNOT1"
4.71108052945265e-08,1.05105016515255,0.288,0.084,0.00158000218796783,"8","PNRC2"
4.76341668836332e-08,1.12777739270018,0.339,0.103,0.00159755468894329,"8","SUN2"
5.04592191993085e-08,0.428863050370306,0.373,0.175,0.00169230129350641,"8","TRIM33"
5.18137693025258e-08,0.345035945455277,0.288,0.13,0.00173773019486811,"8","NUP62"
6.00576204875778e-08,0.754473843327142,0.271,0.101,0.00201421247591239,"8","RPN1"
6.73508147531865e-08,1.69518565684193,0.305,0.073,0.00225881162519237,"8","PTPA"
6.94671929340098e-08,1.82501570234098,0.271,0.058,0.00232979071662082,"8","G2E3"
7.12924533453398e-08,0.596484383875639,0.254,0.092,0.00239100630029601,"8","APH1A"
7.52838775716724e-08,1.58848610471908,0.271,0.062,0.00252487068599875,"8","NCAPD3"
8.16745093897228e-08,0.548536608329208,0.288,0.108,0.00273919969591252,"8","ATP5MF"
8.93388558915634e-08,1.85783243927005,0.271,0.056,0.00299624654889125,"8","SMC2"
9.03258092775717e-08,0.62137197303491,0.542,0.259,0.0030293469915512,"8","LNPEP"
9.0499167754132e-08,0.368185158923301,0.458,0.238,0.00303516108813808,"8","PPIG"
1.04629879336947e-07,0.319755047516972,0.288,0.132,0.00350907689320254,"8","CPSF7"
1.0757165587831e-07,0.830338582832717,0.356,0.132,0.00360773819484677,"8","FGD5-AS1"
1.23282170666031e-07,1.84256557628712,0.288,0.065,0.00413463743979734,"8","TOPBP1"
1.28779621212665e-07,0.588278593538101,0.373,0.164,0.00431901093623037,"8","ATP1A1"
1.30365355746499e-07,0.933225823436669,0.288,0.096,0.00437219330102608,"8","IRAK1"
1.32600958880587e-07,0.594462355273543,0.322,0.132,0.00444717095893711,"8","EHMT1"
1.38214408623071e-07,1.71539440615469,0.288,0.066,0.00463543483640056,"8","XPOT"
1.42441935750672e-07,0.769509605773296,0.407,0.179,0.00477721764120603,"8","MYH9"
1.44851619050706e-07,1.32554122554362,0.644,0.288,0.00485803359972259,"8","NPC2"
1.45747655382746e-07,0.389216784662851,0.339,0.154,0.00488808486622653,"8","SNRNP200"
1.45840547776965e-07,2.49517184334725,0.356,0.099,0.00489120029134385,"8","HIST1H4C"
1.65490082512396e-07,1.15443390107277,0.271,0.081,0.00555020638730073,"8","C3orf58"
1.68747612809224e-07,0.586252398866467,0.356,0.148,0.00565945743839576,"8","MTPN"
1.69680215031004e-07,0.26572517024066,0.407,0.207,0.0056907350517098,"8","PTAR1"
1.72976796058221e-07,0.437401339972201,0.254,0.098,0.0058012957862006,"8","SLC17A9"
1.78847707477554e-07,2.31697669183764,0.271,0.053,0.00599819441338222,"8","HMGXB4"
1.84541309690633e-07,0.526244906249033,0.441,0.21,0.00618914644440444,"8","LARP7"
1.86113994176041e-07,0.991917665722121,0.271,0.082,0.00624189113667605,"8","RPS6KA4"
1.90218876571919e-07,1.40392716864986,0.356,0.108,0.00637956068246903,"8","HMGN3"
2.01269329621885e-07,1.09305883663224,0.288,0.09,0.00675017077685878,"8","TPM4"
2.04861250206353e-07,0.616307704797246,0.254,0.096,0.00687063660942067,"8","CAPRIN1"
2.18332806000231e-07,0.661221718227102,0.542,0.274,0.00732244564763575,"8","CNPY3"
2.27471731465157e-07,0.712338704407459,0.254,0.091,0.00762894692987843,"8","TCIRG1"
2.47296606152219e-07,0.866804407300698,0.271,0.092,0.0082938335771331,"8","DPP9"
2.48996709526168e-07,1.61269763845411,0.356,0.101,0.00835085164408862,"8","BUB3"
2.54111552878169e-07,0.549515702576476,0.39,0.186,0.00852239326042802,"8","SAFB2"
2.58431252166332e-07,0.27986583621348,0.254,0.104,0.00866726733515445,"8","CCNT1"
2.77802109735657e-07,0.776040728778704,0.458,0.196,0.00931692715631446,"8","SRSF2"
2.89194562339457e-07,0.692311115120163,0.271,0.097,0.0096990072317407,"8","COA1"
3.01750465231663e-07,0.595861148982296,0.508,0.248,0.0101201071029395,"8","PRPF40A"
3.10022739265222e-07,1.64550134645154,0.288,0.069,0.010397542629477,"8","RHEB"
3.19295390863204e-07,1.4444085400452,0.475,0.174,0.0107085288187701,"8","ANKRD36C"
3.21194737765665e-07,2.0638594803628,0.271,0.058,0.0107722291151849,"8","SSRP1"
3.29551667209066e-07,0.341411828841662,0.407,0.205,0.0110525038148577,"8","NUMA1"
3.88932929602678e-07,0.680994017467929,0.339,0.136,0.0130440325930146,"8","IPO9"
4.59675989251254e-07,0.741261901419819,0.373,0.151,0.0154166133275086,"8","ARPC4"
5.00132625107134e-07,0.957679813869158,0.254,0.081,0.0167734479808431,"8","TTF2"
5.15629708490118e-07,0.413636845082533,0.356,0.173,0.0172931891633416,"8","AKAP10"
5.19333382712865e-07,0.66201236797813,0.271,0.107,0.0174174029894241,"8","EIF4EBP2"
5.25568598848338e-07,0.610959454777857,0.542,0.284,0.0176265196681756,"8","ATP6V0B"
5.39591463011293e-07,0.264200735758348,0.339,0.169,0.0180968184864728,"8","TCERG1"
5.99958399600987e-07,1.20097001537184,0.356,0.117,0.0201214048058179,"8","DAZAP1"
6.1724914052055e-07,2.11391852841765,0.305,0.07,0.0207013016747782,"8","PTMS"
6.25431839736907e-07,2.19564314573399,0.271,0.058,0.0209757330410964,"8","SCLT1"
6.27196419302902e-07,1.10900950552066,0.678,0.339,0.0210349135105807,"8","HSP90B1"
6.41860907683461e-07,0.978078376280463,0.712,0.369,0.0215267311218879,"8","GAPDH"
6.44016892459399e-07,0.271821704812702,0.305,0.142,0.0215990385393033,"8","NIN"
6.5754656619689e-07,0.821334332549643,0.407,0.159,0.0220527967371113,"8","SAMD9L"
7.52276509628102e-07,0.311899550046707,0.475,0.272,0.0252298495799073,"8","MAT2A"
8.00616404192997e-07,0.551192073043292,0.288,0.114,0.0268510729638247,"8","CASP8AP2"
8.19383258157214e-07,0.254561481314906,0.424,0.234,0.0274804757120767,"8","PBRM1"
8.37275975887852e-07,0.716525702586969,0.305,0.119,0.0280805616793268,"8","CGAS"
8.48150992011661e-07,0.375856050420131,0.322,0.147,0.0284452879700871,"8","MAFB"
8.90678235770499e-07,1.0376769832018,0.288,0.103,0.029871566671271,"8","DCTN5"
9.03617199162448e-07,1.02157694815504,0.525,0.231,0.0303055136255102,"8","PPIA"
9.40455060708793e-07,1.29620928516053,0.712,0.38,0.0315409818260515,"8","RPSA"
9.74009111531712e-07,0.526288578896072,0.407,0.196,0.0326663175825506,"8","LIMS1"
1.01550541631604e-06,0.845393149572187,0.492,0.214,0.0340580206524075,"8","MYL6"
1.02869162188928e-06,0.427968845758791,0.356,0.165,0.0345002596149227,"8","RPL36AL"
1.04576750542186e-06,0.327174770810921,0.288,0.138,0.0350729505968385,"8","CSNK1D"
1.13302844050414e-06,1.36843279485703,0.39,0.133,0.0379995078376279,"8","DEK"
1.13859195052607e-06,0.921420662608549,0.254,0.086,0.0381860968367432,"8","ATP5PB"
1.16846147829913e-06,0.589013754615823,0.322,0.142,0.0391878610591963,"8","LAMTOR4"
1.16992326881151e-06,0.366613990921068,0.475,0.252,0.0392368865894004,"8","KIF5B"
1.17247367602211e-06,0.667058725501143,0.254,0.096,0.0393224221464294,"8","PSMB4"
1.36904476099783e-06,0.538652828196552,0.407,0.19,0.0459150231943452,"8","UHMK1"
1.39548526002197e-06,0.287049014936742,0.441,0.254,0.046801784650617,"8","ZNF148"
1.44243171071212e-06,0.308681967960958,0.254,0.126,0.0483762747138632,"8","ARHGAP15"
1.4601992283879e-06,0.364289334859475,0.695,0.425,0.0489721617216733,"8","RAC1"
1.48697273275689e-06,0.96559374390938,0.305,0.105,0.0498700915112007,"8","ELAVL1"
1.53429433415419e-06,0.623979080883732,0.322,0.138,0.0514571633788631,"8","RBM17"
1.57950814982413e-06,0.76568143196887,0.525,0.247,0.0529735443288015,"8","ARPC5"
1.62747359836094e-06,1.00992797990411,0.305,0.108,0.0545822095418291,"8","KDELR2"
1.64333362080354e-06,1.22596777804085,0.288,0.08,0.055114122974509,"8","MT2A"
1.66353802580007e-06,0.401715230871626,0.271,0.129,0.0557917383092827,"8","HECTD2"
1.6857372941518e-06,1.47423100322246,0.322,0.099,0.0565362573712631,"8","KMT5A"
1.73350251568195e-06,1.32782494147294,0.254,0.072,0.0581382073709413,"8","PSMC5"
1.79023714423214e-06,1.28979118870698,0.305,0.093,0.0600409733432574,"8","FARP1"
1.79100168657233e-06,0.376021804908588,0.356,0.182,0.0600666145642629,"8","PDXK"
1.79951959613607e-06,0.421132644098737,0.288,0.132,0.0603522882152115,"8","RDX"
1.80824904538619e-06,1.96285392975509,0.254,0.055,0.0606450564841619,"8","HNRNPAB"
1.81862557292912e-06,0.324171965953148,0.322,0.171,0.0609930644648968,"8","DAZAP2"
1.89709809761374e-06,1.26007903945268,0.305,0.099,0.0636248759977697,"8","NEDD8"
1.92345837349536e-06,1.32978251417779,0.305,0.09,0.0645089469302872,"8","SLC1A4"
1.93060633997264e-06,0.48992230202402,0.407,0.203,0.0647486754300023,"8","ZMYND8"
1.98527681457256e-06,0.791799851467002,0.305,0.11,0.0665822138071344,"8","TPI1"
2.09387820992354e-06,0.904131854258867,0.254,0.08,0.0702244874044158,"8","SLC7A5"
2.10025214679762e-06,0.795172684391126,0.271,0.1,0.0704382564992987,"8","GSTP1"
2.10717144633891e-06,1.27900554925755,0.407,0.146,0.0706703159673143,"8","NFATC2IP"
2.14020127556875e-06,1.088103455279,0.288,0.1,0.0717780703800248,"8","CBFB"
2.31240077308341e-06,0.468651913134872,0.254,0.103,0.0775532971276714,"8","DENR"
2.33357486368203e-06,1.1136779303957,0.339,0.116,0.0782634337781679,"8","COX20"
2.43050434267654e-06,0.409348692756959,0.576,0.329,0.081514254644686,"8","CD63"
2.53569965630591e-06,1.53488705103647,0.339,0.1,0.0850422950731878,"8","SH3BGRL3"
2.56546951942499e-06,0.831084541365203,0.542,0.265,0.0860407167424754,"8","XAF1"
2.5988706864491e-06,0.805609950698344,0.271,0.098,0.08716092508213,"8","MRPL18"
2.63867626379841e-06,1.02542805772493,0.746,0.485,0.0884959245352709,"8","HMGB1"
2.74057946291191e-06,1.10400624899455,0.305,0.105,0.0919135540271398,"8","ATL3"
2.78103599009922e-06,0.752363448764342,0.288,0.115,0.0932703850359477,"8","CDC37"
2.80966765730827e-06,0.811820630805912,0.407,0.178,0.0942306338908046,"8","CBX5"
2.82128491420574e-06,0.965585505362637,0.695,0.373,0.0946202534526322,"8","MT-ND4L"
2.91716353442733e-06,1.16556578427127,0.593,0.276,0.0978358306176239,"8","CFL1"
2.95837328148456e-06,1.13014907557637,0.322,0.107,0.099217923114429,"8","UCP2"
2.96415910104458e-06,1.02350705036076,0.271,0.091,0.0994119679308332,"8","PRKCSH"
3.22553826880838e-06,0.411816123552217,0.441,0.235,0.108178102459295,"8","SRSF10"
3.42684838807406e-06,1.19415102212283,0.322,0.109,0.114929641239228,"8","ERP29"
3.72261053218709e-06,1.36486195985266,0.254,0.076,0.124848912028491,"8","CLPTM1L"
3.87683090070743e-06,0.466067398685813,0.339,0.161,0.130021154747926,"8","TKT"
3.96061455270441e-06,0.349565378629211,0.373,0.212,0.132831090868601,"8","AMD1"
4.07688875731619e-06,1.05913747785842,0.271,0.087,0.13673069514287,"8","MAPKAPK2"
4.14186934700307e-06,0.307707793795722,0.373,0.208,0.138910014159789,"8","KAT6A"
4.20569037110945e-06,0.708060922883111,0.305,0.127,0.141050443666269,"8","CENPC"
4.2175201344551e-06,1.68969670676036,0.322,0.091,0.141447190269355,"8","CCP110"
4.23817941524147e-06,0.455913771389618,0.39,0.202,0.142140061228368,"8","SNX5"
4.33722658737016e-06,1.31079803908824,0.254,0.072,0.14546190528722,"8","HSPA13"
4.55954742590313e-06,0.418740926170239,0.356,0.187,0.152918101569939,"8","MARCH7"
4.73448699095274e-06,0.568655000176141,0.271,0.116,0.158785224702573,"8","COMMD6"
5.03037832775379e-06,0.330493978373931,0.322,0.162,0.168708828356206,"8","GDI2"
5.10125030702607e-06,0.40126290299433,0.254,0.114,0.17108573279704,"8","PPP2CB"
5.172050376195e-06,2.28151225511604,0.288,0.072,0.173460225516828,"8","LGALS1"
5.4483513674449e-06,1.33147215622042,0.271,0.086,0.182726808161367,"8","UBE2N"
5.74426081590614e-06,1.05463797310336,0.525,0.236,0.19265101924386,"8","FCGBP"
5.79872669597353e-06,0.707301026698637,0.254,0.1,0.19447769592956,"8","RBM12"
5.95049614968914e-06,0.433462398932082,0.339,0.165,0.199567739868274,"8","SOD1"
6.05716976336891e-06,0.697009814308941,0.508,0.246,0.203145359523867,"8","SRSF3"
6.17808316881587e-06,1.40223670261378,0.288,0.085,0.207200553315746,"8","BLOC1S1"
6.33216322858907e-06,0.728281032426185,0.712,0.398,0.21236809036042,"8","RPL27A"
6.53225806852386e-06,0.750280187587341,0.559,0.288,0.219078871102153,"8","APLP2"
6.64702499516143e-06,1.93448105651745,0.356,0.111,0.222927924287724,"8","RAN"
6.65256069749745e-06,1.23937101685263,0.559,0.26,0.22311358067267,"8","NASP"
6.68153032196742e-06,1.15839611336308,0.305,0.109,0.224085163938143,"8","SMC3"
6.9129385963764e-06,1.23604539335982,0.339,0.125,0.231846134645272,"8","DBI"
6.96221823291098e-06,0.256145085645259,0.356,0.189,0.233498875095368,"8","DNAJC7"
7.72846076252687e-06,0.452505962147075,0.271,0.126,0.259197117053626,"8","HUWE1"
7.94076718674029e-06,0.614993074628902,0.305,0.129,0.266317449908896,"8","PTBP1"
8.0948380446511e-06,0.528997992205233,0.322,0.159,0.271484678341509,"8","RPS27L"
8.23083173741602e-06,0.329501873308967,0.254,0.116,0.276045634809458,"8","HDLBP"
8.28010575739579e-06,0.868889227826648,0.746,0.44,0.27769818689154,"8","OAZ1"
8.28445071365956e-06,0.877572948091441,0.271,0.098,0.277843908034714,"8","KHSRP"
8.84839132781084e-06,0.688775972621583,0.254,0.103,0.29675734835212,"8","PSMA4"
8.8739335202992e-06,0.384231766911118,0.407,0.212,0.297613982403795,"8","G3BP1"
8.89725425573532e-06,0.885170279452043,0.712,0.399,0.298396113228851,"8","PARP14"
9.14717159620951e-06,0.829167145845108,0.254,0.089,0.306777840993675,"8","RBBP7"
9.18057764742985e-06,0.895334993745728,0.831,0.558,0.307898213139502,"8","HP1BP3"
9.75898397095083e-06,0.705310811888408,0.322,0.136,0.327296804417749,"8","TSC2"
1.00559395321453e-05,0.624584414042341,0.254,0.107,0.337256100029088,"8","PTPN6"
1.03798395876364e-05,0.663240948432216,0.441,0.213,0.348119060090151,"8","SRP14"
1.1052106988489e-05,0.604146337211391,0.712,0.41,0.370665564179944,"8","MT-ND5"
1.11637280667669e-05,0.852406706407944,0.254,0.093,0.374409111903228,"8","PA2G4"
1.128478385604e-05,0.546416816093556,0.712,0.43,0.378469080963869,"8","RPL7A"
1.14364500194873e-05,0.924879950190096,0.475,0.212,0.383555660753565,"8","PKM"
1.17388346310133e-05,0.514622767083814,0.356,0.178,0.393697035854923,"8","PGK1"
1.21904415760292e-05,0.514390793287323,0.271,0.125,0.408843029576866,"8","DEGS1"
1.22139040361965e-05,0.36356983130544,0.288,0.14,0.409629913565957,"8","P2RX4"
1.23836764718607e-05,0.258897385862574,0.559,0.349,0.415323741513263,"8","RPL39"
1.29821835527685e-05,1.0689730081916,0.424,0.184,0.43539647199275,"8","PRKDC"
1.30685380589168e-05,0.670786076689352,0.288,0.121,0.438292629419951,"8","ATXN2L"
1.33720278980232e-05,0.759876384796097,0.542,0.272,0.448471071643901,"8","RPS21"
1.34160723958208e-05,1.15018822589554,0.339,0.125,0.449948236011038,"8","BRK1"
1.35212875891979e-05,0.331972023682402,0.373,0.201,0.453476943166519,"8","PHF20"
1.40508984199323e-05,0.415331417439819,0.271,0.126,0.471239031207689,"8","EIF4H"
1.49571918119167e-05,0.586921074263897,0.288,0.122,0.501634298988063,"8","SNX6"
1.54218024435273e-05,1.8499794155474,0.271,0.075,0.517216410351018,"8","HDGF"
1.5432032948951e-05,1.23028336114847,0.305,0.107,0.517559521041917,"8","PLXND1"
1.67711988357327e-05,0.925873098735605,0.644,0.345,0.562472466552802,"8","HLA-C"
1.67797317838188e-05,0.459082159958078,0.271,0.139,0.562758644565714,"8","HNRNPM"
1.6828233283862e-05,0.350743205364626,0.407,0.227,0.564385287874164,"8","THUMPD3-AS1"
1.6970468277317e-05,0.555432585610652,0.254,0.111,0.569155565084658,"8","DBNL"
1.70609354662976e-05,0.836881590813729,0.898,0.765,0.572189653668687,"8","MT-CO2"
1.74672539758588e-05,0.873893438419644,0.966,0.89,0.585816763842352,"8","TMSB4X"
1.75071800270459e-05,0.528131938688115,0.661,0.383,0.587155803747066,"8","RPL6"
1.75216516148221e-05,0.595435880376334,0.458,0.231,0.587641151857903,"8","HMGN1"
1.76269544314996e-05,0.753945415648296,0.458,0.224,0.591172797723633,"8","RIF1"
1.78201113601991e-05,0.818598383130971,0.356,0.153,0.597650894798358,"8","DCAF7"
1.78472669943695e-05,0.45609982327993,0.305,0.146,0.598561640457165,"8","AIDA"
1.79860067355662e-05,0.309788110450991,0.254,0.129,0.60321469389742,"8","CALCOCO2"
1.82054532048738e-05,1.23955648600038,0.254,0.084,0.610574489585057,"8","SSR4"
1.92380868084336e-05,0.849094260239899,0.271,0.101,0.645206955381245,"8","FKBP1A"
1.95449851603294e-05,0.848882071790033,0.356,0.15,0.655499712307127,"8","LSM8"
1.96648298380289e-05,0.40703729711804,0.271,0.131,0.659519063107814,"8","SSR3"
1.97838413744985e-05,1.74151627356703,0.271,0.075,0.663510472017929,"8","AC004687.1"
2.06075011021389e-05,0.470961849360854,0.339,0.166,0.691134371963535,"8","CCT4"
2.15238399595835e-05,0.795116349767656,0.254,0.101,0.721866544564511,"8","PPP1CC"
2.17565728139015e-05,0.488586172248372,0.458,0.25,0.729671939032627,"8","YWHAE"
2.42764880157775e-05,0.305746400453904,0.288,0.145,0.814184855073146,"8","CCT5"
2.49932785621604e-05,0.664904158650558,0.271,0.112,0.838224576417735,"8","SLC7A7"
2.56613340564189e-05,0.342729319572432,0.254,0.127,0.860629821584179,"8","XRCC6"
2.63727883178918e-05,0.805052940468336,0.932,0.73,0.884490574605456,"8","MT-CO1"
2.79901279998675e-05,0.580842281422865,0.322,0.161,0.938732912859555,"8","SNX3"
2.85456141875866e-05,0.255733397532346,0.39,0.226,0.95736280862328,"8","GNB1"
3.03300762154069e-05,1.08886217503033,0.339,0.128,1,"8","CBX3"
3.08993544261883e-05,0.43601569889054,0.254,0.124,1,"8","NRDE2"
3.09054622868557e-05,0.302943700181151,0.271,0.134,1,"8","BNIP2"
3.11317226991865e-05,1.0932519640429,0.322,0.123,1,"8","TRIM14"
3.22098772395497e-05,0.534840372398931,0.373,0.183,1,"8","WDFY2"
3.24338407555792e-05,1.72904067973092,0.271,0.084,1,"8","BAX"
3.28944451065674e-05,1.45807017613664,0.305,0.106,1,"8","NONO"
3.38440261245186e-05,0.442964168010014,0.288,0.152,1,"8","AUP1"
3.3915494357557e-05,1.02296712452821,0.627,0.335,1,"8","RPS20"
3.40344672211649e-05,2.1313726320792,0.254,0.065,1,"8","FADS1"
3.71135591014989e-05,0.50070222683123,0.373,0.195,1,"8","TMA7"
3.74684345148486e-05,0.541798546917067,0.339,0.168,1,"8","JUND"
3.79944839236155e-05,0.626670603248843,0.492,0.258,1,"8","UQCRB"
3.87160326311535e-05,0.264199118477769,0.305,0.167,1,"8","RAPH1"
4.13532541980251e-05,1.07025826641166,0.254,0.088,1,"8","C2"
4.20360280376541e-05,0.790493424306834,0.288,0.123,1,"8","SLC16A3"
4.21868405942904e-05,1.40960018600029,0.254,0.074,1,"8","EIF5A"
4.64169312876526e-05,0.503660660006743,0.254,0.123,1,"8","NUCB1"
4.68032300615027e-05,0.365756752458719,0.661,0.413,1,"8","RPS8"
4.68646243534913e-05,1.05772353297222,0.254,0.094,1,"8","CTCF"
4.84302217668659e-05,1.24224743283802,0.254,0.084,1,"8","THADA"
4.88943584668256e-05,0.972578325384597,0.508,0.243,1,"8","STAB1"
5.0074294385434e-05,0.910383852187973,0.271,0.099,1,"8","PARK7"
5.02231884529074e-05,1.14973978835526,0.288,0.111,1,"8","MORF4L2"
5.02778194139486e-05,0.540192357800788,0.288,0.143,1,"8","ZNF326"
5.13497819355126e-05,0.55149655636121,0.271,0.118,1,"8","NUDC"
5.24669051646281e-05,0.798146096339989,0.254,0.102,1,"8","MTIF3"
5.24805037566673e-05,0.427226426192346,0.373,0.212,1,"8","RTN3"
5.29562837328952e-05,1.10831872784905,0.271,0.098,1,"8","POM121C"
5.35077220617719e-05,0.806589758853505,0.492,0.263,1,"8","HNRNPA1"
5.37789919775812e-05,0.716144334012407,0.339,0.161,1,"8","HNRNPL"
5.59560299683881e-05,0.406080892068656,0.339,0.193,1,"8","TTC17"
5.64442040690012e-05,0.766166637344405,0.254,0.106,1,"8","GNB2"
5.65290167820765e-05,0.776480408965287,0.305,0.128,1,"8","EIF3L"
5.6896997767635e-05,0.587217947487284,0.288,0.133,1,"8","TMED9"
5.71181453104569e-05,0.497501919253623,0.559,0.313,1,"8","CALR"
5.86658420787682e-05,0.935013913984794,0.356,0.152,1,"8","DPP7"
6.02392398820575e-05,0.314405951996774,0.254,0.128,1,"8","MAP3K1"
6.17343183836874e-05,0.406050022462265,0.322,0.166,1,"8","ATF4"
6.19201222223235e-05,0.629997986625546,0.288,0.125,1,"8","CEP192"
6.35843968857236e-05,0.595944493577244,0.356,0.191,1,"8","RCC2"
6.64866121247798e-05,0.467928773491883,0.339,0.175,1,"8","RAB14"
6.6779346622779e-05,0.711892480190649,0.322,0.149,1,"8","PAK2"
7.08752765388736e-05,0.35531486654601,0.271,0.133,1,"8","ZBTB38"
7.09523432315911e-05,0.586784048198695,0.271,0.126,1,"8","SAMD4B"
7.52562483971281e-05,0.641587165077051,0.271,0.113,1,"8","BAZ1A"
7.90104434459815e-05,0.689223108130414,0.288,0.122,1,"8","EIF2S2"
7.9218542502628e-05,0.481692441021589,0.356,0.187,1,"8","B4GALT1"
8.00033978109376e-05,0.495953444268286,0.559,0.328,1,"8","LAIR1"
8.00869148207879e-05,0.755769230593565,0.424,0.206,1,"8","HIF1A"
8.1249389576556e-05,0.501043367183672,0.695,0.426,1,"8","RPLP2"
8.26489286657247e-05,0.326832678555742,0.492,0.31,1,"8","COTL1"
8.27174082709893e-05,0.378566944307835,0.271,0.138,1,"8","ITM2C"
8.42370062598252e-05,0.419876871514869,0.593,0.366,1,"8","NAP1L1"
8.43704323279122e-05,0.472289652980361,0.254,0.118,1,"8","CPSF2"
8.4724504836978e-05,0.745426536473669,0.508,0.265,1,"8","SUGP2"
9.26300331151862e-05,0.428682905871755,0.678,0.43,1,"8","XPO1"
9.82134226327198e-05,0.835336939748433,0.356,0.162,1,"8","THRAP3"
9.93772397328111e-05,1.16747611655388,0.254,0.089,1,"8","PEX26"
0.000104646407428387,1.19696013526693,0.254,0.089,1,"8","CDC27"
0.000104856094483087,0.300561990347876,0.356,0.215,1,"8","KIAA0930"
0.000108518844846251,0.458473043753793,0.373,0.203,1,"8","UBXN4"
0.000111074933148413,1.14818948576425,0.644,0.375,1,"8","ACTG1"
0.000111857072872734,0.524228265721674,0.559,0.327,1,"8","RPL29"
0.000118457723933779,0.582783708289673,0.288,0.137,1,"8","RAP1B"
0.000119761801043615,0.382939012939194,0.288,0.161,1,"8","RCSD1"
0.000124037497468799,0.459622949905348,0.254,0.134,1,"8","STT3B"
0.000124720409857775,1.57873888083516,0.271,0.086,1,"8","RAD23A"
0.000128794698386298,0.509391510725878,0.288,0.144,1,"8","TAF1"
0.000129353341144657,0.786432771469772,0.356,0.165,1,"8","PDS5B"
0.000131808310399194,1.26557186130908,0.373,0.149,1,"8","PFN1"
0.000132893751620378,0.536066923692037,0.424,0.237,1,"8","SREK1"
0.00013303222318861,1.13295597417752,0.322,0.127,1,"8","MTHFD2"
0.000133035700447819,0.502910622725793,0.254,0.127,1,"8","CYTH1"
0.000135254235286683,0.426101302720902,0.576,0.352,1,"8","RACK1"
0.000136855086997995,0.465391050040387,0.441,0.251,1,"8","CDC42"
0.000139238646973023,0.534892228827274,0.339,0.181,1,"8","SLF2"
0.000146067574076394,0.972040276633251,0.288,0.112,1,"8","RBX1"
0.000150146513188154,1.12900056677665,0.475,0.238,1,"8","RPS5"
0.000150337134815211,0.624738382889832,0.271,0.117,1,"8","SPN"
0.000152378471020578,0.525752274643868,0.373,0.197,1,"8","ATP5MC2"
0.000153135445075319,0.528959375706354,0.339,0.188,1,"8","NCL"
0.000154394357588889,0.478147953779008,0.508,0.294,1,"8","SDCBP"
0.000167558147809968,0.325641818798814,0.458,0.286,1,"8","MOB1A"
0.000172965110980105,1.07956833108408,0.932,0.859,1,"8","FTL"
0.000177731730854319,0.749863346100732,0.492,0.254,1,"8","CNTRL"
0.000181849424506371,0.595357032326005,0.39,0.203,1,"8","PDIA3"
0.000186036911990063,0.527358441736317,0.373,0.193,1,"8","NPM1"
0.000194461211485744,0.476748529125792,0.678,0.428,1,"8","RPL19"
0.000197688996187442,0.439773973718048,0.288,0.122,1,"8","ID2"
0.000201363768434945,0.272747281845678,0.339,0.202,1,"8","LARP4"
0.000205381893172077,0.523629499816908,0.339,0.182,1,"8","HSPA9"
0.000205573324215377,0.609678139406891,0.356,0.197,1,"8","SMC5"
0.000213317362505996,1.38945338951037,0.288,0.103,1,"8","LDHA"
0.000213360149533681,0.453873715340713,0.576,0.373,1,"8","GNAI2"
0.000213810427050274,0.445362491232658,0.39,0.218,1,"8","SPCS3"
0.000218861264796009,0.610751886217374,0.322,0.182,1,"8","PRDX1"
0.000218934230695275,0.383149285806825,0.373,0.211,1,"8","TPR"
0.000236108539772259,1.00257534932433,0.61,0.347,1,"8","RPLP0"
0.000237280764892707,0.465823955025141,0.746,0.51,1,"8","C1QA"
0.000249237988707483,0.728608543687878,0.271,0.137,1,"8","SEC11A"
0.000250793910212393,1.49905597727506,0.271,0.089,1,"8","PLAC8"
0.000252632141860921,0.278905759550374,0.373,0.231,1,"8","TAB2"
0.000254310754370818,0.264705511746653,0.407,0.243,1,"8","RPL31"
0.000275470777115532,0.706095080149649,0.305,0.143,1,"8","SPPL2A"
0.000308461435969333,0.303101182669506,0.271,0.152,1,"8","ZADH2"
0.000320110017210083,0.516012024211274,0.39,0.227,1,"8","CORO1A"
0.00032025311465711,1.49314994035429,0.271,0.094,1,"8","TTYH3"
0.000333540486374707,0.341272732562651,0.576,0.372,1,"8","FAU"
0.000334487653346429,0.359450486381208,0.559,0.353,1,"8","RPL8"
0.000335291665792796,0.57835402089364,0.271,0.138,1,"8","GALNT10"
0.00035734667479702,0.559904405934981,0.458,0.267,1,"8","LGALS9"
0.000360607137582131,0.254570204874598,0.458,0.307,1,"8","FKBP5"
0.00036533811756316,0.711618411538279,0.576,0.329,1,"8","SERF2"
0.000373060489379669,0.458990553447512,0.271,0.135,1,"8","HSBP1"
0.000376935339933826,0.312844138440423,0.712,0.516,1,"8","RPL3"
0.000377935514207184,0.773350593610511,0.356,0.17,1,"8","MCL1"
0.000379033906371073,0.626639477716529,0.949,0.853,1,"8","MT-CO3"
0.000394862232968803,0.497292049166269,0.898,0.679,1,"8","LAPTM5"
0.000412222065889078,0.456854835600753,0.542,0.33,1,"8","YWHAB"
0.000424092367990589,0.574641651196068,0.356,0.183,1,"8","SKI"
0.0004366772998821,0.277431386911981,0.542,0.363,1,"8","RPS29"
0.000458011827219451,0.455601092809081,0.508,0.311,1,"8","RPL18A"
0.000472906003760803,0.902444362934119,0.678,0.423,1,"8","CALM2"
0.000515556665002572,0.641059805773967,0.305,0.147,1,"8","QSER1"
0.000536685937217232,0.739640234937626,0.254,0.123,1,"8","G3BP2"
0.000551970790930249,0.343257053269397,0.254,0.147,1,"8","EID1"
0.000569527157014609,0.378985460299376,0.271,0.174,1,"8","ARHGEF6"
0.000581149742500714,0.777565020438304,0.915,0.789,1,"8","MT-ND4"
0.000597679707947119,0.429993344373247,0.61,0.388,1,"8","RPL15"
0.00060900941964945,0.409336966997102,0.339,0.199,1,"8","UGCG"
0.000614991224615122,0.686493912268353,0.559,0.334,1,"8","UBA52"
0.000640341345685832,0.683622867302317,0.288,0.135,1,"8","VCP"
0.00068950608213092,0.26880755846775,0.542,0.353,1,"8","HSPB1"
0.000794373632601325,0.258468252925627,0.254,0.143,1,"8","DSE"
0.000800441773603786,1.14699928765706,0.288,0.115,1,"8","SMC1A"
0.000804547855776323,0.327181339659484,0.441,0.275,1,"8","RPL7"
0.000804737291149667,1.16017093437702,0.475,0.253,1,"8","APOC1"
0.000810772221026091,0.491761583077169,0.475,0.281,1,"8","TNFRSF1B"
0.000828865952315706,0.402763447718848,0.288,0.167,1,"8","HNRNPD"
0.000840064198182319,0.26262833946561,0.271,0.164,1,"8","ATP6AP2"
0.000845824975543542,0.780185847022254,0.271,0.124,1,"8","EIF1AX"
0.000854342642902053,1.1908579444191,0.254,0.096,1,"8","EI24"
0.000858256681200866,0.338848435340674,0.288,0.166,1,"8","ARPP19"
0.000878850262605102,0.657353103919833,0.508,0.294,1,"8","RPL4"
0.000884762511202903,0.625863754148924,0.949,0.811,1,"8","PSAP"
0.000887052093240502,0.517300649735384,0.441,0.267,1,"8","SRGN"
0.000894550925447147,0.90762658062062,0.288,0.127,1,"8","RSRC1"
0.000912397750626763,0.800595052275519,0.271,0.122,1,"8","ACADVL"
0.000916502038404238,1.01067089559832,0.271,0.11,1,"8","THOC1"
0.000938483712366695,0.546979442983821,0.61,0.393,1,"8","MIS18BP1"
0.00094270287275423,0.803724576849992,0.881,0.757,1,"8","B2M"
0.000965998995532408,1.53164498976265,0.271,0.098,1,"8","PGAM1"
0.00105727177914699,1.05980168623553,0.542,0.309,1,"8","RPL23A"
0.00106490015706916,0.288040159619753,0.322,0.187,1,"8","ITGB1"
0.00114139686077469,0.330944426879666,0.373,0.217,1,"8","PPP1CB"
0.00116604141273875,0.392214660201101,0.881,0.677,1,"8","MT-ND1"
0.00116651332793307,0.876302590097713,0.271,0.123,1,"8","DMXL2"
0.00118254583224169,0.39262823837348,0.254,0.141,1,"8","VDAC1"
0.00126066437683974,1.46294796556301,0.271,0.107,1,"8","SUPT16H"
0.00132929206533604,0.789268784126561,0.254,0.115,1,"8","CAND1"
0.00136858823973504,0.744212987506426,0.627,0.392,1,"8","RPS6"
0.00139694188964489,0.40134040511917,0.356,0.222,1,"8","RAB31"
0.00142627085906207,0.344116493859647,0.525,0.333,1,"8","RPL38"
0.00144191699297121,0.400316574975172,0.305,0.171,1,"8","PRKCB"
0.00150603055391595,0.583512431050809,0.593,0.387,1,"8","RPL32"
0.00151390446527001,0.428968202352031,0.593,0.407,1,"8","EIF1"
0.00151736330039806,0.70933753060042,0.254,0.121,1,"8","TSPO"
0.00155252340134947,0.607054265246878,0.508,0.304,1,"8","RPL26"
0.00155264236442266,0.5599042406134,0.322,0.172,1,"8","SSB"
0.00163748104271898,1.00120870057869,0.661,0.456,1,"8","TMSB10"
0.00170085073719037,0.531313779085348,0.78,0.556,1,"8","RPL37A"
0.00171980102892809,0.473610244121188,0.525,0.329,1,"8","ARPC2"
0.00184096714853748,0.386679693369743,0.254,0.139,1,"8","TNS3"
0.00188022357225938,0.555386443405467,0.322,0.194,1,"8","CAPZB"
0.00188245879603437,0.565987342638649,0.542,0.333,1,"8","H3F3A"
0.00190476101505583,0.399298372799713,0.407,0.244,1,"8","TAOK3"
0.00193398828267798,0.339832430155533,0.458,0.289,1,"8","TRIM38"
0.00195579491356183,0.54469057097014,0.322,0.172,1,"8","EIF2S3"
0.00199860279879361,0.5019850797216,0.271,0.147,1,"8","UQCR10"
0.00219492871560905,1.03014847794606,0.424,0.221,1,"8","EEF1B2"
0.00222210597442234,0.559264591436914,0.39,0.215,1,"8","APOE"
0.00226108768702169,0.703629341574622,0.525,0.316,1,"8","RPL23"
0.00233628464028523,0.478664996647398,0.78,0.563,1,"8","RPL41"
0.00246519724640652,1.16821768456221,0.373,0.18,1,"8","HAMP"
0.00257104587489171,0.768965499013985,0.271,0.126,1,"8","ARHGDIA"
0.00260878659688305,0.413787644243399,0.254,0.145,1,"8","COX6A1"
0.00280997693447004,0.8299404451885,0.288,0.146,1,"8","NOP56"
0.00284079967883641,0.706665011835632,0.339,0.175,1,"8","SERP1"
0.00288473525339952,1.3576362552298,0.271,0.11,1,"8","CAPG"
0.00293620751425424,0.831758939660747,0.661,0.444,1,"8","RPL28"
0.00295067460365395,0.870929497794667,0.542,0.326,1,"8","HSPA8"
0.00298244119316077,0.498539926810649,0.288,0.166,1,"8","NINJ1"
0.00300103927738721,0.60687127993803,0.254,0.131,1,"8","LCP2"
0.00307292223458312,0.693314045047586,0.254,0.127,1,"8","ATP5MPL"
0.00313716480256491,0.306606907164155,0.356,0.22,1,"8","ANAPC5"
0.00316148025935303,0.424293674499157,0.254,0.128,1,"8","TECR"
0.00338637102721665,0.355344528263027,0.678,0.484,1,"8","HLA-A"
0.00338848375187489,0.465046570615159,0.254,0.137,1,"8","HNRNPF"
0.00369844308070161,0.390575050872501,0.305,0.177,1,"8","MTRNR2L8"
0.00375466478959308,0.506168847725481,0.271,0.144,1,"8","UBE2I"
0.00381949603308986,0.488374232869594,0.254,0.148,1,"8","NARS"
0.00391069038468495,0.507171068963453,0.254,0.138,1,"8","TRAM1"
0.00392268439055161,0.781474563783756,0.627,0.429,1,"8","RPS2"
0.0039469819997333,0.7328475595237,0.356,0.202,1,"8","EIF2AK2"
0.00403182013594327,0.536723763129319,0.492,0.315,1,"8","RPS15"
0.00410115963194249,0.372087259785297,0.254,0.146,1,"8","REEP5"
0.00443965357858256,0.790152570191421,0.729,0.518,1,"8","FUS"
0.00448421596488398,0.342037305309812,0.254,0.179,1,"8","EIF5B"
0.00449396600977701,0.66484923931949,0.678,0.466,1,"8","RPS3"
0.00458008087495223,0.612081667209257,0.661,0.449,1,"8","CTSZ"
0.00461781047702543,0.287223258307698,0.254,0.152,1,"8","RASAL2"
0.0049354981639066,0.614024980372622,0.305,0.164,1,"8","ARHGDIB"
0.00499759809969476,0.422120562144089,0.831,0.646,1,"8","MT-ND2"
0.00501843131142027,0.466845400028818,0.339,0.196,1,"8","MBD4"
0.00503873356033882,0.956495280544214,0.271,0.145,1,"8","PLD3"
0.00504969388996064,0.458916443987758,0.305,0.171,1,"8","ARF1"
0.00509064025438748,0.327265665269958,0.322,0.201,1,"8","USF2"
0.00522932773190574,0.382155623856969,0.542,0.359,1,"8","RPL36"
0.00582575460761064,0.305852220838845,0.712,0.523,1,"8","PABPC1"
0.00604857944005605,0.906458957379887,0.254,0.118,1,"8","AVL9"
0.00621737545382707,0.726460416505838,0.288,0.154,1,"8","PTPN18"
0.00626763143867056,0.801865048372109,0.373,0.201,1,"8","SET"
0.00653443594242086,0.342049944388577,0.254,0.162,1,"8","BAZ1B"
0.00688346061582175,0.473815824957259,0.695,0.498,1,"8","HLA-B"
0.00819506963530882,0.45088815970718,0.881,0.803,1,"8","MT-ATP6"
0.00830371537235142,0.34182086519024,0.288,0.188,1,"8","CREB3L2"
0.00846705472552681,0.282404902156895,0.356,0.244,1,"8","PFDN5"
0.00877811626150069,0.819515868120751,0.254,0.121,1,"8","CORO1C"
0.00994567474396447,0.283649102869627,0.322,0.228,1,"8","NFIC"
4.94376502822079e-26,10.6097968039628,0.342,0,1.65803991516469e-21,"9","LCK"
1.3346326054726e-21,7.2294312287767,0.289,0.001,4.476090832234e-17,"9","CD2"
5.628940432881e-19,7.68652080228017,0.316,0.003,1.88783404237963e-14,"9","CCL5"
2.27829001597879e-17,5.50079360624385,0.368,0.01,7.64092905558966e-13,"9","CD44"
8.79819897871226e-16,6.58527018907834,0.289,0.005,2.95073997348052e-11,"9","LFNG"
3.455931572338e-15,4.54699560734222,0.395,0.02,1.15905033073072e-10,"9","SYNE2"
2.88055301792625e-14,4.84586130152206,0.342,0.013,9.66079871152106e-10,"9","RUNX3"
9.11864190193304e-13,4.33499239532823,0.368,0.038,3.0582101210703e-08,"9","S100A6"
8.72388543720253e-12,3.29414159182703,0.447,0.051,2.92581669792899e-07,"9","VIM"
3.38547902223027e-11,4.64298195245066,0.289,0.021,1.13542195447559e-06,"9","ACAP1"
5.63451019903356e-11,2.87999147056738,0.395,0.11,1.88970203055187e-06,"9","PARP8"
1.71348593378398e-10,4.85235780072886,0.263,0.013,5.74668912472471e-06,"9","PSTPIP1"
3.1705671933063e-10,2.7406505474969,0.474,0.073,1.06334482529107e-05,"9","SHISA5"
4.06801831870639e-10,4.65379579214154,0.289,0.018,1.36433198372775e-05,"9","FGR"
1.06644111770193e-09,4.61593553493926,0.263,0.015,3.57663022054874e-05,"9","LSP1"
1.51974949012754e-09,3.0955010058144,0.395,0.05,5.09693583998976e-05,"9","STK38"
2.7627402410515e-09,1.3540789479163,0.895,0.731,9.26567822043851e-05,"9","MT-CO1"
3.67497020935327e-09,3.93606195059326,0.316,0.048,0.00012325115088129,"9","S100A4"
4.81704074929785e-09,3.61533057139213,0.316,0.043,0.000161553912649951,"9","AHNAK"
4.94012174933694e-09,4.25571525130456,0.263,0.017,0.000165681803229262,"9","SYNE3"
6.04092906998601e-09,3.6147188002836,0.316,0.029,0.000202600679149191,"9","SEPT9"
1.02544510018324e-08,3.07592670381158,0.368,0.051,0.000343913777699455,"9","STK17B"
1.24839029366712e-08,1.31751784183576,0.842,0.498,0.00041868513669008,"9","HLA-B"
1.42791840508342e-08,3.06409810000569,0.421,0.084,0.000478895274696878,"9","CXCR4"
8.07092350279348e-08,1.86708628216942,0.684,0.346,0.00270682632436688,"9","HLA-C"
8.15935489474943e-08,1.56169972328311,0.789,0.484,0.00273648444460107,"9","HLA-A"
2.10486281345817e-07,3.78063636704457,0.263,0.036,0.00705928890377602,"9","RAC2"
3.42821244766192e-07,3.00908762186224,0.316,0.049,0.0114975389069686,"9","LY6E"
5.7748583396593e-07,1.95899416452518,0.5,0.138,0.0193677198995493,"9","ENO1"
7.8531427513101e-07,2.44873959532739,0.368,0.068,0.0263378701593438,"9","OGFR"
1.7522949523346e-06,1.25459632714295,0.737,0.519,0.0587684681113978,"9","TXNIP"
2.29028378648378e-06,3.37709587936724,0.263,0.034,0.076811537631093,"9","LILRB2"
2.54278467448007e-06,1.03956338484801,0.921,0.757,0.0852799124127127,"9","B2M"
5.68839708635677e-06,2.95836040985813,0.263,0.042,0.190777461482233,"9","SH3GL1"
6.71942642257062e-06,2.93165824137406,0.263,0.06,0.225356123360173,"9","ARF6"
6.96825027503822e-06,2.26413334841155,0.395,0.1,0.233701177724232,"9","APOL6"
7.23451184796271e-06,0.797526527552582,0.684,0.814,0.242631058356973,"9","PSAP"
1.2712800391738e-05,2.19875216392589,0.395,0.104,0.42636189953811,"9","SUN2"
1.58971435882905e-05,2.20684556482369,0.342,0.103,0.533158401664087,"9","PDE7A"
1.91771250722806e-05,1.39751046107875,0.579,0.24,0.643162420674146,"9","PCSK7"
2.12841981767495e-05,2.35416076879792,0.342,0.085,0.713829438451826,"9","HLA-F"
3.71941683467056e-05,0.930258124306921,0.763,0.645,1,"9","PTPRC"
4.88534646968777e-05,1.20596253486624,0.553,0.376,1,"9","MT-ND4L"
6.33335987697535e-05,2.30926361795831,0.316,0.078,1,"9","PPP1R2"
0.000101768531652223,1.50976164773674,0.474,0.17,1,"9","PRKCB"
0.000107630098486137,1.53415626876366,0.5,0.226,1,"9","EIF3A"
0.000162221959410316,1.62317169977327,0.447,0.221,1,"9","WIPF1"
0.000256071402711301,2.19571194084251,0.289,0.08,1,"9","SYNE1"
0.000265493497804533,1.62626923861618,0.421,0.15,1,"9","USP9X"
0.00026710626636607,1.82164160777596,0.316,0.133,1,"9","RBL2"
0.000287244417203529,1.7835062343256,0.395,0.132,1,"9","PIM1"
0.000300203784166357,2.35187703295652,0.289,0.081,1,"9","NLRC5"
0.000325410521856704,2.38339802043484,0.263,0.067,1,"9","CHD3"
0.000358650747419648,1.43784373493269,0.395,0.134,1,"9","TRAF3IP3"
0.000422709847590668,1.72650025167967,0.368,0.188,1,"9","ITGB1"
0.000443009099395126,1.88961058331791,0.289,0.074,1,"9","IRF1"
0.000448220980706994,2.24391440789192,0.263,0.064,1,"9","SEC24C"
0.000492668387248728,1.54061507700615,0.395,0.137,1,"9","RAP1B"
0.000590481224124825,0.797467705629899,0.974,0.803,1,"9","MT-ATP6"
0.000664104688080424,1.83141760428523,0.263,0.12,1,"9","GOLGA8A"
0.000700890041505313,1.05507763667558,0.553,0.26,1,"9","BRD2"
0.000713530378532148,2.05818112470936,0.263,0.066,1,"9","GABPB2"
0.000843188238759391,0.927218618595534,0.737,0.517,1,"9","RNF213"
0.000853729571441595,1.66830186946673,0.368,0.134,1,"9","ITGAL"
0.0008597207558247,0.736491233897232,0.263,0.095,1,"9","TTYH3"
0.000879777443294649,0.788823243875044,0.737,0.68,1,"9","MT-ND1"
0.000924018817554257,0.547570412920179,0.974,0.789,1,"9","MT-ND4"
0.000940773690797973,1.60290243750433,0.395,0.193,1,"9","AKNA"
0.000977518935133533,0.876186634802811,0.711,0.411,1,"9","MT-ND5"
0.00102252354529487,1.36430763518116,0.342,0.238,1,"9","EML4"
0.00106067088753736,1.83183302850452,0.289,0.1,1,"9","STK17A"
0.00107851268609805,0.618559434217741,0.658,0.366,1,"9","ANKRD12"
0.00110501663562462,1.90401643771644,0.289,0.083,1,"9","IQGAP1"
0.00112024306477819,1.20896010884545,0.342,0.268,1,"9","CCNI"
0.00114093265402401,1.39306726625487,0.5,0.311,1,"9","COTL1"
0.00116939718484629,1.74450009346074,0.316,0.108,1,"9","SMARCC1"
0.00120404858555276,1.54082235031401,0.316,0.178,1,"9","AC245297.3"
0.00130661282654088,0.996087888814357,0.553,0.27,1,"9","BIRC6"
0.00130929300498321,1.59423993547381,0.421,0.193,1,"9","TLN1"
0.001366182863264,1.81923127553521,0.289,0.124,1,"9","TMEM63A"
0.00141232007982403,1.80815528231943,0.316,0.119,1,"9","TBK1"
0.00143250468576111,1.33314055924095,0.447,0.208,1,"9","YWHAZ"
0.00156795378553828,1.15223158605302,0.447,0.273,1,"9","LCP1"
0.0016958699135195,1.16098341349147,0.526,0.279,1,"9","CFL1"
0.0017741008509477,1.36854417951703,0.368,0.137,1,"9","ARHGAP30"
0.00208623649527587,1.03752875427361,0.632,0.377,1,"9","ACTG1"
0.00223760964657897,1.83962349066841,0.289,0.09,1,"9","ATP5IF1"
0.00254956063709726,1.70002660581396,0.289,0.106,1,"9","SLC20A1"
0.00257969646707248,1.80884283847844,0.263,0.076,1,"9","DUSP6"
0.0027157837413053,1.31200840931304,0.395,0.169,1,"9","ZC3H13"
0.00292945531013637,1.82232058500534,0.263,0.079,1,"9","MED1"
0.00320259716276198,1.03622275811354,0.632,0.379,1,"9","CTSD"
0.00339112530125547,1.17775155192646,0.421,0.186,1,"9","UTRN"
0.0034272860262604,1.70105107908246,0.316,0.153,1,"9","AUP1"
0.00350573214146372,1.96642948678014,0.289,0.111,1,"9","PLEC"
0.00459652859807433,0.895341958355826,0.711,0.453,1,"9","RPS9"
0.00463496526188236,1.55810410308279,0.342,0.153,1,"9","SOS1"
0.00476175124190948,1.38093092715685,0.316,0.115,1,"9","ZCCHC2"
0.00487055601026185,0.515752111610771,0.868,0.634,1,"9","RPS28"
0.00488241873108984,1.52423798593273,0.395,0.204,1,"9","TAPBP"
0.00551788917304504,0.95294461954233,0.395,0.175,1,"9","ARPC1B"
0.0056632414141353,1.96056732298009,0.316,0.128,1,"9","FNBP1"
0.00568812907677714,0.787447479387497,0.842,0.766,1,"9","MT-CO2"
0.00579141922656589,1.00064344325306,0.526,0.295,1,"9","OGA"
0.00580723893560825,1.72465350129932,0.263,0.092,1,"9","ATP11C"
0.00620056442746264,1.38072350952177,0.368,0.217,1,"9","CEBPB"
0.00712262855796091,0.929800788042373,0.289,0.124,1,"9","SLC16A3"
0.00736742746486374,1.77907538045325,0.263,0.118,1,"9","WTAP"
0.00751375664022202,1.39323752660541,0.263,0.09,1,"9","TMEM181"
0.00758912252276932,0.998868205327616,0.342,0.146,1,"9","ZFAND5"
0.00766913638441571,0.995646053626631,0.421,0.198,1,"9","SRSF2"
0.00784565382412826,1.2550523892371,0.342,0.141,1,"9","AES"
0.00899780727056529,1.22725939828997,0.263,0.17,1,"9","JUND"
0.0090603721323256,1.72570024140823,0.263,0.109,1,"9","MTMR9"
0.00923431117965446,1.71771257033988,0.263,0.1,1,"9","BCL2"
0.00925638721717358,1.55419352306747,0.316,0.14,1,"9","CNOT6L"
0.00955008837769519,1.53533878437731,0.289,0.11,1,"9","RPS6KA5"
