"p_val","avg_log2FC","pct.1","pct.2","p_val_adj","cluster","gene"
0,2.00699452527469,0.704,0.304,0,"0","OPALIN"
0,1.03947495181766,0.805,0.584,0,"0","CLDN11"
0,1.0488057854562,0.732,0.512,0,"0","MAG"
0,1.10769713809268,0.713,0.515,0,"0","CERCAM"
0,1.10111250468036,0.601,0.438,0,"0","CD9"
0,0.776586147830225,0.95,0.85,0,"0","CNP"
0,0.512827977599115,0.992,0.898,0,"0","MBP"
0,0.740730405032636,1,0.908,0,"0","PLP1"
5.48523730140514e-291,1.21102122892224,0.529,0.329,1.83963888614525e-286,"0","RNASE1"
2.1847870599001e-288,0.931403101777684,0.656,0.5,7.32733884149294e-284,"0","PLLP"
5.88656545110303e-287,0.897981984376746,0.69,0.548,1.97423632099094e-282,"0","ZFYVE16"
1.45225220537226e-281,0.932618381091598,0.664,0.497,4.8705634463775e-277,"0","SEPT4"
1.41306873559205e-280,0.67943261587549,0.895,0.737,4.73914992542863e-276,"0","TMEM144"
1.55359962476238e-275,1.23613932433552,0.452,0.186,5.21046242152808e-271,"0","XIST"
3.89688040855712e-262,0.895220817544172,0.7,0.537,1.30693575142189e-257,"0","HHIP"
3.42727707629343e-256,0.691238658202625,0.886,0.726,1.14944018584729e-251,"0","SCD"
5.21250842502521e-244,0.751092799299387,0.728,0.591,1.74817107558495e-239,"0","PLEKHH1"
5.84905357194439e-236,0.798784432701093,0.72,0.567,1.96165558695871e-231,"0","GPR37"
8.98788724356723e-230,0.593026599391258,0.857,0.772,3.01435762374758e-225,"0","ANK3"
1.69966019397864e-229,0.730377126426881,0.781,0.631,5.70032035856555e-225,"0","ENPP2"
6.56737717018122e-223,1.15693531285286,0.494,0.287,2.20256695533538e-218,"0","STMN4"
2.48505800903756e-222,1.07599965413889,0.527,0.321,8.33438755071018e-218,"0","CARNS1"
9.76306371418927e-213,0.881526174000323,0.582,0.426,3.2743363084648e-208,"0","MAL"
1.3292682047707e-209,0.739237842552606,0.624,0.508,4.45809970515997e-205,"0","PTK2"
1.60875459768333e-203,0.517292013425254,0.933,0.824,5.39544116971036e-199,"0","LAMP2"
2.26748813819139e-203,1.00953415726723,0.465,0.327,7.60470171786628e-199,"0","SLC48A1"
1.32404496570525e-201,0.582318920951592,0.921,0.828,4.44058200598228e-197,"0","PTGDS"
3.49821055208044e-201,1.01833310715716,0.459,0.316,1.17322985495674e-196,"0","ZDHHC9"
1.78400202090718e-186,0.430240437556279,0.955,0.839,5.98318597771851e-182,"0","TF"
4.19206485620547e-186,0.799127634248188,0.593,0.462,1.40593471147419e-181,"0","EVI2A"
4.48636177412606e-184,0.875828188861409,0.475,0.368,1.5046360118064e-179,"0","HEPN1"
1.5639574327928e-181,0.954685866793846,0.438,0.318,5.24520043810048e-177,"0","ENDOD1"
3.02308309916747e-176,0.667017571952398,0.614,0.527,1.01388160979879e-171,"0","PHLDB1"
6.50403707022349e-174,0.669518161512395,0.596,0.507,2.18132395261156e-169,"0","SIK3"
5.46387221167915e-170,0.665559174990772,0.696,0.563,1.83247346235295e-165,"0","MOG"
1.56254785439597e-164,1.06355800701742,0.409,0.256,5.24047299407319e-160,"0","CIRBP"
4.17821723440003e-164,0.419519303765941,0.958,0.886,1.40129049607308e-159,"0","SLC44A1"
2.79462119821471e-162,0.455993529333415,0.916,0.855,9.37260057457251e-158,"0","SEPT7"
3.40220315353659e-159,0.531593282004385,0.691,0.64,1.1410308936331e-154,"0","SCARB2"
1.49941881806534e-157,0.626384361991934,0.659,0.562,5.02875083202753e-153,"0","AATK"
2.98860792413471e-157,0.93909843768341,0.475,0.33,1.0023193255963e-152,"0","LINC00844"
1.53839628706174e-152,0.608646591919719,0.806,0.666,5.15947346754765e-148,"0","MOBP"
3.19717057243992e-150,0.632070656223441,0.653,0.553,1.0722670665849e-145,"0","PMP22"
2.60224195483377e-149,0.711441712518329,0.503,0.421,8.72739906812151e-145,"0","LANCL1"
6.98792842046202e-149,0.821822545477972,0.436,0.345,2.34361143365455e-144,"0","OMG"
6.92780793734494e-147,0.95964774269152,0.38,0.266,2.32344822602675e-142,"0","COL4A5"
9.03950459205639e-144,0.469498727020591,0.88,0.798,3.03166905008387e-139,"0","FTH1"
4.57535152081324e-143,1.26312000032425,0.309,0.149,1.53448139305034e-138,"0","AL359091.1"
3.5646075659156e-142,1.31581892339689,0.282,0.151,1.19549808545678e-137,"0","AC018647.1"
4.7509709671786e-142,1.05908342563055,0.363,0.232,1.59338064297236e-137,"0","GLDN"
2.81120977244713e-141,0.638363909156049,0.568,0.482,9.42823533483319e-137,"0","RNF13"
9.24378516175107e-140,0.85139208082974,0.434,0.315,3.10018066754807e-135,"0","PLEKHG3"
5.63883366297016e-135,0.931244244709347,0.386,0.277,1.89115203388693e-130,"0","TMTC4"
1.86087390155243e-134,0.640868378355583,0.535,0.457,6.24099889102653e-130,"0","LPGAT1"
1.14834372112478e-133,0.739314197224135,0.49,0.387,3.8513151719083e-129,"0","POLR2F"
2.81793040724836e-133,1.03679620403789,0.336,0.225,9.45077499982955e-129,"0","FADS1"
5.94252566824958e-132,0.531196386506596,0.565,0.517,1.99300425861755e-127,"0","JAM3"
1.67129052422893e-131,0.71772270037282,0.431,0.355,5.605174160159e-127,"0","RHOU"
2.11402550414843e-131,0.574099752676161,0.604,0.53,7.09001873581301e-127,"0","LAMP1"
4.12184352167618e-131,0.456581608771533,0.718,0.683,1.38238388029976e-126,"0","SYT11"
1.97062784665942e-128,0.628433988722523,0.457,0.407,6.60909167212636e-124,"0","EMC10"
4.35983373841524e-128,0.386810497236495,0.922,0.81,1.4622010391897e-123,"0","CLDND1"
3.66340231487425e-127,0.661182365025391,0.546,0.45,1.22863186836253e-122,"0","ZKSCAN1"
9.13981101598082e-127,0.594147394131539,0.666,0.561,3.06530981853965e-122,"0","SLCO1A2"
7.36891959458216e-125,0.423867419312431,0.826,0.771,2.47138825363096e-120,"0","APP"
2.57727312954281e-124,0.475821284137052,0.565,0.541,8.64365862186068e-120,"0","RBPJ"
1.44919798830085e-123,0.822669657004211,0.476,0.351,4.86032021316338e-119,"0","GREM1"
2.21313391469302e-123,0.712537039600791,0.402,0.339,7.42240852309744e-119,"0","TMEM123"
1.4547110707577e-122,0.540846007958491,0.722,0.634,4.87880998910719e-118,"0","SLC12A2"
3.16216699571782e-122,1.05188267599899,0.287,0.185,1.06052756702384e-117,"0","CMTM5"
6.7969829202437e-118,0.871395949534312,0.322,0.237,2.27957213179133e-113,"0","PRR18"
2.99573121626846e-117,0.389145597225312,0.921,0.857,1.00470833531212e-112,"0","EDIL3"
5.17279403818648e-115,0.403192961210797,0.799,0.758,1.73485166452698e-110,"0","ZEB2"
5.32226902767162e-115,1.19043104034862,0.272,0.15,1.78498258650051e-110,"0","SREBF1"
6.33935471000232e-114,0.59956662279284,0.414,0.361,2.12609278264058e-109,"0","CLIC4"
1.79791898417593e-112,0.827198539961104,0.323,0.243,6.02986068912923e-108,"0","ARHGAP1"
4.25170091283551e-110,0.46831228839866,0.794,0.693,1.42593545214677e-105,"0","TUBA1A"
6.13615888689542e-110,0.707364996894718,0.339,0.28,2.05794496748699e-105,"0","FAXDC2"
6.92096028243317e-110,0.64000842966939,0.374,0.32,2.32115165952244e-105,"0","CFL2"
1.4633233335373e-108,0.541808198835884,0.545,0.488,4.9076937960174e-104,"0","KIAA0930"
2.8534487470385e-108,0.634704221961167,0.39,0.336,9.56989640781772e-104,"0","LGI3"
7.86185884797809e-108,0.469846047774135,0.545,0.504,2.63671022043489e-103,"0","ANAPC5"
8.18727563671444e-108,1.12668412815255,0.274,0.152,2.74584850304129e-103,"0","ENOSF1"
3.7829565960624e-105,0.948743520770034,0.321,0.217,1.26872798318741e-100,"0","AC004158.1"
5.3979756562442e-105,0.453341906676651,0.707,0.67,1.81037307559118e-100,"0","DPYSL2"
2.71964127785167e-104,0.359015959782951,0.859,0.827,9.12113291765895e-100,"0","WSB1"
1.05906764243276e-103,0.475148064074963,0.635,0.573,3.55190105919099e-99,"0","ATP8A1"
2.80295401960635e-103,0.743442990845878,0.364,0.289,9.40054719095579e-99,"0","ELOVL1"
2.90650740464444e-103,0.487510824694704,0.569,0.513,9.74784453369653e-99,"0","TTYH2"
4.6133316640415e-103,0.559829455628388,0.432,0.387,1.54721917348624e-98,"0","SERINC5"
9.39489004567595e-103,1.003728658635,0.302,0.19,3.1508582235188e-98,"0","SEMA6D"
1.89001562712734e-102,0.428569635737245,0.632,0.597,6.33873441025967e-98,"0","ERBB3"
4.33153338572735e-102,0.474882384742315,0.714,0.624,1.45270966690524e-97,"0","MYRF"
6.74605372634084e-102,0.528003934666105,0.51,0.455,2.26249149874019e-97,"0","FNBP1"
3.10474804741467e-101,0.929256149340963,0.269,0.19,1.04127040014193e-96,"0","FOLH1"
3.235763408918e-101,1.00025956219333,0.264,0.174,1.08521033208292e-96,"0","TMEM235"
4.92108656704379e-101,0.575020140732799,0.343,0.311,1.65043401285514e-96,"0","CADM4"
3.46060123303722e-100,0.458329503529976,0.729,0.656,1.16061644153602e-95,"0","SLC24A2"
4.24274433847197e-100,0.660652282530576,0.427,0.346,1.42293159623673e-95,"0","NECAB1"
4.10364588587088e-99,0.553481932209098,0.334,0.316,1.37628075720338e-94,"0","IQCK"
5.3820142717301e-98,0.761157948000232,0.356,0.274,1.80501994645284e-93,"0","ZNF536"
6.42379749023157e-98,0.451489013997521,0.531,0.492,2.15441320227386e-93,"0","HEPACAM"
1.76910640954112e-97,0.690535043597791,0.293,0.252,5.93322907631902e-93,"0","HDAC11"
5.36806579637797e-97,1.04134712701625,0.283,0.17,1.80034190678925e-92,"0","PPFIA2"
8.60284293867093e-97,0.958896840874997,0.264,0.184,2.88522146477145e-92,"0","PADI2"
5.25649743712604e-96,0.407374377158809,0.444,0.441,1.76292411046333e-91,"0","RPL10"
7.73637831914456e-96,0.835803536152865,0.288,0.215,2.5946265606747e-91,"0","IFT80"
1.13048083780513e-95,0.293574212454125,0.56,0.616,3.79140663383084e-91,"0","ABCA2"
8.50172064711881e-95,0.67803291558185,0.344,0.284,2.85130707063071e-90,"0","IGSF8"
1.01470980871453e-94,0.433401279172721,0.379,0.373,3.40313375646679e-90,"0","COLGALT2"
3.38087353856964e-94,0.292590199960439,0.372,0.406,1.13387736736549e-89,"0","SKP1"
4.22074489633166e-94,0.504307190921381,0.469,0.422,1.41555342333171e-89,"0","FA2H"
6.83413024898842e-94,0.405893841608973,0.47,0.465,2.29203060290574e-89,"0","ADD1"
1.28104460118545e-93,0.4941484606945,0.495,0.456,4.29636738345576e-89,"0","B2M"
4.43992989560328e-93,0.383015841208157,0.619,0.601,1.48906368838743e-88,"0","SPOCK1"
1.40712530951358e-92,0.408558303322465,0.366,0.367,4.71921686304666e-88,"0","MIGA1"
1.62321983688114e-92,0.506640737739726,0.383,0.353,5.44395468893197e-88,"0","CD47"
3.66989421447893e-91,0.425453754040085,0.356,0.352,1.23080912165194e-86,"0","SRP14"
4.32312682987681e-91,0.507312829263685,0.341,0.318,1.44989027620408e-86,"0","LIPA"
7.96318244823115e-91,0.315981424047255,0.558,0.582,2.67069212948776e-86,"0","CADM2"
2.29412938914224e-90,0.573763313654204,0.357,0.313,7.69405114530525e-86,"0","LPAR1"
7.14086820809663e-90,0.347873586292551,0.356,0.368,2.39490437963145e-85,"0","ANKIB1"
1.31877991957824e-89,0.300052877645765,0.591,0.602,4.4229240942815e-85,"0","ARGLU1"
1.36685861184153e-89,0.42749037690467,0.357,0.356,4.58417041239414e-85,"0","TGOLN2"
3.01570236692178e-89,0.331131459125659,0.254,0.282,1.01140625981823e-84,"0","LGALS3BP"
1.49759148059261e-88,0.570949207422577,0.4,0.345,5.0226223076115e-84,"0","TMTC2"
3.5701095088458e-88,0.505695884125352,0.579,0.503,1.1973433270767e-83,"0","SEMA4D"
1.49238928950229e-87,0.510430912749515,0.309,0.29,5.00517519913277e-83,"0","LARP6"
1.96045260193629e-87,0.471629858939245,0.412,0.384,6.57496593637392e-83,"0","DYNC1I2"
4.12814972660325e-87,0.354553596680714,0.578,0.57,1.3844988553082e-82,"0","H3F3B"
5.32999610483054e-87,0.423123928782021,0.545,0.512,1.78757409363807e-82,"0","SERINC1"
6.49441758541939e-87,0.312294099341413,0.696,0.692,2.17809776979796e-82,"0","CLASP2"
7.59650471108402e-87,0.488898400835082,0.402,0.374,2.54771575000336e-82,"0","GRM3"
9.66774257383489e-87,0.429172383771538,0.445,0.427,3.24236750441275e-82,"0","SEC62"
1.94749155463813e-86,0.375903825298457,0.4,0.403,6.53149717594535e-82,"0","MTDH"
1.61020148699057e-85,0.37561901963957,0.6,0.575,5.40029374706899e-81,"0","CREB5"
3.12177634186224e-85,0.614058479333058,0.294,0.253,1.04698134953376e-80,"0","IL1RAPL1"
5.84397595784722e-85,0.515766004273154,0.379,0.344,1.9599526567428e-80,"0","ENPP4"
1.46963411689977e-84,0.325278214212,0.897,0.832,4.92885890125846e-80,"0","TTLL7"
2.56113185368794e-84,0.449727304820724,0.356,0.345,8.5895240108986e-80,"0","FAU"
7.59164896466245e-84,0.432783240254023,0.585,0.547,2.54608722976849e-79,"0","SPOCK3"
2.3518306820489e-83,0.521825808492654,0.374,0.341,7.88756974145558e-79,"0","PSEN1"
7.00172507932631e-83,0.308576674751225,0.282,0.305,2.34823855710446e-78,"0","HECTD1"
1.48770726538252e-82,0.499174590719641,0.328,0.306,4.98947262663991e-78,"0","MAN2A2"
1.96480287416205e-82,0.317796822684115,0.432,0.439,6.58955587936468e-78,"0","TJP1"
3.33869813687778e-82,0.410488860990572,0.34,0.339,1.11973258114607e-77,"0","RPL21"
8.70610392485735e-82,0.479375983094691,0.53,0.465,2.91985313431866e-77,"0","DAAM2"
1.38250298364351e-81,0.50243470332492,0.361,0.331,4.63663850654359e-77,"0","RETREG1"
1.66627154087811e-81,0.628256336145443,0.327,0.275,5.58834149379701e-77,"0","VWA1"
1.67485842197114e-81,0.755209108229978,0.335,0.248,5.61714017560681e-77,"0","LDB3"
2.22233162407327e-81,0.302829417700282,0.321,0.339,7.45325580081692e-77,"0","CLCN3"
6.04096152909424e-81,0.327657370424839,0.299,0.319,2.02601767762763e-76,"0","RPS29"
6.85220544970409e-81,0.419894102755484,0.463,0.44,2.29809266372176e-76,"0","ANK2"
8.52198762295998e-81,0.729042826433418,0.377,0.261,2.85810420898832e-76,"0","KCNH8"
9.20240425534575e-81,0.403922423973969,0.34,0.334,3.08630233915786e-76,"0","DENND5A"
3.81537560066277e-80,0.531525589387891,0.273,0.255,1.27960066895028e-75,"0","ATP9A"
1.99554618081528e-79,0.254963431595742,0.59,0.606,6.69266278121829e-75,"0","SRSF5"
3.3275677506601e-79,0.255743831403427,0.233,0.265,1.11599967221638e-74,"0","GABARAPL2"
4.74650167702348e-79,0.306633940063412,0.391,0.408,1.59188173244013e-74,"0","ARL6IP5"
4.92172192367845e-79,0.61192431416266,0.32,0.27,1.65064709876328e-74,"0","FUT8"
1.98236734097498e-78,0.365701231176195,0.317,0.323,6.64846358816187e-74,"0","TMED10"
3.22667394876862e-78,0.413144811904934,0.315,0.309,1.08216190893802e-73,"0","CERS2"
4.73594750353673e-78,0.260574434070789,0.234,0.27,1.58834207373615e-73,"0","REEP5"
4.7778593413239e-78,0.5283217113526,0.286,0.271,1.60239846589321e-73,"0","NACAD"
1.08452574178756e-77,0.255665625176287,0.26,0.29,3.63728243280711e-73,"0","ATP6AP1"
1.75411460369203e-77,0.357403327655722,0.32,0.332,5.88294955786232e-73,"0","ATP5ME"
2.40455836196116e-77,0.476886686435797,0.51,0.449,8.06440783434535e-73,"0","FGFR2"
3.71386414094403e-77,0.442509533171524,0.626,0.552,1.24555575558981e-72,"0","CSRP1"
3.83559989664151e-77,0.494834018244409,0.299,0.28,1.28638349333563e-72,"0","FIS1"
7.21022107676701e-77,0.448366346939904,0.351,0.332,2.41816394472612e-72,"0","PTBP2"
7.24701526458936e-77,0.278862185945096,0.544,0.56,2.43050397943798e-72,"0","SLAIN1"
1.12626610255155e-76,0.458552897561595,0.297,0.286,3.7772712547374e-72,"0","LMBRD1"
1.43049143293757e-76,0.440729690643651,0.289,0.283,4.79758216778602e-72,"0","SAR1B"
3.47855988173811e-76,0.609096666922235,0.282,0.247,1.16663941313733e-71,"0","PCDH10"
5.56468401959935e-76,0.508253759723643,0.25,0.236,1.86628372649323e-71,"0","TM9SF3"
6.78726403900139e-76,0.744175794961164,0.262,0.209,2.27631261340029e-71,"0","GJB1"
1.07657328508608e-75,0.319089020779353,0.36,0.371,3.6106114835217e-71,"0","NIPAL3"
1.37415556529426e-75,0.44628836477117,0.274,0.266,4.60864293488387e-71,"0","TMED7"
3.3510172064755e-75,0.545827805968377,0.261,0.239,1.12386415070775e-70,"0","SPCS2"
4.1963478469971e-75,0.296206132066982,0.536,0.54,1.40737114092589e-70,"0","MYO6"
7.00244564640656e-75,0.320354891114112,0.254,0.274,2.34848022089183e-70,"0","XRCC5"
9.69368393567983e-75,0.282738096552994,0.365,0.385,3.2510677183483e-70,"0","TMEM59"
1.14401987484255e-74,0.39633615688678,0.791,0.67,3.83681385624693e-70,"0","ERMN"
4.98253822949899e-74,0.395108547664162,0.369,0.361,1.67104367140937e-69,"0","TTYH1"
6.26557327602015e-74,0.47771286802248,0.575,0.493,2.10134796531164e-69,"0","TMEM63A"
1.10640592073478e-73,0.323243145167365,0.301,0.314,3.71066417696029e-69,"0","TMEM30A"
2.13167252399604e-73,0.3567675179879,0.434,0.427,7.14920331097793e-69,"0","GNAI1"
3.0085067129213e-73,0.406169049045064,0.491,0.461,1.00899298137955e-68,"0","PDE8A"
3.61593911975129e-73,0.38587403834464,0.412,0.397,1.21271366198219e-68,"0","CBR1"
5.11213734136878e-73,0.282851439688139,0.46,0.469,1.71450862154826e-68,"0","SERINC3"
1.17343323643717e-72,0.505761665126771,0.422,0.369,3.93546038836299e-68,"0","ASPA"
1.30574956714073e-72,0.287864632905036,0.463,0.475,4.37922289827658e-68,"0","RDX"
1.99031864788924e-72,0.394157943280531,0.738,0.676,6.67513068129094e-68,"0","UGT8"
2.2752812210456e-72,0.29706877051667,0.576,0.578,7.63083815914272e-68,"0","ITM2B"
2.55963429102509e-72,0.545173772284328,0.27,0.243,8.58450148523996e-68,"0","MFSD6"
3.05824651109302e-72,0.307210347045053,0.47,0.475,1.02567471489038e-67,"0","CANX"
3.33772188012205e-72,0.457897793451557,0.37,0.336,1.11940516415533e-67,"0","EPS15"
3.59868776977286e-72,0.380580892966551,0.294,0.294,1.20692790422642e-67,"0","RPS14"
4.57380447551882e-72,0.32885676962541,0.238,0.257,1.5339625449995e-67,"0","BEX4"
5.63348117624196e-72,0.640108953270966,0.293,0.242,1.88935691688803e-67,"0","LDLRAD4"
5.69539108445807e-72,0.269582695730042,0.327,0.349,1.91012026190555e-67,"0","PJA2"
9.51724411837516e-72,0.414416692861478,0.274,0.27,3.19189333242066e-67,"0","SELENOT"
1.13074983501218e-71,0.256803102744516,0.906,0.805,3.79230879666386e-67,"0","CNTN2"
1.15186646073959e-71,0.642014124711959,0.322,0.263,3.86312973602845e-67,"0","SEMA3B"
2.83419283834305e-71,0.379559692096563,0.289,0.289,9.50531594123494e-67,"0","TYRO3"
4.38356718711577e-71,0.353637054911791,0.254,0.265,1.47016076321489e-66,"0","HSD17B4"
4.91434959628896e-71,0.559074375095129,0.25,0.228,1.64817456760339e-66,"0","COX4I1"
9.48978392443527e-71,0.396824368306976,0.311,0.309,3.1826837325771e-66,"0","CNDP2"
9.87130905704077e-71,0.371506452548847,0.369,0.364,3.31063963155033e-66,"0","MEGF9"
1.1587356393234e-70,0.380042107790672,0.36,0.35,3.88616758716283e-66,"0","CD46"
3.36295529435226e-70,0.317990663523619,0.741,0.726,1.12786794661986e-65,"0","CALM2"
4.1195446599261e-70,0.380611599271042,0.244,0.253,1.38161288804601e-65,"0","TSPAN5"
4.73759508862903e-70,0.295486814370008,0.352,0.365,1.58889464082441e-65,"0","NAPEPLD"
7.03267476499436e-70,0.560499326025553,0.375,0.319,2.35861846268381e-65,"0","RSRP1"
9.79180903264955e-70,0.259645888807024,0.339,0.362,3.28397691337001e-65,"0","RPL15"
1.6126906411749e-69,0.486111704998281,0.55,0.477,5.40864187237237e-65,"0","HSPA2"
1.71879345051359e-69,0.565936879839115,0.272,0.24,5.76448947433249e-65,"0","TMEFF2"
1.88254778343523e-69,0.278191542470308,0.403,0.417,6.31368875608508e-65,"0","NPC1"
2.49909307169644e-69,0.258545501779835,0.605,0.621,8.38145834385551e-65,"0","ALCAM"
3.30942211797256e-69,0.563119338350927,0.327,0.278,1.10991398992564e-64,"0","AMOTL2"
7.18375197581706e-69,0.563042745909288,0.326,0.281,2.40928673764953e-64,"0","TMEM151A"
1.45222326279248e-68,0.255583715610717,0.685,0.691,4.87046637875342e-64,"0","HNRNPDL"
2.91688306918648e-68,0.283366807933454,0.456,0.469,9.78264243743763e-64,"0","RPL37A"
3.63967389496121e-68,0.58266554202252,0.27,0.235,1.22067383089209e-63,"0","STRN"
4.62572186866427e-68,0.657099238756687,0.259,0.215,1.55137460031262e-63,"0","PPP2R2B"
8.23747616404407e-68,0.287214900133886,0.309,0.326,2.7626847558971e-63,"0","FBXO7"
1.30167874935367e-67,0.507954920459541,0.298,0.273,4.36557018958235e-63,"0","CYTH1"
1.38626316356394e-67,0.363966720982447,0.483,0.47,4.64924939796074e-63,"0","RPS27"
2.74074393145173e-67,0.605133903038197,0.256,0.22,9.19190699730282e-63,"0","AK5"
6.15742211689795e-67,0.392877684087569,0.555,0.511,2.06507622956523e-62,"0","PDE1C"
1.24583070029569e-66,0.38096879631322,0.304,0.301,4.17826700265167e-62,"0","SESTD1"
1.25080444947898e-66,0.414096140295234,0.253,0.251,4.19494796266261e-62,"0","ATG4C"
1.25190474846471e-66,0.350293359613416,0.471,0.454,4.19863814540093e-62,"0","SRRM1"
1.51551602447155e-66,0.367909273967643,0.382,0.375,5.08273764287269e-62,"0","GOLGA7"
2.90108695851558e-66,0.491130558411541,0.347,0.313,9.72966544146957e-62,"0","RPS27A"
4.0950604801412e-66,0.59244632424658,0.265,0.229,1.37340138382976e-61,"0","NDUFA4"
6.53001696949697e-66,0.282958171267743,0.742,0.737,2.19003709122989e-61,"0","PTPRD"
7.74250849144852e-66,0.417227914744102,0.319,0.304,2.596682497862e-61,"0","SLC11A2"
8.38917195151293e-66,0.414486124201811,0.308,0.294,2.81356048909841e-61,"0","TMEM106B"
1.32789770314762e-65,0.267861536067979,0.459,0.468,4.4535033168165e-61,"0","DLG2"
1.44464474913751e-65,0.281373786922231,0.311,0.329,4.84504955965737e-61,"0","RPL35"
1.81311161457006e-65,0.321078587428722,0.255,0.27,6.08081373294508e-61,"0","NCL"
2.90074982005149e-65,0.315490801232398,0.391,0.391,9.7285347464887e-61,"0","TACC1"
4.23592619080055e-65,0.45226078774111,0.499,0.439,1.42064492587069e-60,"0","SRCIN1"
4.94789385991095e-65,0.300076905926064,0.312,0.33,1.65942464273693e-60,"0","PTPRK"
4.95795361819648e-65,0.289938785135419,0.886,0.821,1.66279848447074e-60,"0","GPRC5B"
5.94681277745096e-65,0.26481364029238,0.23,0.253,1.9944420693015e-60,"0","TMA7"
6.27659956615622e-65,0.337913481074979,0.274,0.282,2.10504596249747e-60,"0","KLHL32"
1.31986805519129e-64,0.413153123535822,0.307,0.295,4.42657348350056e-60,"0","OCIAD1"
1.66553378832944e-64,0.382985671896227,0.393,0.378,5.58586721929926e-60,"0","RPL41"
1.77390554155846e-64,0.368687642564381,0.263,0.263,5.94932440527875e-60,"0","PIGT"
2.24588168451176e-64,0.315064447917423,0.338,0.346,7.53223799351554e-60,"0","STXBP3"
3.46439846562514e-64,0.387386752222952,0.277,0.275,1.16188995740136e-59,"0","ARIH2"
4.44439599330157e-64,0.32375770493369,0.292,0.301,1.49056152823348e-59,"0","UNC5B"
4.93245334224825e-64,0.29976674795033,0.274,0.288,1.65424620192322e-59,"0","HSD17B12"
5.45011561832039e-64,0.392159647470696,0.342,0.331,1.82785977607229e-59,"0","PRRG1"
5.78819405724656e-64,0.318686247204702,0.291,0.299,1.94124452291935e-59,"0","RHOB"
9.47423028228753e-64,0.288510974938067,0.329,0.34,3.17746735207359e-59,"0","MON2"
9.64000523998697e-64,0.617939251751476,0.274,0.225,3.23306495738683e-59,"0","ADAMTS4"
1.04053327073031e-63,0.560322107835553,0.358,0.303,3.48974048337532e-59,"0","TMEM98"
1.50627911984898e-63,0.266995982881753,0.382,0.398,5.05175891214952e-59,"0","DDR1"
1.67139946431119e-63,0.355149969489278,0.268,0.272,5.60553952340685e-59,"0","ABHD17B"
2.93776195075367e-63,0.407117494924407,0.361,0.341,9.85266603043766e-59,"0","POLR2J3.1"
5.09709146222862e-63,0.280566574365384,0.253,0.27,1.70946253460224e-58,"0","LTN1"
7.79248309592832e-63,0.273089060093274,0.277,0.294,2.61344298071244e-58,"0","RPL27A"
9.51854237776428e-63,0.458829464004562,0.261,0.247,3.19232874265459e-58,"0","C9orf3"
9.98678387370309e-63,0.339459378895487,0.311,0.313,3.34936757556254e-58,"0","REEP3"
1.3061602816179e-62,0.421192855060543,0.264,0.257,4.3806003524901e-58,"0","THBS2"
3.00057686749522e-62,0.298296969763244,0.347,0.358,1.00633346982055e-57,"0","RPS9"
3.31479201457392e-62,0.269590129656874,0.615,0.601,1.1117149458478e-57,"0","ARAP2"
3.36858868400242e-62,0.279693044027493,0.324,0.336,1.12975727284073e-57,"0","RPL9"
4.43675202146683e-62,0.437362999843234,0.309,0.288,1.48799789295954e-57,"0","CD63"
1.60772100180834e-61,0.36925100969267,0.451,0.43,5.3919746958648e-57,"0","GSN"
2.41972340162834e-61,0.279086703313147,0.422,0.428,8.11526834438113e-57,"0","TULP4"
2.71134168152507e-61,0.431459817518561,0.462,0.417,9.09329773149879e-57,"0","ACTG1"
3.11732548894231e-61,0.518648717565009,0.297,0.27,1.04548862248147e-56,"0","SPARC"
4.44392858874519e-61,0.293752996716478,0.346,0.351,1.49040477009336e-56,"0","ARHGEF2"
4.80543381251388e-61,0.364964001165764,0.601,0.565,1.61164639204091e-56,"0","MTUS1"
7.95898051144559e-61,0.27055149753458,0.231,0.252,2.66928288392862e-56,"0","MOB3B"
8.60035906723851e-61,0.282699363986827,0.396,0.403,2.88438842397045e-56,"0","TSC22D4"
2.02592335832602e-60,0.279394712886108,0.251,0.266,6.7945417591538e-56,"0","CDC42"
2.94400793612573e-60,0.62828375147182,0.371,0.265,9.87361381617847e-56,"0","MCAM"
3.78231241901194e-60,0.291206145862342,0.252,0.262,1.26851193908822e-55,"0","GNAI2"
5.47228096814641e-60,0.497835200220068,0.335,0.301,1.83529359109694e-55,"0","CNTNAP4"
1.457994684351e-59,0.320478289018174,0.647,0.62,4.88982257237638e-55,"0","SECISBP2L"
1.52253079378728e-59,0.322978967208066,0.304,0.31,5.10626377620378e-55,"0","RPL30"
2.55057778727698e-59,0.342759037250849,0.255,0.258,8.55412778296954e-55,"0","TOM1L2"
4.59890489385732e-59,0.464227637275612,0.266,0.244,1.54238072330187e-54,"0","IPO13"
6.32795637968456e-59,0.43491535271126,0.287,0.273,2.12227001061861e-54,"0","NCBP3"
8.25902574326341e-59,0.331537033882304,0.292,0.296,2.76991205377568e-54,"0","CCDC82"
1.68991195127846e-58,0.366085779608501,0.389,0.371,5.66762670219769e-54,"0","GATAD1"
3.44505635796357e-58,0.277802189940603,0.317,0.327,1.15540300133382e-53,"0","YIPF4"
1.14938478092961e-57,0.317644299188886,0.298,0.303,3.85480667828173e-53,"0","RPL34"
2.09448896378977e-57,0.369226909172649,0.304,0.297,7.02449708675814e-53,"0","CALR"
3.02204289184912e-57,0.265423696374535,0.298,0.31,1.01353274506836e-52,"0","ELL2"
1.05102674472238e-56,0.610405700425846,0.275,0.225,3.52493349644991e-52,"0","AGPAT4"
1.7568786025122e-56,0.505976997852383,0.287,0.251,5.89221945710541e-52,"0","SH3GL3"
9.45934267996569e-56,0.261613258746933,0.232,0.251,3.17247434800689e-51,"0","USP16"
2.60474037595142e-55,0.293430438785551,0.244,0.256,8.73577827286588e-51,"0","PDCD6IP"
1.11577154173264e-54,0.396442563937382,0.28,0.267,3.74207459666294e-50,"0","RFFL"
1.48452074528437e-54,0.298172600359074,0.246,0.256,4.9787856755347e-50,"0","ITGB1"
2.76748539472773e-54,0.331113039482272,0.718,0.649,9.28159251683787e-50,"0","SUN2"
2.35777733530976e-53,0.478976123881185,0.262,0.238,7.90751362716189e-49,"0","PCBP4"
2.63234058652143e-53,0.280508280228295,0.252,0.266,8.82834385907556e-49,"0","RPL14"
9.48720850361128e-53,0.346240821471675,0.57,0.535,3.18181998794115e-48,"0","FEZ1"
1.42485500202133e-52,0.377213114618201,0.289,0.283,4.77867870577915e-48,"0","RUFY2"
2.05297521587767e-52,0.265178781391042,0.451,0.455,6.88526827901054e-48,"0","GABPB1-AS1"
5.2178861390339e-52,0.26435283618893,0.298,0.308,1.74997465330919e-47,"0","RAB40B"
7.9640103499826e-51,0.342241136524075,0.278,0.273,2.67096979117716e-46,"0","CTTN"
1.83515822817831e-49,0.272372149582595,0.268,0.275,6.15475366566442e-45,"0","DOCK4"
7.75363018434672e-49,0.270910838440229,0.815,0.788,2.6004124912262e-44,"0","TRIM2"
3.54138671952419e-48,0.354432523238652,0.267,0.26,1.18771027799402e-43,"0","FAM124A"
3.65331683111576e-48,0.403672649192785,0.336,0.314,1.2252493988196e-43,"0","CDH19"
8.20053727482852e-48,0.276890004408633,0.289,0.293,2.75029619123199e-43,"0","ACSL3"
3.8953946281175e-45,0.264681537605786,0.875,0.823,1.30643745037805e-40,"0","PTMA"
6.34206116855117e-45,0.397278817688284,0.262,0.244,2.12700047470869e-40,"0","TJAP1"
1.51306534086843e-44,0.398433360116894,0.297,0.271,5.07451854020454e-40,"0","ZNF280D"
5.06850441773682e-41,0.586927370490511,0.283,0.217,1.69987501162058e-36,"0","SNAP25"
2.23338467584373e-39,0.367387857201774,0.254,0.24,7.49032552584472e-35,"0","LENG8"
6.07946988149537e-38,0.324290777604693,0.597,0.55,2.03893260885592e-33,"0","MAN2A1"
7.17634220961395e-38,0.38189144778627,0.268,0.248,2.40680165026033e-33,"0","LRP6"
2.52955121497498e-36,0.283065004807927,0.257,0.253,8.48360886478309e-32,"0","RASGRP3"
1.815862904107e-33,0.268803625592528,0.708,0.649,6.09004100779404e-29,"0","ST18"
6.70634125703786e-33,0.389841181224496,0.333,0.29,2.24917273078536e-28,"0","PTN"
1.571854800273e-27,0.280418141894683,0.425,0.402,5.27168662915559e-23,"0","PAQR8"
1.8605693360467e-25,0.348543922906878,0.257,0.236,6.23997743923342e-21,"0","PLXDC2"
0,1.84466745041589,0.87,0.35,0,"1","HSPA1B"
0,1.71945989960688,0.775,0.305,0,"1","DNAJB1"
0,1.92383682126906,0.975,0.52,0,"1","HSPA1A"
0,1.46577130534766,0.81,0.359,0,"1","HSPH1"
0,1.47011441627556,0.762,0.339,0,"1","MID1IP1"
0,1.18912538433512,0.816,0.415,0,"1","CHORDC1"
0,1.7967714592331,0.601,0.203,0,"1","HSPB1"
0,1.53099637028336,0.666,0.275,0,"1","FKBP4"
0,1.36398987720452,0.741,0.357,0,"1","DNAJA1"
0,1.23489317258065,0.765,0.398,0,"1","PTGES3"
0,1.35671393123062,0.936,0.577,0,"1","SLC38A2"
0,1.43794340038057,0.58,0.232,0,"1","STIP1"
0,1.29594307530496,0.572,0.234,0,"1","SLC5A3"
0,1.45466189116076,0.571,0.234,0,"1","CACYBP"
0,1.17716330394426,0.671,0.342,0,"1","HSPD1"
0,2.05685981967255,0.42,0.111,0,"1","BAG3"
0,1.24876058216384,0.572,0.264,0,"1","ATF4"
0,0.927816996105352,0.918,0.612,0,"1","QDPR"
0,0.932941457909096,0.902,0.609,0,"1","EIF1"
0,1.37848399931072,0.971,0.689,0,"1","HSP90AB1"
0,0.636228637502769,0.908,0.628,0,"1","PLCG2"
0,1.43365205505217,0.993,0.714,0,"1","CRYAB"
0,0.71296569202668,0.977,0.78,0,"1","MT-ND2"
0,0.724639030055648,0.981,0.805,0,"1","MT-CYB"
0,0.629702380583562,0.969,0.794,0,"1","GPRC5B"
0,1.56081661529908,0.996,0.863,0,"1","HSP90AA1"
0,0.653734449898813,0.997,0.929,0,"1","MT-ND3"
5.43472210425371e-323,0.566097670979,0.969,0.81,1.82269709932461e-318,"1","AMER2"
1.92685601878086e-322,0.892428091738873,0.75,0.437,6.46228971578725e-318,"1","CA2"
9.10894009268131e-319,0.698656306441472,0.872,0.598,3.05495632828346e-314,"1","SUN2"
2.21280244009923e-317,0.96978771802702,0.706,0.395,7.42129682360481e-313,"1","EFHD1"
8.30648494533966e-316,0.719970421014202,0.863,0.589,2.78582892096802e-311,"1","NDRG1"
1.67261459034247e-315,1.31889460610118,0.523,0.227,5.60961481309057e-311,"1","AHSA1"
6.84373769369379e-311,1.01412575896084,0.662,0.355,2.29525274771102e-306,"1","DNAJB6"
2.47067566657178e-305,0.506450673165618,0.99,0.893,8.28615205054843e-301,"1","MT-CO2"
1.93679074349968e-302,0.930717055354841,0.754,0.474,6.49560879554923e-298,"1","UBC"
2.45910420782394e-285,0.981958002458578,0.646,0.352,8.24734369219994e-281,"1","EIF5"
2.58247066802002e-283,1.32434948237387,0.458,0.185,8.66109012640554e-279,"1","HSPA4L"
8.21424866271976e-281,1.07686173776241,0.592,0.302,2.75489471650295e-276,"1","HSPE1"
9.14042168924617e-274,0.524556028631375,0.9,0.661,3.06551462613938e-269,"1","CCP110"
6.41698846600486e-268,0.420735057397143,0.998,0.929,2.15212959172871e-263,"1","GPM6B"
4.24538539095619e-266,1.10987660218374,0.505,0.229,1.42381735241889e-261,"1","DNAJB4"
4.45310549767543e-262,0.53634621527434,0.892,0.654,1.49348252181039e-257,"1","ERBIN"
2.35748667123191e-260,0.813789486992384,0.78,0.53,7.90653879797758e-256,"1","UBB"
4.53576662946884e-258,1.10555118292547,0.467,0.203,1.52120541219126e-253,"1","LRP4"
2.93322531269777e-255,0.681825863793001,0.732,0.45,9.83745105372577e-251,"1","NUFIP2"
1.25983912027339e-253,0.724562048023242,0.797,0.537,4.2252484415729e-249,"1","NDRG2"
9.02869516609645e-249,0.957452822785761,0.614,0.338,3.02804378480543e-244,"1","PCBP1"
1.40136771335544e-248,0.668339994538157,0.8,0.535,4.69990703705147e-244,"1","PLA2G16"
2.86946364285658e-248,0.786476729940308,0.705,0.429,9.62360716541238e-244,"1","XPO1"
2.75996754138631e-243,0.960508369699809,0.593,0.32,9.25637914030141e-239,"1","ST13"
1.6585661544348e-240,0.538343214930877,0.913,0.708,5.56249916874345e-236,"1","FTL"
2.53675724229708e-237,0.386636769542347,0.971,0.813,8.50777643921596e-233,"1","LAMP2"
4.23665310906416e-231,0.442247152344307,0.985,0.885,1.42088871971794e-226,"1","MT-ATP6"
3.97996018926924e-230,0.517648801676776,0.856,0.614,1.33479904827712e-225,"1","PIP4K2A"
3.69492522848816e-228,0.831584574253321,0.6,0.333,1.23920402313036e-223,"1","ZNF281"
6.30376540511055e-228,0.337496758068374,0.874,0.643,2.11415684156598e-223,"1","ERMN"
1.35153459718785e-227,0.476135773129406,0.953,0.797,4.5327767320486e-223,"1","PTMA"
3.81947934171144e-226,0.752010035803643,0.698,0.434,1.28097698162318e-221,"1","FXR1"
4.21424942897158e-222,0.803063725592613,0.686,0.43,1.41337497348849e-217,"1","TPT1"
1.07225805140968e-220,1.01427398415913,0.46,0.214,3.5961390528178e-216,"1","GIT1"
4.302871226456e-220,0.357712624166485,0.933,0.732,1.44309695192881e-215,"1","APLP1"
4.35278436165598e-214,1.01416681276483,0.426,0.191,1.45983681921218e-209,"1","DDX3Y"
2.86785757712841e-209,0.538877465715366,0.891,0.7,9.61822074217327e-205,"1","CALM1"
3.16463628468303e-209,0.997132626320909,0.484,0.24,1.061355717157e-204,"1","ITPK1"
1.87793549023344e-205,0.662011269398436,0.755,0.512,6.29822004714491e-201,"1","TLE4"
7.97264134462176e-204,0.524559563564675,0.756,0.509,2.67386445415925e-199,"1","FAM107B"
3.5273965761782e-200,0.310376196373848,0.888,0.677,1.18301826371865e-195,"1","SELENOP"
1.23036375369582e-199,0.702825583041743,0.594,0.344,4.12639395714504e-195,"1","BOK"
3.48193323357033e-198,0.581225360346621,0.747,0.502,1.16777076787482e-193,"1","PTP4A2"
3.25903028745509e-195,0.860107491492869,0.58,0.336,1.09301357780669e-190,"1","SOD1"
7.63857877982542e-191,0.559887817813199,0.818,0.605,2.56182655117785e-186,"1","HIPK2"
1.22915081277131e-190,0.825762142954803,0.545,0.303,4.1223259958724e-186,"1","RPL18"
3.04874530790194e-187,1.40276334279971,0.29,0.104,1.02248820136415e-182,"1","MRPS6"
3.70433125201437e-187,0.338718883453113,0.802,0.575,1.24235861530058e-182,"1","CLMN"
6.81587108068992e-186,1.01077801919022,0.387,0.175,2.28590684304179e-181,"1","ADAMTS1"
7.50724258695611e-186,0.561089505538102,0.724,0.484,2.51777901881334e-181,"1","LIMCH1"
1.34918967938999e-185,0.724558181250631,0.598,0.356,4.52491234673816e-181,"1","SPEN"
3.92556623393324e-184,0.724534898515662,0.653,0.414,1.31655640353653e-179,"1","IRF2BP2"
9.05738299628177e-184,0.688466107157674,0.676,0.437,3.03766510929298e-179,"1","PHLPP1"
3.05884506520925e-182,0.485851281373184,0.725,0.489,1.02587545796988e-177,"1","NCOA7"
2.42628270673277e-181,0.747026796339308,0.554,0.317,8.13726694184038e-177,"1","GOLGA7"
5.78447073569839e-181,0.610681006550462,0.671,0.431,1.93999579533852e-176,"1","PAPOLA"
1.54847738619244e-180,0.422275301082948,0.826,0.607,5.19328345781222e-176,"1","ANLN"
4.8429881604767e-180,0.259659371175069,0.981,0.865,1.62424136926067e-175,"1","MT-ND4"
1.42919445203081e-179,0.331479653095625,0.899,0.706,4.79323235322092e-175,"1","SPP1"
1.63734025303663e-179,0.494523386479201,0.746,0.513,5.49131174063426e-175,"1","CSRP1"
4.27628276448123e-179,0.742564493905129,0.814,0.607,1.43417971355171e-174,"1","CNDP1"
5.95236562220225e-179,0.549532590722595,0.884,0.72,1.99630438237419e-174,"1","HNRNPU"
1.46971121834958e-178,0.981161061659658,0.44,0.22,4.92911748410083e-174,"1","HSPA4"
1.54217422022968e-177,0.943889773695458,0.456,0.233,5.17214389980629e-173,"1","FGF1"
1.53080891472685e-176,0.406486303780103,0.79,0.566,5.13402693821092e-172,"1","TPPP"
6.19196312030273e-171,0.693317482281634,0.581,0.349,2.07666059128713e-166,"1","CREBRF"
1.75946057542498e-169,0.505324668395121,0.748,0.523,5.90087887786028e-165,"1","WNK1"
2.61625735021838e-169,0.542176464276705,0.759,0.537,8.77440390116239e-165,"1","CLK1"
4.80505404544436e-169,0.592627249831496,0.649,0.417,1.61151902576113e-164,"1","ZNF24"
5.43514253506676e-166,1.33323641910273,0.291,0.114,1.82283810341069e-161,"1","DDIT4"
7.90578963653756e-166,0.312944084003144,0.968,0.843,2.65144372830197e-161,"1","EDIL3"
3.12186819861038e-163,0.697129627782374,0.545,0.32,1.04701215644995e-158,"1","HIBCH"
3.59331482950496e-163,0.447045261842733,0.786,0.571,1.20512592751937e-158,"1","PEX5L"
3.14038394430608e-161,0.498186584213131,0.699,0.476,1.05322196724137e-156,"1","ADIPOR2"
9.19505485225844e-161,0.582175552891309,0.699,0.476,3.08383749635044e-156,"1","RALGDS"
8.22870007390972e-160,0.786569478570842,0.459,0.247,2.75974143078784e-155,"1","KCNMB4"
2.40213985019359e-159,0.393621846134921,0.815,0.609,8.05629662957928e-155,"1","ABCA8"
2.61841254272778e-158,0.828002832174233,0.444,0.234,8.78163198580042e-154,"1","CDKN1B"
1.14555381456875e-156,1.26073612718382,0.279,0.109,3.84195838330067e-152,"1","NUPR1"
8.19082900258702e-156,0.308816112258944,0.841,0.646,2.74704023088764e-151,"1","SORT1"
9.77304921097603e-156,0.566580876221379,0.666,0.444,3.27768524437714e-151,"1","MAPT"
7.10098149574014e-155,0.611402779939608,0.601,0.379,2.38152717404133e-150,"1","TUBA1B"
1.58077084317625e-153,0.348046678960892,0.9,0.732,5.30158925384452e-149,"1","NFASC"
3.30718679532128e-152,0.692019943724746,0.378,0.196,1.10916430741485e-147,"1","PLXDC2"
1.45217448346687e-146,0.602200488406819,0.651,0.435,4.87030278265118e-142,"1","SGK1"
4.95750248321297e-146,0.505032930027763,0.559,0.352,1.66264718281997e-141,"1","PEA15"
5.11903767569572e-146,0.621258575147197,0.616,0.4,1.71682285567483e-141,"1","PPM1K"
5.58400760374806e-145,0.63460308321509,0.462,0.262,1.87276447014502e-140,"1","NKX6-2"
4.14183503320151e-144,1.04384844849472,0.296,0.128,1.38908863343512e-139,"1","NFKBIA"
2.4567598960899e-143,0.853600598561266,0.446,0.245,8.2394813395063e-139,"1","RPS15"
4.11719931955727e-143,0.831969229637124,0.489,0.284,1.38082630779312e-138,"1","SQSTM1"
4.88515671163182e-141,0.928197871100922,0.306,0.137,1.63838385794708e-136,"1","MKNK2"
1.0709734724426e-140,0.637917225339929,0.588,0.377,3.59183083187799e-136,"1","YWHAQ"
1.21927138104775e-140,0.539871782561984,0.578,0.369,4.08919235775795e-136,"1","PLEKHB1"
3.51800092782295e-139,0.767355740266299,0.48,0.278,1.17986715117326e-134,"1","PDK4"
9.2850223600552e-137,1.1526532191679,0.297,0.131,3.11401079911531e-132,"1","PIM3"
7.05591851355387e-135,0.604066244489011,0.641,0.436,2.3664139510757e-130,"1","MAP1A"
3.14901266094706e-134,0.429979795040262,0.759,0.562,1.05611586622843e-129,"1","TUBB4A"
1.8678413601169e-131,0.379560518750863,0.619,0.423,6.26436635356005e-127,"1","KCNJ2"
8.02222705717593e-130,0.708837297908678,0.462,0.268,2.69049451043566e-125,"1","PPP4R2"
8.15937536008364e-130,0.690122651367901,0.457,0.264,2.73649130826485e-125,"1","PLOD3"
9.17240908842797e-130,0.981787755352274,0.284,0.126,3.07624256007697e-125,"1","BCL6"
1.60461895316237e-129,0.51981333960928,0.618,0.414,5.38157104511596e-125,"1","ARHGAP5"
2.13823086462086e-129,0.447256747621186,0.707,0.507,7.17119867376545e-125,"1","MBNL2"
9.39873179874838e-129,0.377228559517238,0.7,0.502,3.15214667066423e-124,"1","DIP2B"
1.22633512145496e-128,1.14941928117016,0.257,0.107,4.11288273033566e-124,"1","JMJD6"
1.54819437106424e-128,0.830311462607356,0.377,0.197,5.19233428167526e-124,"1","ANKRD40"
2.18707712736175e-128,0.807188439006301,0.331,0.165,7.33501926974582e-124,"1","CD55"
2.92987144531495e-128,0.916147272000043,0.336,0.165,9.82620285329729e-124,"1","JADE2"
1.53137539268604e-127,0.365336730368314,0.585,0.396,5.13592679199044e-123,"1","SLCO3A1"
2.76758328811378e-127,0.864870067510236,0.377,0.198,9.28192083167598e-123,"1","PHGDH"
1.73549867185971e-123,0.52132637340432,0.586,0.388,5.82051544568309e-119,"1","RPS28"
2.08309687763763e-123,0.717720735127057,0.273,0.131,6.98629030822108e-119,"1","SFRP1"
2.65660320840193e-123,0.878873730533415,0.363,0.189,8.90971584033841e-119,"1","CCT5"
1.09221776939421e-122,0.546630242366839,0.529,0.335,3.66307995499429e-118,"1","RPL28"
2.66901678531316e-122,0.450971410003995,0.455,0.278,8.95134849458326e-118,"1","BIN1"
3.39862341589411e-122,1.03323319509148,0.317,0.154,1.13983032122257e-117,"1","DNAJA4"
5.76468087442783e-122,0.969265343086868,0.381,0.206,1.93335867166561e-117,"1","ITPKB"
6.0644727862991e-122,0.585525785544064,0.318,0.169,2.03390288306899e-117,"1","FCHSD2"
6.15209691706658e-122,0.935350460607285,0.303,0.143,2.06329026404579e-117,"1","TSPYL4"
4.83977736023293e-121,0.345344851958439,0.933,0.814,1.62316453107492e-116,"1","HNRNPA2B1"
6.37290512374261e-121,0.651083429899195,0.36,0.195,2.1373449204008e-116,"1","FIGN"
2.6448275075599e-120,0.464718160615981,0.479,0.297,8.87022249485439e-116,"1","SF3B2"
1.09479879812557e-119,0.519369906368993,0.648,0.453,3.67173620915355e-115,"1","H3F3A"
1.11274063050832e-119,0.637031182151236,0.479,0.292,3.73190952659881e-115,"1","PLPP2"
1.90709913752291e-119,0.570169695520492,0.585,0.39,6.39602908742434e-115,"1","EEF2"
2.27959161560102e-119,0.597472468873063,0.483,0.295,7.64529436040271e-115,"1","THUMPD3-AS1"
3.5960476234363e-116,0.831676708606001,0.356,0.188,1.20604245194807e-111,"1","MAP2K4"
8.60482320068707e-116,0.706216240554773,0.412,0.235,2.88588560504643e-111,"1","RPL8"
1.25034848944558e-115,0.819616939593799,0.369,0.199,4.1934187639026e-111,"1","CCT4"
1.43971638011087e-115,0.565190376495017,0.553,0.362,4.82852079561583e-111,"1","EIF4G2"
6.54475456308826e-115,0.458934107954005,0.688,0.499,2.19497978536854e-110,"1","MAT2A"
1.77285764397221e-114,0.321059828853467,0.69,0.506,5.94580996635398e-110,"1","PREX1"
4.07194441252002e-114,0.399567089941323,0.741,0.557,1.36564871707097e-109,"1","ARFGEF3"
1.89896348597909e-113,0.282297149919616,0.772,0.594,6.36874373927666e-109,"1","HP1BP3"
2.34941234597372e-113,0.396191918606362,0.711,0.525,7.87945912592666e-109,"1","H3F3B"
4.75594686469335e-113,0.485808050429746,0.555,0.367,1.59504945948086e-108,"1","RYBP"
6.96202507330852e-113,0.518446537486398,0.567,0.379,2.33492396908621e-108,"1","NORAD"
8.9358352202905e-113,0.419929098679844,0.652,0.463,2.99690041618103e-108,"1","BBX"
9.76700399628603e-113,1.29716407239823,0.272,0.127,3.27565780027441e-108,"1","S100A6"
1.798211460669e-112,0.342969643346609,0.686,0.501,6.03084159679169e-108,"1","ELAVL3"
7.39752166349223e-112,0.283433720217093,0.816,0.648,2.48098081550202e-107,"1","GLUL"
1.86934844635951e-110,0.699881945162772,0.441,0.263,6.26942081940052e-106,"1","CCT3"
3.69365900677074e-110,0.38620424488225,0.743,0.563,1.23877935769077e-105,"1","SELENOW"
8.34697870939621e-109,0.564542110116521,0.551,0.366,2.7994097195573e-104,"1","RFTN2"
1.05618521823219e-108,0.47132403378933,0.512,0.333,3.54223398490713e-104,"1","PNPT1"
1.28124371450262e-108,0.528893392715062,0.538,0.355,4.2970351696989e-104,"1","MT3"
2.58213169029628e-108,0.486011117660677,0.558,0.374,8.65995326291568e-104,"1","SRPK2"
1.58349927607595e-107,0.5785748559669,0.502,0.321,5.31073987210353e-103,"1","WAC"
2.2810593274624e-107,0.382490846002833,0.659,0.476,7.65021677244338e-103,"1","CAMK2N1"
6.79643005070635e-107,0.348531149947033,0.813,0.648,2.2793867104059e-102,"1","EEF1A1"
8.70423263176131e-107,0.557993450113391,0.553,0.369,2.91922554004011e-102,"1","SUGT1"
1.80098995839948e-106,0.530231620841093,0.482,0.306,6.04016012248017e-102,"1","IVNS1ABP"
2.70165426071549e-106,0.691751131276132,0.426,0.253,9.0608080595876e-102,"1","HSPA9"
3.2726059814759e-106,0.515862379161049,0.511,0.331,1.09756659406739e-101,"1","ARPP19"
5.24572237566592e-106,0.842475979611584,0.343,0.184,1.75931037035084e-101,"1","VGLL4"
1.56697944526594e-104,0.349889425504436,0.717,0.541,5.25533566353289e-100,"1","USP54"
6.43668376958862e-104,0.507450174846718,0.549,0.368,2.15873500264463e-99,"1","PHYHIPL"
1.29629603351179e-103,0.285838990673188,0.845,0.689,4.34751763719184e-99,"1","PSAP"
3.24899676696478e-102,0.447961646396589,0.664,0.484,1.08964853570465e-97,"1","AMD1"
2.14091476527484e-101,0.380995632036609,0.606,0.431,7.18019993977875e-97,"1","UBL3"
2.85921313994249e-101,0.263364445882172,0.838,0.683,9.58922902873912e-97,"1","KIF1B"
5.89133142789183e-101,0.761902475389833,0.359,0.201,1.97583473428636e-96,"1","SNX3"
9.63824782505536e-101,0.942323830943275,0.276,0.135,3.23247555556707e-96,"1","PPID"
9.99999878803972e-101,0.298972727822762,0.765,0.596,3.35379959353276e-96,"1","P2RX7"
5.43522907707926e-100,0.550224373220403,0.367,0.213,1.82286712787084e-95,"1","ZBTB16"
8.13113671301923e-100,0.554973126149117,0.484,0.311,2.72702063081239e-95,"1","CLCN4"
8.14842066526256e-100,0.271443950935552,0.664,0.494,2.73281732271576e-95,"1","DNAJB2"
2.16164486005204e-98,0.62368503812891,0.436,0.268,7.24972453164254e-94,"1","YY1"
6.69223633150865e-98,0.58436465328384,0.398,0.238,2.24444222086137e-93,"1","THRA"
2.26277430007815e-97,0.585290100956155,0.461,0.292,7.58889244760209e-93,"1","CCNI"
2.30077976300593e-97,0.369651617049527,0.376,0.237,7.71635516916928e-93,"1","CD82"
1.69708505632303e-96,0.487152716045292,0.292,0.167,5.69168386189618e-92,"1","PALM2"
2.0539862313708e-96,0.73060230414906,0.251,0.124,6.88865902277139e-92,"1","STARD13"
2.40181047811308e-96,0.288507480108453,0.657,0.491,8.05519198149565e-92,"1","SIRT2"
3.80827805501156e-94,0.587758611622169,0.453,0.287,1.27722029408978e-89,"1","SERF2"
2.00237123564704e-93,0.380194604195384,0.604,0.433,6.71555265011304e-89,"1","VAMP2"
1.21859038587456e-92,0.704096631653773,0.32,0.176,4.08690843614609e-88,"1","RPL18A"
1.46736478639669e-92,0.403904370333381,0.55,0.381,4.92124802061721e-88,"1","ELMO1"
1.72997336404746e-92,0.385031147884277,0.593,0.424,5.80198466834236e-88,"1","SERINC3"
2.5925416978127e-92,0.682280388058984,0.369,0.215,8.69486634612422e-88,"1","ZNF106"
3.04011448842916e-92,0.466130857612876,0.638,0.467,1.01959359712937e-87,"1","DYNLL1"
3.96736247545786e-92,0.385140636675731,0.499,0.337,1.33057402701906e-87,"1","RPL13"
4.70356633925583e-92,0.264664556194159,0.794,0.637,1.57748207885962e-87,"1","TNRC6B"
5.16851103661189e-92,0.385403298791422,0.515,0.355,1.7334152314589e-87,"1","USP31"
3.48817377011724e-91,0.813396584916412,0.291,0.153,1.16986371902192e-86,"1","BCL2L1"
4.47898904939855e-91,0.593327517733252,0.414,0.256,1.50216334738729e-86,"1","BRD2"
1.09698966227793e-90,0.381341511061208,0.668,0.499,3.67908392934772e-86,"1","KMT2E"
1.46200965042604e-90,0.419081413414761,0.529,0.363,4.90328796559887e-86,"1","VEZF1"
4.16535561139223e-90,0.409282559895529,0.529,0.364,1.39697696494872e-85,"1","CDK19"
3.67588927247489e-89,0.341564411549971,0.53,0.372,1.23281974420263e-84,"1","SLC31A2"
5.47820613273522e-88,0.804030399063845,0.288,0.153,1.83728077279674e-83,"1","NUDC"
5.60108772848855e-88,0.47487090091625,0.474,0.314,1.87849280238049e-83,"1","YWHAG"
1.0496747756524e-87,0.34417085725625,0.661,0.495,3.52039926258301e-83,"1","AGAP1"
1.58817529248139e-87,0.288076408738097,0.657,0.494,5.32642229592409e-83,"1","KMT2A"
2.71297527965324e-87,0.622577713051161,0.39,0.237,9.09877649290103e-83,"1","STARD7"
1.82794667075488e-86,0.421198603089139,0.579,0.414,6.13056754437771e-82,"1","RPL13A"
3.86378319953126e-86,0.407976119222651,0.597,0.432,1.2958356094588e-81,"1","RPS27"
4.64764532398355e-86,0.472942168900349,0.494,0.333,1.5587272887576e-81,"1","HNRNPC"
5.22148933443203e-86,0.567270201509861,0.393,0.242,1.75118309298181e-81,"1","RACK1"
1.17418912741419e-85,0.283680268609678,0.479,0.33,3.93799549552171e-81,"1","TAOK3"
1.37998788388148e-85,0.359611265710779,0.481,0.33,4.6282033649617e-81,"1","LINC00844"
2.43390138138577e-85,0.63705460995633,0.378,0.229,8.1628184528916e-81,"1","IRS2"
4.37876312744886e-85,0.909639149003398,0.3,0.166,1.4685495776838e-80,"1","PEG10"
1.04081766641668e-84,0.744787886370683,0.28,0.15,3.49069428962825e-80,"1","ARRDC2"
1.12026588770451e-84,0.463971805068652,0.476,0.318,3.75714773418339e-80,"1","ARID5B"
3.47275233668755e-84,0.49243498012734,0.416,0.265,1.16469167867827e-79,"1","UBE2B"
4.14388477368406e-84,0.381419564735539,0.584,0.421,1.38977607539816e-79,"1","RPLP1"
5.15730372633237e-84,0.545010844110885,0.356,0.215,1.72965652373735e-79,"1","CREBBP"
1.44634124444354e-83,0.377482557241971,0.502,0.348,4.85073926561476e-79,"1","ZDHHC20"
1.56161908135983e-83,0.576639041945739,0.36,0.217,5.2373580750646e-79,"1","SERBP1"
2.00290346314012e-83,0.328257301125332,0.652,0.491,6.71733763467933e-79,"1","LIFR"
9.30952104321486e-83,0.544072628021044,0.465,0.307,3.1222271674734e-78,"1","CTNNA1"
7.80923716827336e-82,0.466264556213414,0.431,0.282,2.61906196149552e-77,"1","CDH19"
5.42138225725857e-81,0.454275464026138,0.477,0.322,1.81822318143938e-76,"1","OAZ1"
5.56719294324969e-81,0.350246045981739,0.472,0.322,1.86712516930708e-76,"1","PWWP2A"
6.17455175688943e-81,0.400181664966013,0.543,0.385,2.07082116822558e-76,"1","UBE2D3"
4.83809982566024e-80,0.335144735720545,0.607,0.451,1.62260191952993e-75,"1","SARAF"
5.66174832076757e-80,0.266129362724081,0.763,0.614,1.89883715181903e-75,"1","HMGB1"
6.18198812371642e-80,0.631773522019682,0.357,0.215,2.07331517693201e-75,"1","IGF1R"
8.23563334012983e-80,0.767080373484846,0.283,0.154,2.76206670961274e-75,"1","KLHL21"
9.02217247345629e-80,0.499574756444563,0.421,0.272,3.02585620414777e-75,"1","RPLP2"
1.15271004578319e-79,0.31275157602948,0.577,0.423,3.86595895154766e-75,"1","RNF130"
1.35224546693323e-79,0.434408085621653,0.346,0.214,4.53516084700067e-75,"1","FAM53B"
1.76966712820867e-79,0.378874347941923,0.534,0.379,5.93510961458622e-75,"1","LCOR"
1.84873674723205e-79,0.576223132040689,0.328,0.194,6.20029330286684e-75,"1","CDC42SE2"
1.97076849713898e-79,0.515980327103702,0.496,0.339,6.6095633857047e-75,"1","RGCC"
2.26030666879907e-79,0.363943332568546,0.547,0.391,7.58061650581833e-75,"1","ANKRD11"
2.66409388766752e-78,0.506934346605382,0.386,0.244,8.93483808045931e-74,"1","KIF5B"
3.5226544063074e-78,0.435311657725216,0.296,0.18,1.18142783478738e-73,"1","ABCG1"
4.59892167397705e-78,0.430771619907376,0.418,0.275,1.54238635101842e-73,"1","PURB"
5.95293777140418e-78,0.29138609718433,0.663,0.509,1.99649626977353e-73,"1","SPTBN1"
7.33927957589547e-78,0.415090404769337,0.432,0.288,2.46144758416382e-73,"1","LPAR1"
1.23569463085917e-77,0.332785017310403,0.496,0.348,4.1442726529755e-73,"1","PURA"
2.09359883035724e-77,0.738232808460385,0.259,0.139,7.02151175725212e-73,"1","LINC00320"
3.20083305560957e-77,0.3636830962491,0.481,0.334,1.07349539019034e-72,"1","PIEZO2"
5.01617632572347e-77,0.476793456399963,0.353,0.22,1.68232521612114e-72,"1","TPRN"
7.13533776181446e-77,0.46407511701291,0.434,0.288,2.39304957855733e-72,"1","METTL7A"
1.59612233424901e-76,0.569608254562941,0.377,0.236,5.35307508460434e-72,"1","HBP1"
2.00176895301468e-76,0.251076119027092,0.769,0.628,6.71353271462064e-72,"1","PRNP"
3.18463824608336e-76,0.279391276909901,0.724,0.574,1.06806397497144e-71,"1","ANKRD12"
5.14025278146242e-76,0.253856226749157,0.552,0.409,1.72393797784687e-71,"1","OSBPL1A"
2.11998756784341e-75,0.2615098564511,0.581,0.435,7.11001430503322e-71,"1","RDX"
3.71457647671109e-75,0.447746538887108,0.518,0.366,1.24579465875936e-70,"1","HSPA8"
3.93890963109809e-75,0.301657255525958,0.547,0.399,1.32103151207768e-70,"1","NFIA"
4.22928895376306e-74,0.283088886578216,0.535,0.392,1.41841892931305e-69,"1","GNAI1"
1.68063263276261e-73,0.306890766612971,0.581,0.432,5.63650572375925e-69,"1","KLHL24"
2.90538121947035e-73,0.359864273614278,0.51,0.364,9.74406753385968e-69,"1","CBR1"
5.87143459747397e-73,0.339228192326052,0.454,0.313,1.96916173530082e-68,"1","ZBTB44"
1.7803758340077e-72,0.498127577359978,0.383,0.246,5.97102447209504e-68,"1","RPS8"
2.24035008889758e-72,0.339921118186977,0.481,0.339,7.51368612814471e-68,"1","CLIC4"
8.65377571891438e-72,0.365135217113938,0.533,0.385,2.90230330060951e-67,"1","CEP97"
3.4037273239011e-71,0.414658359968964,0.416,0.279,1.14154206988995e-66,"1","FNIP2"
3.5218271353295e-71,0.590400282015404,0.306,0.181,1.18115038464681e-66,"1","RMND5A"
4.73645011871763e-71,0.600505887973723,0.319,0.191,1.58851064081552e-66,"1","DYNLRB1"
1.93216891736505e-70,0.468569243597045,0.389,0.253,6.4801081150589e-66,"1","RPS2"
1.94404302603564e-70,0.471974928313973,0.388,0.252,6.51993150071833e-66,"1","ZNF644"
2.13010943119677e-70,0.387721096966654,0.491,0.347,7.14396101034772e-66,"1","STAG2"
2.88354732396294e-70,0.639572409494964,0.287,0.165,9.67084101510692e-66,"1","ARL2"
1.09218328754316e-69,0.272271589927192,0.55,0.408,3.66296430976226e-65,"1","DNAJC6"
1.32494400769045e-69,0.27651068759737,0.467,0.335,4.44359721299222e-65,"1","C21orf91"
2.16171475736426e-69,0.674985593810029,0.283,0.162,7.24995895324827e-65,"1","CRK"
2.24329041320991e-69,0.319086227459745,0.459,0.324,7.52354738782338e-65,"1","SASH1"
3.01237014066558e-69,0.557380301263498,0.376,0.241,1.01028869777642e-64,"1","RAB21"
4.08463616810935e-69,0.669011596255396,0.283,0.162,1.36990527806051e-64,"1","ALKBH5"
5.25024409224119e-69,0.326926013410854,0.492,0.353,1.76082686365585e-64,"1","CFL1"
5.85083242788719e-69,0.386708303970394,0.476,0.335,1.9622521796648e-64,"1","JUND"
5.91324446639419e-69,0.324469933809804,0.571,0.425,1.98318392913928e-64,"1","BCLAF1"
1.19039527052061e-68,0.414562109959392,0.421,0.284,3.99234765827201e-64,"1","SET"
1.91286576778449e-68,0.598931144750769,0.323,0.197,6.41536921199561e-64,"1","COMT"
3.20294773556069e-68,0.476498927083759,0.43,0.29,1.07420461155234e-63,"1","NFE2L2"
9.60412551451308e-68,0.374186558206395,0.497,0.355,3.2210316150574e-63,"1","ADAM10"
1.34716382230279e-67,0.417342181934858,0.401,0.267,4.51811802723909e-63,"1","MORF4L2"
1.39740917429689e-67,0.312398709355319,0.499,0.359,4.68663088875691e-63,"1","FNIP1"
2.55577475423556e-67,0.327609043714602,0.448,0.314,8.57155737075521e-63,"1","TECR"
2.99214762438191e-67,0.409727460578603,0.346,0.222,1.00350647026521e-62,"1","SAFB2"
3.52578295450625e-67,0.605452956872582,0.308,0.185,1.18247708728231e-62,"1","PNRC1"
4.86080768418363e-67,0.568120828041551,0.337,0.21,1.63021768112151e-62,"1","APLP2"
5.81137719092328e-67,0.459609172728151,0.446,0.306,1.94901968229185e-62,"1","RPL19"
1.36600775730511e-66,0.328094540573112,0.539,0.397,4.58131681644986e-62,"1","EIF4A2"
4.73002610943162e-66,0.435532046113338,0.384,0.254,1.58635615658118e-61,"1","RPS6"
8.74712652186091e-66,0.374188832377088,0.434,0.3,2.93361129290171e-61,"1","DDX6"
8.96635664638137e-66,0.400122063010937,0.383,0.257,3.00713669206338e-61,"1","LHPP"
1.7983779047779e-65,0.703658548230851,0.297,0.176,6.03139981704412e-61,"1","EIF2S2"
1.89534524595466e-65,0.474548706686907,0.422,0.286,6.35660888588275e-61,"1","RPS3"
2.17161433515659e-65,0.309896942606652,0.401,0.275,7.28316015724816e-61,"1","FLCN"
2.54414707936767e-65,0.700895489263531,0.278,0.161,8.53256047478329e-61,"1","CCT6A"
5.36591948875492e-65,0.467620594798074,0.388,0.256,1.79962207813862e-60,"1","PPP1CB"
1.56228855871971e-64,0.368271898759298,0.461,0.325,5.23960336823417e-60,"1","RPS19"
1.73756689121938e-64,0.39284526162374,0.412,0.28,5.82745183977157e-60,"1","NACA"
2.17581853896738e-64,0.571312574202794,0.288,0.172,7.2972602159888e-60,"1","GDE1"
2.21810400390981e-64,0.466905703277294,0.337,0.214,7.43907720831271e-60,"1","SMAD5"
2.89134234898614e-64,0.560765283376538,0.286,0.171,9.69698397002972e-60,"1","KANSL1L"
3.56871981492024e-64,0.294538444581253,0.526,0.39,1.19687725152795e-59,"1","FAM102A"
4.55729792102487e-64,0.417236962415132,0.393,0.264,1.52842657675332e-59,"1","PPP2R2A"
2.77060581750168e-63,0.329757061433246,0.416,0.288,9.29205779073713e-59,"1","IQCK"
2.85861632758737e-63,0.388753389283603,0.403,0.274,9.58722743946254e-59,"1","ARPC5"
4.93210757938892e-63,0.314016163451968,0.454,0.321,1.65413023997546e-58,"1","KDM5A"
7.66025570536642e-63,0.462492061913116,0.325,0.206,2.56909655846579e-58,"1","CGGBP1"
1.57232327653351e-62,0.472382310919584,0.373,0.246,5.27325780483809e-58,"1","RPS16"
3.40036434733013e-62,0.290819794106175,0.503,0.371,1.14041419480758e-57,"1","MTCH1"
4.02278761917437e-62,0.349964683778011,0.439,0.309,1.3491625117187e-57,"1","RPSA"
4.56630344915948e-62,0.533568461178846,0.413,0.28,1.53144685077911e-57,"1","RHOBTB3"
1.29559381956234e-61,0.403394145155891,0.365,0.242,4.34516255204817e-57,"1","KAT6A"
1.94359832778233e-61,0.457475479137062,0.351,0.229,6.51844007171638e-57,"1","CTDSP2"
2.48407226425008e-61,0.250292782645326,0.511,0.385,8.33108155984193e-57,"1","MEGF10"
2.94318000318456e-61,0.334629382346662,0.428,0.3,9.87083709468039e-57,"1","RPL32"
3.49397712221761e-61,0.394991723132025,0.394,0.269,1.17181004724934e-56,"1","DAZAP2"
5.54747867974869e-61,0.525043437702045,0.348,0.224,1.86051339961412e-56,"1","SSFA2"
7.10675278968314e-61,0.264763672893483,0.514,0.385,2.38346275060393e-56,"1","TMEM87A"
1.43330445522149e-60,0.403295042138635,0.356,0.237,4.80701648192183e-56,"1","WASF2"
2.40261184008462e-60,0.505031569366459,0.303,0.188,8.05787958927581e-56,"1","TRIM8"
3.87724556734408e-60,0.54074488602177,0.3,0.185,1.30035061837586e-55,"1","BMI1"
9.03092974619465e-60,0.584334603587449,0.288,0.174,3.02879321827876e-55,"1","ATXN7L3B"
1.06287555100915e-59,0.348249300005989,0.407,0.282,3.56467202297448e-55,"1","TOB2"
1.33560550074573e-59,0.347083528738554,0.454,0.324,4.47935372840101e-55,"1","LARP1"
1.41275397414796e-59,0.379397270172044,0.345,0.229,4.73809427849744e-55,"1","DBI"
1.58268981514917e-59,0.291656963086901,0.589,0.454,5.30802510204729e-55,"1","MARCH6"
3.18288670038348e-59,0.375760803567407,0.304,0.196,1.06747654157461e-54,"1","ZFP36L2"
1.31856475305383e-58,0.557349331293218,0.378,0.252,4.42220246879193e-54,"1","PPA1"
1.51919806199728e-58,0.432339275131704,0.385,0.26,5.09508646032649e-54,"1","RPL6"
8.28950343872829e-58,0.411446506153733,0.422,0.294,2.78013366328069e-53,"1","RAC1"
1.2028115488423e-57,0.367316005330087,0.406,0.283,4.0339893725073e-53,"1","HNRNPH3"
1.432098237745e-57,0.330890764355513,0.45,0.324,4.80297106974919e-53,"1","NEO1"
1.44625278142131e-57,0.506315495884386,0.347,0.227,4.8504425783308e-53,"1","TAF7"
1.54523036623491e-57,0.431004383718362,0.278,0.173,5.18239360227863e-53,"1","RSBN1L"
2.26132974374464e-57,0.374914215618663,0.379,0.259,7.58404769457078e-53,"1","TRA2B"
1.07191092616763e-56,0.276719355621232,0.378,0.267,3.59497486418099e-52,"1","LARP6"
1.15687864103069e-56,0.435017951066603,0.352,0.234,3.87993958628871e-52,"1","G3BP1"
1.25177184049955e-56,0.547606460579224,0.266,0.16,4.19819239866739e-52,"1","SIK2"
1.31493956604907e-56,0.577908143800878,0.286,0.175,4.41004431661536e-52,"1","TCP1"
1.57509323968065e-56,0.274346886009131,0.326,0.222,5.28254770724096e-52,"1","RBM48"
1.67791613717889e-56,0.447652282785878,0.328,0.214,5.62739514087058e-52,"1","PAK2"
1.96805359970631e-56,0.298609629052966,0.382,0.267,6.60045816269502e-52,"1","CAMSAP2"
7.00118097568427e-56,0.524852698503226,0.314,0.2,2.34805607562499e-51,"1","FBXL3"
1.24635535337697e-55,0.605588334153646,0.265,0.159,4.18002658415568e-51,"1","BNIP3"
1.72743872954999e-55,0.405529933325457,0.396,0.275,5.79348401116477e-51,"1","PEG3"
9.32167712860925e-55,0.434807689926193,0.298,0.192,3.12630407539297e-50,"1","RPS5"
2.21849522002143e-54,0.38947239252673,0.407,0.285,7.44038926890788e-50,"1","RSRC2"
2.39386241236335e-54,0.395889549640753,0.362,0.246,8.02853575858421e-50,"1","YPEL3"
7.34278251105387e-54,0.44077648917217,0.343,0.228,2.46262239855725e-49,"1","SBNO1"
7.55851928912419e-54,0.416326730652512,0.336,0.223,2.53497619918647e-49,"1","RPL23A"
1.04018045477006e-53,0.471135190789807,0.275,0.171,3.48855720920783e-49,"1","ZBTB7A"
1.19865593523418e-53,0.463011401347361,0.321,0.209,4.0200522755884e-49,"1","RPL4"
1.68527087014007e-53,0.381196259639758,0.452,0.327,5.65206144427577e-49,"1","RAD21"
4.11979748999466e-53,0.461457215429757,0.253,0.155,1.38169768219441e-48,"1","MT-ATP8"
5.5745975325919e-53,0.623866098072061,0.254,0.152,1.86960852048067e-48,"1","YBX1"
1.85257654657876e-52,0.453940309198978,0.278,0.175,6.21317122191584e-48,"1","NAA16"
2.72133972426058e-52,0.557025718113836,0.27,0.167,9.12682916722515e-48,"1","GTF2H2"
4.87146003128191e-52,0.442760737457713,0.324,0.213,1.63379026529133e-47,"1","PPP2CB"
7.46658409756207e-52,0.587546217538153,0.25,0.15,2.50414297464037e-47,"1","JMY"
1.58125234355755e-51,0.391488547217725,0.352,0.239,5.30320410982331e-47,"1","ADARB2"
3.05913896375691e-51,0.264651821503041,0.445,0.329,1.02597402566479e-46,"1","IL6ST"
3.15794318889117e-51,0.275312921469569,0.46,0.34,1.05911098669032e-46,"1","PHF3"
4.86493948549407e-51,0.423059607394253,0.316,0.209,1.631603404645e-46,"1","CDK6"
6.2377312546781e-51,0.643029529699178,0.261,0.159,2.09201030819394e-46,"1","CBFB"
8.28410898901839e-51,0.308053346017187,0.382,0.27,2.77832447273699e-46,"1","EPC1"
8.80267615884341e-51,0.41116099116236,0.36,0.246,2.9522415301529e-46,"1","MRFAP1"
2.52957342476867e-50,0.288098799474404,0.454,0.336,8.48368335198915e-46,"1","GNAQ"
3.52391399401837e-50,0.412717060359301,0.385,0.269,1.18185027531388e-45,"1","RHOA"
2.09919819974789e-49,0.481955963592917,0.285,0.183,7.04029092231449e-45,"1","SH3KBP1"
2.29720928119111e-49,0.280517366056801,0.448,0.333,7.70438048725874e-45,"1","COPA"
3.59042077829268e-49,0.471845239231459,0.278,0.177,1.2041553206238e-44,"1","CLIP2"
5.96440307548921e-49,0.369847833487512,0.354,0.245,2.00034150345757e-44,"1","PUM1"
1.36685937705499e-48,0.269498345326398,0.376,0.27,4.58417297876703e-44,"1","MED13"
5.30965043741698e-48,0.402840535963098,0.303,0.201,1.78075056370091e-43,"1","ANAPC16"
7.45404071293647e-48,0.311666900892512,0.379,0.27,2.49993617430463e-43,"1","LRRC58"
1.68912462743922e-47,0.30581276930947,0.319,0.221,5.66498617550567e-43,"1","TMCC2"
2.20240325548755e-47,0.348011096272669,0.399,0.287,7.38642003825416e-43,"1","ZBTB38"
5.5463802595586e-47,0.565323642756722,0.263,0.165,1.86014501145076e-42,"1","CEBPZ"
1.62957450652125e-46,0.267606713239045,0.426,0.316,5.46526697997096e-42,"1","FOXN2"
1.7556835535807e-46,0.460296263971063,0.256,0.163,5.88821150199894e-42,"1","LINC00632"
2.26062610036988e-46,0.344022287496192,0.359,0.254,7.58168781542049e-42,"1","KLHL32"
5.49278808370547e-46,0.253744169258671,0.414,0.306,1.84217126751314e-41,"1","BNIP3L"
7.6660837123467e-46,0.318583516226999,0.413,0.302,2.57105115544684e-41,"1","CHD4"
8.72350113055868e-46,0.250282274335719,0.322,0.23,2.92568780916677e-41,"1","LRP6"
1.21820085943458e-45,0.269310891113036,0.418,0.309,4.08560204237169e-41,"1","SLC6A8"
2.16304309083791e-45,0.429750509210268,0.269,0.175,7.25441391805217e-41,"1","PTPN13"
2.63725433854195e-45,0.399839728715144,0.298,0.199,8.84482360060199e-41,"1","RANGAP1"
5.57722700105106e-45,0.32225418121399,0.381,0.274,1.8704903916125e-40,"1","PUM2"
6.28811133594818e-45,0.298796777017743,0.374,0.271,2.1089067798503e-40,"1","SMARCA5"
7.46720855290867e-45,0.252266263083881,0.255,0.172,2.50435240447451e-40,"1","PKD1"
9.15231512490267e-45,0.332419821235875,0.293,0.199,3.06950344658986e-40,"1","PDS5A"
9.31077928128006e-45,0.276713674560062,0.4,0.293,3.12264915535571e-40,"1","ZFAND5"
1.02198119784162e-44,0.286556783750088,0.369,0.265,3.42752054132121e-40,"1","RPL36"
1.02379121279501e-44,0.300011975053613,0.312,0.217,3.4335909694719e-40,"1","NOP56"
1.22497096191087e-44,0.384567045898111,0.279,0.185,4.10830761205669e-40,"1","PPP1R10"
2.23402063105599e-44,0.329387577763686,0.284,0.192,7.49245839243558e-40,"1","ZNF146"
2.25110604771789e-44,0.286286365277092,0.318,0.223,7.54975946283625e-40,"1","INTS6"
2.301275266161e-44,0.283464224359854,0.291,0.2,7.71801698765077e-40,"1","BAZ1B"
4.83798140626998e-44,0.334688635015261,0.425,0.314,1.62256220403482e-39,"1","SOX10"
7.59585933523899e-44,0.262133741199025,0.383,0.28,2.54749930385245e-39,"1","CBX5"
8.01453024821767e-44,0.265043943408918,0.383,0.28,2.68791315464724e-39,"1","RPL38"
8.14318381462887e-44,0.314156407984287,0.388,0.282,2.73106098775023e-39,"1","SRSF7"
8.2914885352437e-44,0.268988765653842,0.365,0.266,2.78079942495003e-39,"1","MFAP3L"
1.32617541929636e-43,0.455965994669619,0.297,0.198,4.44772712123612e-39,"1","TPP1"
2.98669276422204e-43,0.29275261245391,0.313,0.219,1.00167701926479e-38,"1","MAP3K11"
3.06771568641496e-43,0.412536875611628,0.332,0.229,1.02885048690985e-38,"1","INPP1"
3.51886765733054e-43,0.351892404246339,0.505,0.39,1.18015783491551e-38,"1","HSP90B1"
3.89524060179427e-43,0.27516894272267,0.406,0.301,1.30638579302976e-38,"1","PROX1"
3.91524438261528e-43,0.317011763535379,0.376,0.273,1.31309466104151e-38,"1","PSAT1"
5.19943906795845e-43,0.281729261543074,0.386,0.283,1.7437878746119e-38,"1","RPL30"
7.40383372187386e-43,0.468286026774042,0.294,0.196,2.48309775364206e-38,"1","MPP5"
1.55363813866455e-42,0.30253016763458,0.369,0.267,5.21059158945317e-38,"1","TERF2IP"
1.85934200779264e-42,0.422084459744873,0.299,0.202,6.23586122573496e-38,"1","LARP7"
1.91128384688981e-42,0.273477902150045,0.368,0.268,6.41006376569906e-38,"1","C1orf198"
1.92842345631991e-42,0.306094395631219,0.265,0.179,6.46754658780573e-38,"1","WHRN"
2.47774303748713e-42,0.388912501044983,0.303,0.207,8.30985459912433e-38,"1","EIF4B"
6.54914222210944e-42,0.501383744260872,0.262,0.17,2.19645131845106e-37,"1","UBQLN1"
9.61574159163939e-42,0.272489999101164,0.465,0.357,3.22492741500402e-37,"1","CTSD"
1.13888059846794e-41,0.370359116680509,0.266,0.178,3.81957775114178e-37,"1","ZRANB1"
8.45279759742313e-41,0.338452471624118,0.329,0.232,2.83489925822377e-36,"1","RPS25"
1.06184229213281e-40,0.255246947895944,0.314,0.225,3.56120667935502e-36,"1","KLF13"
1.11522278550489e-40,0.37043402704868,0.367,0.267,3.74023417802629e-36,"1","MCAM"
1.14967488870265e-40,0.251864659989494,0.327,0.235,3.85577964173096e-36,"1","PRPF40A"
1.42950843548487e-40,0.437933783846437,0.269,0.178,4.79428539092917e-36,"1","FRMD5"
2.08614899562753e-40,0.340539116973937,0.334,0.236,6.99652650153563e-36,"1","RPS7"
4.64260969305066e-40,0.388353936524507,0.303,0.208,1.55703843885533e-35,"1","DHX9"
1.75646235451046e-39,0.389229390263928,0.274,0.185,5.89082344455717e-35,"1","AARS"
3.47098503792084e-39,0.350883174189458,0.279,0.191,1.16409896201789e-34,"1","ADCY5"
8.42171688315762e-39,0.484307937882302,0.282,0.189,2.8244754082734e-34,"1","RAP1A"
2.95092326560643e-38,0.519734758083353,0.252,0.164,9.89680644819085e-34,"1","ARRDC3"
3.99076462696394e-38,0.263764436114865,0.296,0.21,1.33842264059117e-33,"1","PLD1"
1.50597652465114e-37,0.367186778748952,0.347,0.25,5.05074406837498e-33,"1","AES"
2.23933317611329e-37,0.357487354204969,0.278,0.191,7.51027560604875e-33,"1","MATR3.1"
2.65706206140543e-37,0.333275537397033,0.285,0.198,8.91125474154154e-33,"1","RAB5B"
3.9554487195626e-37,0.342720821214629,0.319,0.226,1.32657839156691e-32,"1","FEM1B"
4.42090242321216e-37,0.353404542441948,0.304,0.214,1.48268225469689e-32,"1","PCGF5"
8.56685629662594e-37,0.41732453529547,0.262,0.176,2.87315226476241e-32,"1","UBE2R2"
2.66338578315611e-36,0.322083123672086,0.317,0.226,8.93246323954896e-32,"1","FOXO3"
4.72430177557331e-36,0.293451992548954,0.283,0.2,1.58443632949178e-31,"1","TBCB"
5.13053878872092e-36,0.368646840554143,0.25,0.168,1.72068009896122e-31,"1","ZNF483"
5.9771077815074e-36,0.260471334897448,0.315,0.228,2.00460240776195e-31,"1","CWF19L2"
6.17776236404489e-36,0.371359688214326,0.305,0.214,2.07189794165337e-31,"1","PABPC1"
6.23063371569293e-36,0.267167163165834,0.315,0.228,2.0896299355691e-31,"1","RPL29"
1.24009358735376e-35,0.34838738257766,0.309,0.22,4.15902587326702e-31,"1","SBDS"
2.84117099525856e-35,0.367865203965266,0.27,0.186,9.52871928389817e-31,"1","RETREG2"
2.3049800474392e-34,0.273253818812314,0.341,0.252,7.7304420831016e-30,"1","KDSR"
3.30451543174983e-34,0.258513692586783,0.336,0.249,1.10826838550026e-29,"1","ABHD17B"
1.02324783573263e-33,0.34270437217556,0.292,0.207,3.4317685914801e-29,"1","TARDBP"
1.07447395779292e-33,0.264298216377977,0.289,0.209,3.60357075964591e-29,"1","CDK17"
2.54982032826165e-33,0.311308608233005,0.302,0.217,8.55158741692393e-29,"1","EP300"
6.35602772323855e-33,0.30046850652993,0.26,0.183,2.13168457781975e-28,"1","AC245297.3"
1.16936205597993e-32,0.355804025838864,0.272,0.19,3.92180646334549e-28,"1","HDLBP"
2.48642634223103e-32,0.318446069927928,0.274,0.194,8.33897666657443e-28,"1","MORC3"
7.53096473661378e-32,0.443157748213086,0.262,0.18,2.52573495336553e-27,"1","TMED5"
9.11844629826726e-32,0.327205802565625,0.296,0.213,3.05814451951287e-27,"1","TKT"
3.7335101860393e-31,0.283852293008081,0.252,0.178,1.25214464619386e-26,"1","FBXO11"
4.56024242120628e-31,0.332089925112992,0.268,0.189,1.52941410322416e-26,"1","DSTYK"
4.97568126549731e-31,0.281600052504197,0.311,0.228,1.66874398282249e-26,"1","IST1"
5.04870192994404e-31,0.262719808160929,0.283,0.207,1.69323365326463e-26,"1","RNH1"
3.78821289738094e-30,0.32054262407126,0.312,0.229,1.27049084152362e-25,"1","SLC39A6"
7.11738712920521e-30,0.301445741848657,0.291,0.211,2.38702929539284e-25,"1","SNX27"
1.63356561171163e-29,0.259113829937712,0.259,0.186,5.47865234855845e-25,"1","SRP19"
4.22583120368906e-29,0.261442909764246,0.29,0.214,1.41725926909324e-24,"1","CIPC"
5.02335274452862e-29,0.268137038801776,0.261,0.188,1.68473204346001e-24,"1","PAIP2"
8.19718346272778e-29,0.321095800826694,0.288,0.21,2.74917138972964e-24,"1","PARP1"
3.03879813188294e-28,0.295138251654814,0.277,0.201,1.0191521174709e-23,"1","CNBP"
5.91717355538882e-28,0.315724070088375,0.26,0.186,1.9845016670063e-23,"1","RC3H1"
3.29455117109156e-27,0.311489018757709,0.268,0.195,1.10492657176069e-22,"1","MT2A"
1.96899497164715e-26,0.254024591768591,0.254,0.186,6.60361533591022e-22,"1","SRSF1"
2.96578238695989e-24,0.259376995747391,0.279,0.21,9.94664096938608e-20,"1","SMC3"
8.31179879159342e-24,0.313427494423777,0.31,0.234,2.7876110787246e-19,"1","ITGB1"
0,1.48975984870566,0.725,0.214,0,"2","ANKRD18A"
0,2.16843725442677,0.735,0.24,0,"2","DHCR24"
0,1.89225782634419,0.624,0.147,0,"2","SORL1"
0,1.16545730409051,0.749,0.284,0,"2","LRP2"
0,1.55359927953776,0.604,0.157,0,"2","SLC5A11"
0,1.53701744044531,0.745,0.315,0,"2","S100B"
0,1.9710836035835,0.527,0.105,0,"2","DPYSL5"
0,1.11662266850127,0.746,0.334,0,"2","PAQR8"
0,2.98734684401978,0.44,0.037,0,"2","RASGRF1"
0,1.10472227672695,0.631,0.239,0,"2","CNTNAP4"
0,1.26795038229373,0.585,0.2,0,"2","HHATL"
0,1.30830412626196,0.563,0.181,0,"2","FAM171A1"
0,1.08468414512972,0.571,0.198,0,"2","GLDN"
0,0.909706584922932,0.805,0.435,0,"2","STMN1"
0,0.854790890772716,0.909,0.54,0,"2","RAPGEF5"
0,0.781229665443796,0.737,0.369,0,"2","GSN"
0,0.936649948299143,0.707,0.34,0,"2","BACE1"
0,0.687434714664761,0.811,0.449,0,"2","TMEM63A"
0,0.725087201169353,0.824,0.463,0,"2","SYNJ2"
0,0.943900789437957,0.602,0.243,0,"2","EPB41L2"
0,1.20781990486101,0.568,0.209,0,"2","SERPINI1"
0,0.912086555709563,0.686,0.328,0,"2","CEP170"
0,0.672139336882863,0.787,0.43,0,"2","CDK18"
0,0.97908398865797,0.6,0.244,0,"2","ELOVL1"
0,0.683021381520969,0.851,0.499,0,"2","MAN2A1"
0,0.865650266972103,0.886,0.534,0,"2","MAP1B"
0,0.975153263478605,0.584,0.235,0,"2","KLK6"
0,0.813137999005873,0.68,0.332,0,"2","USP31"
0,1.08284526608542,0.541,0.196,0,"2","ITGAV"
0,0.726505390538604,0.942,0.6,0,"2","ANLN"
0,1.10420880068332,0.557,0.217,0,"2","CDKN1C"
0,1.85858428561776,0.428,0.09,0,"2","MYLK"
0,0.949948491554962,0.55,0.215,0,"2","PCSK6"
0,1.07523265944282,0.548,0.216,0,"2","SYPL1"
0,1.29451121917888,0.489,0.16,0,"2","STAT2"
0,0.909445156714345,0.549,0.224,0,"2","PACS2"
0,0.699049153846921,0.595,0.276,0,"2","PRRG1"
0,0.957764012685784,0.534,0.218,0,"2","LGALS3BP"
0,0.424927630249116,0.627,0.314,0,"2","PIEZO2"
0,1.07875945505163,0.49,0.178,0,"2","FBXO32"
0,0.791146208349135,0.525,0.214,0,"2","LDB3"
0,0.896177682912305,0.515,0.208,0,"2","CPD"
0,0.483464858520687,0.652,0.346,0,"2","GAS7"
0,0.609407649739988,0.602,0.296,0,"2","PLCL1"
0,0.946567051107732,0.485,0.183,0,"2","ADAMTS4"
0,0.333353358981465,0.727,0.427,0,"2","DAAM2"
0,0.995648308836859,0.462,0.166,0,"2","EPB41L3"
0,0.966583535302325,0.465,0.169,0,"2","GJB1"
0,0.694601975891843,0.502,0.211,0,"2","ACSL1"
0,0.851843425618531,0.472,0.187,0,"2","AGPAT4"
0,2.76575111851924,0.316,0.032,0,"2","ENPP6"
0,1.04987647217396,0.986,0.703,0,"2","SPP1"
0,0.353751634473228,0.612,0.332,0,"2","ASPA"
0,0.774225031148261,0.436,0.165,0,"2","SH3PXD2A"
0,0.782185557628641,0.952,0.681,0,"2","SELENOP"
0,2.12728630109111,0.328,0.059,0,"2","ABCA6"
0,0.962125868691075,0.417,0.148,0,"2","ITGA2"
0,1.1221308982531,0.394,0.127,0,"2","NKAIN2"
0,0.687029423446278,0.964,0.698,0,"2","ATP1B1"
0,1.86543733590963,0.321,0.055,0,"2","FAM95C"
0,1.2069080475768,0.382,0.116,0,"2","GJC2"
0,2.12652026177712,0.314,0.048,0,"2","GPIHBP1"
0,0.913422064092361,0.984,0.72,0,"2","SCD"
0,1.13860689100958,0.369,0.11,0,"2","CRYBG3"
0,2.44097091878847,0.291,0.037,0,"2","JPT2"
0,2.36602154055731,0.285,0.037,0,"2","ACTN2"
0,1.7463513083889,0.315,0.07,0,"2","FNTB"
0,0.850331515632158,0.998,0.841,0,"2","TF"
4.94065645841247e-324,0.301392267035747,0.769,0.474,1.65699736302237e-319,"2","TTYH2"
5.38531553966959e-321,1.06536283681039,0.358,0.112,1.80612712569439e-316,"2","PLA2G4C"
8.92559233150962e-319,0.559700914443696,0.902,0.584,2.9934651561417e-314,"2","CLDN11"
4.32095485949025e-318,0.64102622366596,0.942,0.65,1.44916184077584e-313,"2","MOBP"
6.35955864604748e-318,0.585776352715851,0.557,0.272,2.1328687787114e-313,"2","LIPA"
1.48392023849643e-317,0.873466421011685,0.452,0.177,4.97677169586934e-313,"2","TBC1D12"
2.99113221373476e-317,0.461057568537486,0.718,0.408,1.00316592184236e-312,"2","FGFR2"
4.40058386428956e-316,0.608569585187392,0.438,0.19,1.47586781640543e-311,"2","SEC14L5"
3.24359675484051e-315,0.603769484445321,0.665,0.348,1.08783747963841e-310,"2","SPTLC2"
1.04384287006536e-314,0.709588076067312,0.415,0.168,3.50084021762522e-310,"2","PAQR4"
1.15220094731809e-314,0.721781912341795,0.655,0.328,3.86425153711542e-310,"2","ZDHHC20"
5.40968659888655e-312,0.822621041829926,0.686,0.342,1.81430069153457e-307,"2","KIF5C"
6.84262712004588e-312,0.649284585515578,0.501,0.225,2.29488028352099e-307,"2","NACAD"
4.47109208759888e-311,0.88857020710412,0.578,0.257,1.49951486433891e-306,"2","SVIP"
2.58314271490838e-310,0.909043389813698,0.541,0.233,8.66334403725973e-306,"2","LHPP"
4.55284790800175e-310,0.61860991822396,0.466,0.207,1.52693413138563e-305,"2","RASGRP3"
5.94584230115141e-310,1.43252394520735,0.283,0.067,1.99411659096016e-305,"2","FGD4"
6.60300550905971e-310,0.491038665417499,0.514,0.252,2.21451598762844e-305,"2","UNC5B"
1.02006230484886e-309,0.736851322896019,0.531,0.24,3.42108495800212e-305,"2","TMEM151A"
1.28313008368283e-309,0.635092997194185,0.798,0.462,4.30336167465548e-305,"2","SEMA4D"
1.50129188099325e-309,0.678959098101327,0.46,0.198,5.03503271047517e-305,"2","TMCC2"
3.72094871143558e-307,0.879403174884992,0.532,0.23,1.24793177884126e-302,"2","FIS1"
1.70302081954613e-305,0.395683689574483,0.446,0.216,5.71159122459381e-301,"2","TMC6"
2.21385643001702e-305,0.728537257209123,0.775,0.435,7.42483169499109e-301,"2","HSPA2"
2.90737948597521e-304,0.895511279546232,0.401,0.15,9.75076932006366e-300,"2","NRBP2"
1.07703728569616e-302,0.732430052374474,0.82,0.483,3.61216764876778e-298,"2","FEZ1"
4.73892162160612e-301,0.567168670494896,0.703,0.385,1.58933953345426e-296,"2","LANCL1"
8.88441097297982e-301,0.585617291378892,0.841,0.515,2.97965375211797e-296,"2","MTUS1"
3.8656653846305e-300,1.47223959950266,0.287,0.069,1.29646685669738e-295,"2","SYNM"
3.23139457075948e-298,0.646225800861886,0.45,0.198,1.08374511114132e-293,"2","LSS"
1.7282803637739e-297,0.448821275078233,0.648,0.359,5.79630668402489e-293,"2","SLC31A2"
6.99175409475247e-297,0.551535892417424,0.688,0.379,2.34489448829808e-292,"2","FA2H"
3.1299863799251e-296,0.54587534625053,0.426,0.192,1.04973483209928e-291,"2","SYNGR2"
1.43551028844658e-295,0.598307782086544,0.495,0.234,4.81441440539214e-291,"2","ATP11A"
1.72736848039869e-295,0.963406149823513,0.381,0.136,5.79324840956112e-291,"2","DLC1"
2.42602007940207e-295,0.765605309733074,0.563,0.264,8.13638614229865e-291,"2","MAPK8IP1"
6.11319273509631e-295,0.553738487695529,0.391,0.17,2.0502425794966e-290,"2","LDLRAP1"
1.79617410113463e-294,0.579420528622119,0.469,0.216,6.02400870038531e-290,"2","FAM124A"
2.51981892445827e-294,0.486580928667368,0.827,0.512,8.45096870884813e-290,"2","MAG"
2.92568001565728e-294,0.755694116818964,0.636,0.317,9.81214563651139e-290,"2","CARNS1"
2.45470101103562e-293,0.481899459459607,0.853,0.542,8.23257625081126e-289,"2","MOG"
7.2716369604992e-293,0.580315533884447,0.59,0.3,2.43876160381222e-288,"2","ENPP4"
1.04480247689626e-292,1.14505205472222,0.307,0.09,3.50405854701468e-288,"2","TNS1"
7.61491185686117e-292,0.356918396965357,0.515,0.271,2.5538891385541e-287,"2","KIF13B"
4.09477603367222e-291,1.76500198690231,0.291,0.065,1.37330598617299e-286,"2","SCCPDH"
6.00224690503489e-291,0.723140415879656,0.467,0.203,2.0130335670106e-286,"2","MAP3K7"
7.25563948913926e-291,0.804140126917028,0.63,0.308,2.43339637186752e-286,"2","KIF1A"
8.312380371583e-291,0.265128323257965,0.724,0.449,2.78780612902151e-286,"2","RNF220"
3.9985391505561e-290,0.90929376191207,0.442,0.175,1.34103006031351e-285,"2","CD164"
1.25675921991559e-289,0.265282315192641,0.694,0.423,4.2149190717529e-285,"2","KCNJ2"
2.11828939838643e-289,0.386989243683754,0.599,0.333,7.10431898430839e-285,"2","GRM3"
4.41921330223377e-289,0.606347437499354,0.644,0.338,1.48211575730316e-284,"2","SGK3"
1.39800150253909e-288,0.786793995238208,0.402,0.161,4.6886174392156e-284,"2","SALL1"
1.53270751026698e-288,0.827711932097963,0.279,0.092,5.14039444793338e-284,"2","SLC45A3"
5.16477807959454e-288,0.474739784813972,0.465,0.228,1.73216327233442e-283,"2","RFFL"
5.56570564787009e-288,0.819912168700023,0.406,0.158,1.86662636018267e-283,"2","JAKMIP3"
7.8737832642415e-288,0.430092932742507,0.589,0.32,2.64070943116131e-283,"2","C21orf91"
8.52448981032159e-288,0.656510182086328,0.668,0.352,2.85894339258566e-283,"2","RASSF2"
6.22320303717448e-287,0.368656172491912,0.734,0.443,2.08713783460758e-282,"2","EVI2A"
8.34484901292954e-287,0.523249993209288,0.419,0.192,2.79869546195631e-282,"2","NDE1"
9.06803129415078e-287,0.562547855217147,0.383,0.164,3.04123633543229e-282,"2","SH3TC2"
1.342245251931e-286,1.29696882084185,0.313,0.088,4.50162212592619e-282,"2","RPS6KA2"
2.98984124908727e-286,0.592915962864406,0.585,0.297,1.00273295811889e-281,"2","ENDOD1"
4.04505750750887e-286,0.546253809964718,0.734,0.42,1.35663138686833e-281,"2","FAR1"
1.91010875586092e-284,0.876081301203644,0.401,0.155,6.40612274540635e-280,"2","FDFT1"
4.53638696925176e-284,0.271204461464103,0.828,0.552,1.52141346174766e-279,"2","PLA2G16"
5.37995570000368e-284,0.2677909896212,0.557,0.316,1.80432954266723e-279,"2","TMTC2"
3.5333484586619e-283,0.914300113708362,0.3,0.099,1.18501440606603e-278,"2","ARHGEF37"
4.58563313012463e-283,0.551284110721149,0.413,0.187,1.5379296391812e-278,"2","SLC20A2"
1.70005268867611e-282,1.1738961695285,0.296,0.085,5.70163670728193e-278,"2","PAQR6"
6.25826619764888e-282,0.604785705592443,0.499,0.237,2.09889731736748e-277,"2","MTMR10"
6.68532318497026e-282,0.431349450182826,0.425,0.204,2.24212368977532e-277,"2","FAM13C"
1.28202827151811e-281,0.444145299889682,0.61,0.334,4.29966641701742e-277,"2","IQGAP1"
4.97885997088788e-281,0.489100912110046,0.494,0.249,1.66981005703638e-276,"2","C1orf198"
2.59395058724077e-280,0.412260308636127,0.904,0.618,8.6995914794881e-276,"2","ENPP2"
3.78477929422759e-279,0.710210025595976,0.42,0.181,1.26933927969805e-274,"2","CYP27A1"
1.16587441952428e-278,0.460164128321957,0.837,0.535,3.91010962820053e-274,"2","ATP8A1"
1.27807860206031e-278,0.612844239872226,0.52,0.253,4.28642001558988e-274,"2","MAP7D1"
1.79177333102964e-278,0.341763835448645,0.645,0.381,6.00924939760721e-274,"2","GNAI1"
4.08171114032563e-278,0.778407000174851,0.4,0.162,1.36892428224241e-273,"2","PADI2"
6.43957524530806e-277,1.18600041470819,0.312,0.094,2.15970474577142e-272,"2","PLIN3"
8.79712581494639e-277,0.419279154475027,0.561,0.302,2.95038005581672e-272,"2","PSEN1"
1.07302562884212e-276,0.411346356107491,0.801,0.503,3.59871335401069e-272,"2","SPOCK3"
1.37517675756158e-276,0.617655060162759,0.485,0.227,4.61206780951001e-272,"2","RAB30"
6.36353487619316e-276,0.720001060088537,0.333,0.129,2.13420232677766e-271,"2","MYO1D"
1.3270671875859e-275,0.327302194388865,0.487,0.261,4.45071793372558e-271,"2","SESTD1"
2.46024569799213e-274,0.514819569893819,0.692,0.394,8.251172021926e-270,"2","GLTP"
1.83010176178011e-273,0.32045888368794,0.488,0.264,6.13779528865812e-269,"2","RAB40B"
3.62123328203137e-273,0.767251600028648,0.813,0.492,1.21448921812768e-268,"2","MARCKSL1"
6.6217522386149e-273,0.424908339606005,0.456,0.227,2.22080326578667e-268,"2","SPATA13"
8.52854617359395e-273,0.369626985357867,0.549,0.299,2.86030381569994e-268,"2","PPP1R12B"
2.73599836991352e-272,0.28365063921553,0.543,0.308,9.17599133301595e-268,"2","LGI3"
1.75662738471976e-271,0.359097409609684,0.925,0.654,5.89137692287312e-267,"2","MAP7"
5.48179254786409e-271,0.516090370546084,0.518,0.265,1.83848358470266e-266,"2","CERS2"
1.14800894836864e-270,1.01638702547408,0.4,0.148,3.85019241103876e-266,"2","SQLE"
4.93835324384248e-270,1.04888636797103,0.334,0.112,1.65622491091989e-265,"2","MGAT5"
3.97041206262528e-269,0.291868288812852,0.454,0.24,1.33159679756327e-264,"2","SEMA3B"
6.10016722938745e-269,0.838797252464467,0.362,0.139,2.04587408539196e-264,"2","MVB12B"
1.66333355482275e-268,0.571876945460106,0.447,0.211,5.57848807616453e-264,"2","TMEM189"
5.48487979519292e-268,0.331385969810699,0.857,0.574,1.8395189857118e-263,"2","PEX5L"
2.1047422459994e-267,0.512195850157515,0.489,0.245,7.05888454463278e-263,"2","FGF1"
3.47848499151722e-267,0.610232347936256,0.397,0.175,1.16661429645504e-262,"2","RNF141"
9.61250149031088e-267,0.566544732927114,0.552,0.277,3.22384074982046e-262,"2","RPS6KA5"
2.86525687674272e-266,0.405079978728561,0.441,0.223,9.60949851321972e-262,"2","HSD17B4"
6.23872332404384e-266,0.57771771596769,0.423,0.194,2.09234302841782e-261,"2","NIPA1"
8.09343958339941e-266,0.43377442559636,0.772,0.479,2.7143777674805e-261,"2","ADIPOR2"
1.02764767977588e-265,0.451958479013455,0.435,0.212,3.44652478843235e-261,"2","MOSPD2"
1.3008815730709e-265,0.694867285990645,0.314,0.12,4.3628966197652e-261,"2","CPEB1"
2.88997747229454e-265,0.28993478456325,0.477,0.261,9.69240644658142e-261,"2","IGSF8"
3.54730088623076e-265,1.01918811954441,0.336,0.115,1.18969377122407e-260,"2","SLC25A29"
6.56234096516967e-265,0.298611128261097,0.512,0.284,2.2008779128986e-260,"2","CPEB2"
7.67849689704943e-264,0.603154608178947,0.426,0.195,2.57521428933244e-259,"2","LITAF"
2.59273736932333e-263,0.410039075143445,0.612,0.345,8.69552258923658e-259,"2","DDR1"
2.83828044309259e-263,0.840569580446138,0.311,0.112,9.51902495004393e-259,"2","ABHD12"
3.26572736540804e-263,0.538324797421723,0.781,0.468,1.09525964381055e-258,"2","KCNQ1OT1"
6.07371258031674e-263,0.568823946437291,0.377,0.166,2.03700172518663e-258,"2","NT5DC1"
7.96057007416333e-263,0.286071509294092,0.672,0.416,2.6698159914729e-258,"2","RNF130"
2.5964139292379e-262,0.427459178831766,0.429,0.211,8.70785303587808e-258,"2","TSPAN5"
4.26519577328392e-262,0.74599248866969,0.427,0.186,1.43046135844396e-257,"2","PARP1"
5.46800237295277e-260,0.479615684022997,0.923,0.652,1.8338586358409e-255,"2","ERMN"
2.79805624422559e-259,0.465818999142488,0.375,0.174,9.38412103188377e-255,"2","FOLH1"
4.74089862411957e-259,0.388361916014372,0.556,0.31,1.59000258055722e-254,"2","CLCN4"
9.54049420638142e-259,0.620538726947791,0.41,0.184,3.1996909469362e-254,"2","MPC1"
9.69681582936979e-259,0.4371624130197,0.648,0.373,3.25211809285404e-254,"2","ACTN4"
1.132970324424e-258,0.325798891433537,0.467,0.25,3.7997558740532e-254,"2","PTPRF"
2.71624513645772e-258,0.441712688980518,0.989,0.806,9.10974293865189e-254,"2","CLDND1"
1.12162505307179e-257,0.314857156032455,0.38,0.191,3.76170610299217e-253,"2","CDC42EP1"
1.6133784299924e-257,0.378262355711863,0.677,0.405,5.41094857850851e-253,"2","SRCIN1"
2.26059888773978e-257,0.359821236541389,0.478,0.253,7.58159654970169e-253,"2","CELSR2"
2.55553379873758e-257,0.583451412042157,0.568,0.296,8.57074925420609e-253,"2","MAPRE2"
2.65885253811476e-257,1.53659782669149,0.264,0.065,8.91725964232929e-253,"2","CSF1"
4.19456626378504e-257,0.295751721686186,0.538,0.308,1.40677363354823e-252,"2","ARHGEF2"
1.46362669809579e-256,0.328076781690413,0.436,0.228,4.90871122007366e-252,"2","RNF213"
7.27828862172069e-256,0.612404439733288,0.793,0.485,2.44099243795268e-251,"2","SEPT8"
1.10539908404864e-255,0.813209656623475,0.404,0.169,3.70728744808232e-251,"2","CMTM5"
1.18835537074408e-255,0.255169234405113,0.625,0.384,3.9855062424015e-251,"2","AKAP6"
1.351510625373e-255,1.49272430646992,0.277,0.072,4.53269633537597e-251,"2","S100A1"
2.48864169625409e-255,0.336729785258746,0.495,0.271,8.34640652089696e-251,"2","MAN2A2"
2.76441745263236e-255,0.288063845253749,0.758,0.488,9.2713032526384e-251,"2","DNAJB2"
7.94921346787465e-255,0.504532234485007,0.491,0.25,2.6660072128558e-250,"2","ELOVL5"
4.50739130965768e-254,0.729073920565714,0.326,0.13,1.51168889743299e-249,"2","ERMP1"
1.8870565185573e-253,0.607412583214997,0.554,0.286,6.32881015193748e-249,"2","CLCN3"
2.57970454610187e-253,0.362578054128019,0.57,0.324,8.65181310671646e-249,"2","NIPAL3"
1.34961116350445e-252,0.273339927788122,0.773,0.508,4.52632592016123e-248,"2","SLAIN1"
2.32691784556065e-252,0.357365212433413,0.37,0.18,7.80401707044132e-248,"2","CPOX"
3.71556615359925e-252,0.724934872863922,0.367,0.15,1.24612657659412e-247,"2","ZDHHC14"
4.13712404293834e-252,0.388861412423536,0.845,0.56,1.38750866152066e-247,"2","TUBB4A"
6.78306019400146e-252,0.259604643426538,0.554,0.326,2.27490272786421e-247,"2","MIGA1"
2.65353199030032e-251,0.283182820619429,0.505,0.286,8.8994155890692e-247,"2","PTPRK"
2.98981547272871e-251,0.288109085132995,0.555,0.32,1.00272431324376e-246,"2","SLC48A1"
4.9417070783018e-251,0.400995890766874,0.752,0.469,1.65734971992086e-246,"2","SERINC1"
6.28038266488413e-251,0.547215442588038,0.365,0.163,2.10631473814884e-246,"2","KIAA1324L"
6.99528975650747e-251,0.739268660135251,0.429,0.19,2.34608027853748e-246,"2","NACC2"
7.70000715110285e-251,0.436300043598437,0.505,0.267,2.58242839833687e-246,"2","ZNF708"
7.774778161789e-251,0.430433757031731,0.859,0.576,2.60750509990079e-246,"2","SECISBP2L"
1.55676081513831e-250,0.703551536829798,0.62,0.326,5.22106442181087e-246,"2","TMEM59"
1.34950559350274e-249,0.409539050289038,0.469,0.244,4.5259718594895e-245,"2","RUFY2"
1.55494759462928e-249,0.346962528464439,0.495,0.272,5.21498324286769e-245,"2","REEP3"
3.24154386664816e-248,0.263215059597248,0.436,0.238,1.08714898199646e-243,"2","CTTN"
2.62631455586421e-247,0.591605282959652,0.41,0.191,8.8081337574574e-243,"2","MGST3"
3.31436473493812e-247,0.441667217316726,0.484,0.254,1.11157164480355e-242,"2","COL4A5"
9.26219684692888e-247,0.404240426235297,0.563,0.316,3.10635557852301e-242,"2","CD47"
1.6107357314842e-246,0.709841646289836,0.916,0.676,5.40208549625171e-242,"2","TUBA1A"
1.56673215066432e-245,0.279745641613487,0.786,0.523,5.254506286898e-241,"2","FAM107B"
4.21529695227939e-245,0.656192635303382,0.381,0.166,1.41372629185546e-240,"2","WIPF1"
4.83400731553677e-245,0.486576713962687,0.423,0.206,1.62122937348472e-240,"2","CLN8"
6.8136035985148e-244,0.348815054233329,0.471,0.254,2.2851463748699e-239,"2","ANKH"
6.9897948862737e-244,0.332432959423525,0.639,0.386,2.34423740895847e-239,"2","SEC62"
1.04361891641821e-243,0.476463653041608,0.377,0.177,3.5000891218834e-239,"2","MYSM1"
1.23023152992044e-243,0.257461487196778,0.462,0.261,4.12595050504716e-239,"2","NAP1L4"
1.79979041888068e-243,0.465931361760749,0.815,0.527,6.03613710684204e-239,"2","PMP22"
1.25174780529066e-242,0.841115712708948,0.438,0.189,4.19811178938383e-238,"2","TKT"
1.55210524333309e-242,0.365195772892263,0.403,0.207,5.20545056509053e-238,"2","SBDS"
4.09223586430642e-242,1.1167246781292,0.283,0.088,1.37245406417109e-237,"2","SCRN1"
8.55335621612495e-242,0.2556652334288,0.442,0.244,2.86862460776398e-237,"2","CYTH1"
8.73305205119386e-242,0.303651357283641,0.609,0.367,2.9288909969294e-237,"2","NXPE3"
9.63704434584425e-242,0.620733439823939,0.326,0.138,3.23207193270924e-237,"2","RAB11FIP4"
1.49848139195384e-241,0.376393124085242,0.41,0.21,5.02560689233477e-237,"2","MOB3B"
1.5428571248026e-241,0.849733957142823,0.267,0.091,5.17443422516297e-237,"2","SLC25A13"
6.91356827816358e-241,0.452767366002106,1,0.917,2.3186725291305e-236,"2","PLP1"
1.97142108840366e-240,0.323013935171282,0.486,0.266,6.61175204628819e-236,"2","MINDY2"
2.16046827695984e-240,0.377099012536925,0.405,0.208,7.2457785072679e-236,"2","STRN"
6.69756038747172e-240,0.587437557920092,0.528,0.27,2.24622780275027e-235,"2","BHLHE41"
1.42349266085148e-239,0.259966062854533,0.574,0.347,4.7741096859637e-235,"2","RALGAPA1"
5.08235858238186e-239,0.63592222271963,0.297,0.118,1.70452142135923e-234,"2","PIGM"
5.08552745745033e-239,0.464797738954444,0.784,0.496,1.70558419867969e-234,"2","NCOA7"
9.58053606155216e-239,0.39499499164317,0.563,0.318,3.21312018432336e-234,"2","ZNF652"
1.20290656203254e-238,0.286400595710519,0.494,0.278,4.03430802774473e-234,"2","CPM"
1.28066406243791e-238,0.41584362304698,0.381,0.191,4.29509113260425e-234,"2","C1GALT1"
1.53840275832812e-238,0.404992214095486,0.598,0.346,5.15949517088086e-234,"2","DYNC1I2"
1.6611809453339e-238,0.263967282127036,0.694,0.442,5.57126865446083e-234,"2","MAP1A"
1.71126375007364e-238,0.251003424575966,0.759,0.507,5.73923636499697e-234,"2","PREX1"
5.76727383781095e-238,0.257900539122388,0.586,0.355,1.93422829972504e-233,"2","PRMT2"
7.08076506361416e-238,0.352020592337901,0.384,0.197,2.37474698703492e-233,"2","PTPN11"
9.04976347343344e-238,0.568962979738029,0.609,0.336,3.03510967372011e-233,"2","PRDX1"
1.36347041795851e-237,0.469191705029497,0.342,0.159,4.57280708774926e-233,"2","AIF1L"
1.02767093877491e-236,0.556147852440023,0.361,0.162,3.4466027944633e-232,"2","NUAK1"
1.79102804142692e-236,0.388014525630549,0.48,0.259,6.00674984533759e-232,"2","AKAP11"
1.93415331147655e-236,0.619759119845916,0.363,0.159,6.48676337603005e-232,"2","CXADR"
4.64138973158922e-236,0.369602241865049,0.572,0.331,1.55662928818039e-231,"2","COLGALT2"
3.05427277203421e-235,0.250100150575945,0.486,0.28,1.02434200228483e-230,"2","GNB1"
5.37864036273399e-235,0.61671712932527,0.33,0.139,1.80388840485372e-230,"2","ABCA5"
6.56583823822347e-235,0.319674535962452,0.343,0.169,2.20205082833539e-230,"2","LRRC1"
8.18402778728262e-235,0.383592479781572,0.962,0.738,2.74475923929884e-230,"2","TMEM144"
8.53678357216044e-235,0.260735960431441,0.567,0.341,2.86306647443117e-230,"2","WDFY3"
2.76614757441047e-234,0.895230709132201,0.294,0.104,9.27710573505784e-230,"2","SC5D"
4.18560314009872e-233,0.346565759498844,0.986,0.797,1.40376758112631e-228,"2","CNTN2"
5.07451148806237e-233,0.523452907092017,0.906,0.645,1.70188966286636e-228,"2","UGT8"
1.47385145591825e-232,0.33375753093558,0.637,0.389,4.94300301285862e-228,"2","KCNJ10"
2.27415848530656e-232,0.394456382175735,0.348,0.17,7.62707272802114e-228,"2","AKIRIN1"
2.44023211631723e-232,0.579125840806676,0.539,0.282,8.18405047170471e-228,"2","PDK4"
4.37881124369768e-232,0.897119228729655,0.281,0.099,1.46856571491133e-227,"2","CHADL"
9.01712577336701e-232,0.390861153177912,0.418,0.218,3.02416364187183e-227,"2","PAFAH1B2"
1.03568381636887e-231,0.254289104585405,0.591,0.363,3.47347638333793e-227,"2","MTCH1"
1.50742623678453e-231,0.399301683331982,0.876,0.609,5.05560611292795e-227,"2","SLC12A2"
4.50744360675546e-231,0.271235952883367,0.538,0.319,1.51170643683364e-226,"2","RAD21"
5.63573407622222e-231,0.952910665233614,0.273,0.091,1.89011249448341e-226,"2","ABHD5"
1.04895918031069e-230,0.355460648580521,0.88,0.617,3.517999298926e-226,"2","ST18"
1.10550373744158e-230,0.415464031607193,0.376,0.188,3.70763843463157e-226,"2","AP2B1"
1.23317077551077e-230,0.271925364063741,0.449,0.253,4.13580814690803e-226,"2","LMBRD1"
2.55180283647255e-230,0.336061360623685,0.323,0.157,8.55823635296165e-226,"2","RHOG"
3.48912472781391e-230,0.50468109353382,0.34,0.153,1.17018265121423e-225,"2","CTNNA3"
7.4115514719385e-230,0.379389425370426,0.962,0.743,2.48568613265873e-225,"2","APLP1"
2.21860797707757e-229,0.318321416303456,0.346,0.173,7.44076743352276e-225,"2","EPB41L1"
2.51516538354966e-229,0.480078886222264,0.33,0.152,8.43536166334886e-225,"2","HECTD4"
2.66045433813582e-229,0.369998954703267,0.332,0.159,8.9226317592399e-225,"2","OTUD7A"
2.86801163279152e-229,0.419477157017031,0.643,0.381,9.61873741405621e-225,"2","ACTG1"
2.96294592831639e-229,0.570702587834545,0.652,0.371,9.9371280543875e-225,"2","PLEKHB1"
6.28756676895957e-228,0.336835101420102,0.712,0.449,2.10872414297366e-223,"2","NASP"
1.0067100842732e-227,0.266009720320131,0.539,0.324,3.37630428063546e-223,"2","TTYH1"
1.14181693795914e-227,0.669904353991306,0.283,0.111,3.82942564652737e-223,"2","SNCA"
2.51179618564275e-227,0.313085445306956,0.449,0.248,8.42406204740867e-223,"2","SAR1B"
5.02838614688681e-227,0.886410011368938,0.65,0.349,1.6864201459429e-222,"2","PEA15"
6.21635835851534e-227,0.336273042968489,0.829,0.565,2.08484226627888e-222,"2","TMEM165"
2.19133827266536e-226,0.569162769756518,0.364,0.166,7.3493102988651e-222,"2","TANC1"
3.02038699863393e-225,0.255408772781448,0.369,0.199,1.01297739160185e-220,"2","AK5"
3.13378076553654e-225,0.432093198884447,0.415,0.213,1.05100739314564e-220,"2","FEM1B"
1.93281474927928e-224,0.337117482942395,0.421,0.225,6.48227410613286e-220,"2","GNG7"
9.61272847587884e-224,0.360561978102251,0.717,0.458,3.22391687624024e-219,"2","RNF13"
2.22862236782025e-223,0.366261589832616,0.388,0.201,7.47435369719557e-219,"2","LRRC8B"
3.09789894484951e-223,0.445868006177988,0.271,0.117,1.03897334812363e-218,"2","KCTD7"
4.60789421109359e-223,0.304529302164926,0.34,0.177,1.54539556051657e-218,"2","SFT2D1"
4.76275804296564e-223,0.412290915339107,0.474,0.258,1.59733379244982e-218,"2","RHOB"
2.02364021864777e-222,0.263332250977085,0.308,0.153,6.78688456530089e-218,"2","SHROOM4"
3.19769824143677e-222,0.807328004129234,0.269,0.097,1.07244403621306e-217,"2","SAMD12"
1.39377752951996e-221,0.375585711703877,0.407,0.215,4.67445107850405e-217,"2","MFSD6"
4.04951343435238e-221,0.615877686640645,0.268,0.109,1.3581258156131e-216,"2","MYO1E"
7.10560910022359e-221,0.632444162835379,0.396,0.185,2.38307918003299e-216,"2","HACD3"
1.01999747221396e-220,0.263974742983527,0.833,0.581,3.42086752231117e-216,"2","PLEKHH1"
1.17872285309843e-220,1.09940193535698,0.369,0.139,3.95320070472151e-216,"2","MSMO1"
1.61412244450486e-220,0.254439004143377,0.369,0.199,5.41344385438039e-216,"2","LZTS2"
2.71443421466518e-220,0.278597628412151,0.315,0.161,9.10366946914408e-216,"2","IGSF11"
4.63207329055051e-220,0.286057300508859,0.961,0.746,1.55350474018483e-215,"2","CRYAB"
1.91258532596599e-219,0.299218572801596,0.348,0.181,6.41442866622475e-215,"2","OAZ2"
4.60793491474016e-219,0.331218744857942,0.552,0.327,1.54540921170555e-214,"2","PGRMC1"
1.00927118909414e-218,0.265305940889362,0.401,0.223,3.38489371398391e-214,"2","INPP1"
2.86061325699824e-218,0.600345695976705,0.311,0.136,9.5939247413207e-214,"2","DNM2"
4.22281481597488e-218,0.360852896824583,0.321,0.154,1.41624763298165e-213,"2","SHROOM1"
4.64796389737116e-218,0.490098738766364,0.297,0.132,1.55883413190034e-213,"2","EVL"
1.5116995538788e-217,0.432838608004492,0.422,0.216,5.06993796379873e-213,"2","SACS"
1.52964527761821e-217,0.66722786448005,0.251,0.098,5.13012433207596e-213,"2","AC009063.2"
3.97745916696196e-217,0.515571891223332,0.657,0.386,1.3339602554157e-212,"2","TUBA1B"
4.67087874647395e-217,0.818166525237731,0.26,0.093,1.56651931399243e-212,"2","DTX4"
5.16328631766469e-217,0.883769291256055,0.251,0.087,1.73166296521838e-212,"2","NDST1"
7.09668254823208e-217,0.252380525792372,0.492,0.291,2.38008539302608e-212,"2","PROX1"
1.00327804621764e-216,0.664379831230224,0.329,0.141,3.36479391140471e-212,"2","ROGDI"
1.31825655298753e-215,0.838491149926039,0.331,0.132,4.42116882740957e-211,"2","KCNK1"
2.04793201036478e-215,0.492643554023113,0.292,0.128,6.86835437636138e-211,"2","KLHL4"
3.72693468912923e-214,0.464820309544403,0.86,0.594,1.24993935604016e-209,"2","PEBP1"
5.20963146090383e-214,0.421544526549436,0.56,0.322,1.74720619935793e-209,"2","INSR"
1.4324788437225e-213,0.453558378454185,0.297,0.135,4.80424754607651e-209,"2","SLC22A23"
1.71087753253407e-212,0.360099326542215,0.542,0.317,5.73794106861276e-208,"2","SASH1"
2.07419185219095e-212,0.358398497389618,0.412,0.22,6.95642463387802e-208,"2","LDLRAD4"
2.07566717494464e-212,0.424611710806929,0.365,0.184,6.96137257132932e-208,"2","TALDO1"
2.16951540045803e-212,0.260973920327884,0.338,0.177,7.27612075005615e-208,"2","ACTR2"
2.53576846698986e-212,0.400262682856371,0.338,0.167,8.5044602845906e-208,"2","C6orf89"
4.89466912749484e-212,0.336701077810396,0.365,0.189,1.64157413197922e-207,"2","TBCB"
7.87813333501905e-212,0.29741081629035,0.632,0.4,2.64216835789869e-207,"2","TIMP2"
1.24365601585032e-211,0.449591086466933,0.364,0.179,4.17097354595881e-207,"2","SCOC"
1.39734710895237e-211,0.452396064677912,0.496,0.272,4.68642273400446e-207,"2","PLOD3"
4.22843021762795e-211,0.380945092647192,0.865,0.606,1.41813092638806e-206,"2","FMNL2"
7.13717125599766e-211,0.650881439854416,0.29,0.121,2.39366449583649e-206,"2","PDGFA"
4.92164528401957e-210,0.269953930563259,0.665,0.432,1.65062139535448e-205,"2","B3GAT1"
6.67746967461594e-210,0.805866982589749,0.279,0.105,2.23948977947269e-205,"2","PDE1A"
9.55370598935775e-210,0.312816154795151,0.339,0.177,3.2041219147108e-205,"2","TMEM184B"
1.42719286476107e-209,0.471681055295953,0.303,0.138,4.78651942983568e-205,"2","PREX2"
3.6998610823341e-209,0.286364735834631,0.379,0.205,1.24085940979321e-204,"2","STX7"
1.07376205316599e-208,0.401224212366647,0.291,0.137,3.60118317390808e-204,"2","PSRC1"
1.30691236499889e-208,0.445526162662554,0.322,0.155,4.38312268973329e-204,"2","TPD52"
1.95766121440344e-208,0.500950103472355,0.257,0.11,6.56560418086625e-204,"2","TPCN1"
2.24878959806273e-208,0.284313138682585,0.358,0.19,7.54199055398277e-204,"2","MPP5"
3.23134073136496e-208,0.464143642286926,0.336,0.158,1.08372705448518e-203,"2","OLMALINC"
3.51943319686067e-208,0.263796141222482,0.358,0.197,1.18034750556313e-203,"2","HUWE1"
3.85940304190687e-208,0.508764967241025,0.313,0.143,1.29436659219473e-203,"2","AFMID"
4.60804137103403e-208,0.54329295362339,0.287,0.126,1.54544491501739e-203,"2","RTF2"
1.11161875402755e-206,0.670421044557811,0.297,0.125,3.72814697725758e-202,"2","SEC11C"
1.31845537439026e-206,0.342960389790457,0.338,0.169,4.42183563463004e-202,"2","KIF21A"
2.03218783378574e-206,0.35052348762664,0.293,0.141,6.81555155695063e-202,"2","USP40"
2.97064756036912e-206,0.646708786218161,0.26,0.105,9.96295778796597e-202,"2","MFSD12"
3.42072689404807e-206,0.449088357130033,0.305,0.143,1.14724338572584e-201,"2","POMGNT1"
9.85503833796927e-206,0.627133856626893,0.327,0.147,3.30518275778813e-201,"2","PAPSS1"
3.21079647884537e-205,0.360773540588594,0.349,0.18,1.07683692307516e-200,"2","UNC5C"
5.0041366194298e-205,0.277775418748072,0.356,0.193,1.67828733942437e-200,"2","TPP1"
3.16280031519599e-204,0.416505679334544,0.313,0.15,1.06073996971043e-199,"2","G3BP2"
2.36166605013271e-203,0.6688241034642,0.261,0.104,7.92055559893508e-199,"2","OPTN"
1.22890087653915e-202,0.314645833133236,0.441,0.249,4.12148775973702e-198,"2","PPA1"
2.99975355142197e-202,0.350499055683535,0.325,0.168,1.0060573460759e-197,"2","GDI2"
4.84431841608378e-202,0.812338499286974,0.261,0.096,1.62468751038618e-197,"2","MFGE8"
7.3737083404e-202,0.272287366152183,0.284,0.143,2.47299430320335e-197,"2","CBFA2T2"
1.72520262570524e-201,0.78818580560581,0.304,0.125,5.78598456609024e-197,"2","IFNGR1"
3.5083766113311e-201,0.417731385174555,0.335,0.166,1.17663934790822e-196,"2","SH3GLB2"
4.30662771587636e-201,0.328549950620253,0.345,0.178,1.44435680335061e-196,"2","DSTYK"
2.32666721176576e-200,0.326390996493519,0.316,0.162,7.80317649482e-196,"2","FAM222A"
2.95218374077935e-200,0.40218755720373,0.272,0.127,9.90103382982578e-196,"2","IFIT3"
3.756841784337e-200,0.435728548332945,0.353,0.177,1.25996959763094e-195,"2","C20orf194"
3.77527700199884e-200,0.562874082828333,0.258,0.109,1.26615240093037e-195,"2","KIAA0586"
6.71928507981657e-200,0.258327863965596,0.785,0.544,2.25351383006888e-195,"2","KIDINS220"
9.05345988904577e-200,0.316984964011198,0.327,0.169,3.03634937758817e-195,"2","TMCC3"
9.34836873388313e-200,0.407832573256756,0.363,0.183,3.13525590596972e-195,"2","COL16A1"
1.93039004621335e-198,0.291618958226633,0.314,0.164,6.47414213699033e-194,"2","RABGAP1"
2.93763649164908e-198,0.331202384281744,0.314,0.159,9.85224526569267e-194,"2","NDUFB2"
8.28521569382253e-198,0.453972870269386,0.295,0.14,2.7786956393942e-193,"2","DOHH"
1.28767205649888e-197,0.410294592156611,0.276,0.131,4.31859454308594e-193,"2","NFE2L1"
1.51708210705026e-197,0.399281683624494,0.294,0.141,5.08798997062515e-193,"2","KIAA0355"
2.24963812652036e-197,0.416120091740121,0.279,0.131,7.54483634872398e-193,"2","CCNY"
2.37230830923109e-197,0.287932056572717,0.729,0.489,7.95624760749922e-193,"2","SIRT2"
4.26893116359665e-197,0.31336851620432,0.309,0.158,1.43171413364704e-192,"2","KLF7"
2.39012027796794e-196,0.385026350231429,0.386,0.201,8.01598538824887e-192,"2","SLC35E3"
9.26074848356277e-196,0.343310065691789,0.282,0.139,3.10586982641728e-191,"2","AMFR"
1.82767240692007e-195,0.306521425224796,0.811,0.564,6.12964771832852e-191,"2","TMSB4X"
2.88411055975442e-195,0.697335505258859,0.252,0.101,9.67272999530437e-191,"2","ETFB"
2.06056212862002e-194,0.282103553536932,0.351,0.192,6.91071326696584e-190,"2","IMPAD1"
3.94791273433178e-194,0.267545073557462,0.43,0.25,1.32405097284019e-189,"2","ATP5F1E"
1.26690693383106e-193,0.381136843275737,0.345,0.178,4.2489524746826e-189,"2","SH3KBP1"
1.2882456975626e-193,0.343605441239076,0.317,0.16,4.32051842048544e-189,"2","TMEM33"
1.53092545789636e-193,0.262382263360471,0.741,0.505,5.13441780069281e-189,"2","ELAVL3"
7.58296036420901e-193,0.684987339680382,0.275,0.115,2.54317324694842e-188,"2","GNAZ"
8.75030474182193e-193,0.765177207167626,0.281,0.112,2.93467720431224e-188,"2","SLC4A8"
4.29540984790918e-192,0.271442523739144,0.304,0.16,1.44059455479178e-187,"2","KLHL21"
4.88052789769396e-192,0.419179885594962,0.267,0.127,1.6368314463286e-187,"2","GCA"
1.10096777195032e-191,0.315409609393856,0.3,0.151,3.692425713567e-187,"2","TUBB"
5.4006144976484e-191,0.324955475928084,0.592,0.366,1.81125809022132e-186,"2","BOK"
8.53379286560188e-191,0.363084310345414,0.273,0.132,2.86206345126556e-186,"2","STK39"
1.07222945999458e-190,0.578532449076384,0.325,0.151,3.59604316292982e-186,"2","IDI1"
2.40166083907047e-190,0.280143828404548,0.325,0.175,8.05469012207454e-186,"2","ABL1"
3.17172143116678e-190,0.741926876980529,0.273,0.109,1.06373193358471e-185,"2","SH3BP5"
2.27353641087084e-189,0.365614088960163,0.877,0.636,7.62498641477863e-185,"2","DPYSL2"
1.04049391130389e-188,0.317276454011014,0.315,0.165,3.48960847973098e-184,"2","SLC22A15"
4.05855873542762e-188,0.285256024092645,0.705,0.474,1.36115942868772e-183,"2","CA2"
4.25542279414106e-188,0.287704055702886,0.286,0.147,1.42718369669903e-183,"2","NCSTN"
4.47191377741166e-188,0.387317061763986,0.31,0.155,1.49979044266832e-183,"2","IBTK"
5.4455597098544e-188,0.546157139412647,0.251,0.108,1.82633181549097e-183,"2","KLHL2"
5.59821050658596e-188,0.351294826729515,0.296,0.15,1.8775278396988e-183,"2","ABHD6"
9.23704529407142e-188,0.739383921942166,0.467,0.235,3.09792025072567e-183,"2","SPARC"
2.89014149921807e-187,0.365599782231728,0.295,0.145,9.69295656007755e-183,"2","PLEKHB2"
4.11024667903082e-187,0.285175005127323,0.28,0.145,1.37849453121336e-182,"2","FEZ2"
1.15711073545587e-186,0.359025572614433,0.283,0.142,3.88071798457189e-182,"2","DAD1"
1.31534117672501e-186,0.42379807127686,0.875,0.633,4.41139123850035e-182,"2","RTN3"
4.32506331992227e-186,0.399703621864097,0.268,0.128,1.45053973623553e-181,"2","ATOX1"
1.21976753764198e-185,0.2514651495794,0.323,0.178,4.09085636774368e-181,"2","OAT"
3.92675030096369e-185,0.767713330247179,0.255,0.099,1.3169535159372e-180,"2","GALNT7"
4.51594555680059e-184,0.467080789129289,0.253,0.115,1.51455782083978e-179,"2","FAM131B"
3.25963848895805e-183,0.493619147137679,0.276,0.126,1.09321755642675e-178,"2","ENOPH1"
8.36564128495667e-183,0.303788605847946,0.661,0.434,2.80566877414877e-178,"2","UBL3"
1.48206506025713e-182,0.371862959009518,0.288,0.142,4.97054979909037e-178,"2","FAM168B"
2.23181182975241e-182,0.264550789006278,0.292,0.154,7.48505051462365e-178,"2","PPP1R16B"
3.35478706581783e-182,0.426988240643711,0.265,0.124,1.12512848613398e-177,"2","SMIM13"
3.35587275791579e-182,0.369559457201247,0.979,0.824,1.1254926055498e-177,"2","PTGDS"
7.84084814589589e-182,0.389040267176112,0.277,0.137,2.62966365117057e-177,"2","SLC35A5"
1.72069094481392e-181,0.312499649942601,0.309,0.162,5.77085329071694e-177,"2","DCUN1D1"
1.19633260843234e-180,0.444107929099658,0.51,0.295,4.01226030216039e-176,"2","RSRP1"
2.23088543712447e-180,0.307037403395094,0.285,0.143,7.48194357902804e-176,"2","SMIM14"
8.91297352430516e-180,0.439175088394701,0.262,0.123,2.98923306058146e-175,"2","SELENOI"
1.1479646782622e-179,0.689273409780058,0.252,0.104,3.85004393795578e-175,"2","TMBIM1"
1.41576061896819e-179,0.252711265534692,0.3,0.161,4.74817796389552e-175,"2","FNTA"
2.03701958528416e-179,0.255621291327579,0.274,0.144,6.83175628512601e-175,"2","LAMTOR4"
3.72847182502617e-179,0.303411856564494,0.998,0.906,1.25045488067728e-174,"2","MBP"
7.40492896761623e-179,0.338180786161368,0.297,0.151,2.48346507715913e-174,"2","PCMT1"
2.14886008836866e-178,0.462362021826115,0.508,0.287,7.20684696437081e-174,"2","PMP2"
4.50580412340534e-178,0.481530190525768,0.338,0.169,1.51115658690768e-173,"2","PEG10"
6.36522338619953e-178,0.292263380586184,0.295,0.155,2.1347686192636e-173,"2","TMCC1"
2.91651617428381e-177,0.547744944195243,0.263,0.118,9.78141194531305e-173,"2","FDPS"
6.58486322815249e-177,0.361339798811376,0.984,0.849,2.20843142945778e-172,"2","RTN4"
2.49353844285763e-176,0.382026914875075,0.369,0.2,8.36282922965592e-172,"2","MAP2K4"
3.44168780230197e-176,0.325029031104599,0.282,0.145,1.15427325513604e-171,"2","SNX9"
3.78220950594728e-176,0.425389395011332,0.261,0.124,1.2684774241046e-171,"2","DEGS1"
1.47153178953014e-175,0.329614513648931,0.278,0.138,4.93522331572619e-171,"2","AGTPBP1"
1.13904341404071e-173,0.257853577247409,0.278,0.146,3.82012380200972e-169,"2","DMXL1"
1.66113056504576e-173,0.394777572415225,0.253,0.119,5.57109968905045e-169,"2","PPP1R14A"
2.14743497993291e-173,0.293469405878586,0.271,0.137,7.20206743569899e-169,"2","CNKSR3"
4.68694183752622e-173,0.479696757322786,0.255,0.118,1.57190655346954e-168,"2","VAMP3"
5.65251989780676e-170,0.307910103113748,0.987,0.852,1.89574212332643e-165,"2","CNP"
5.81277745790201e-170,0.314364247999819,0.255,0.127,1.94948930383118e-165,"2","JAKMIP2"
8.7561051928215e-170,0.679446056084537,0.538,0.298,2.93662255956847e-165,"2","STMN4"
1.03731764358195e-169,0.292494667824567,0.284,0.151,3.47895591304515e-165,"2","PDZD8"
8.02076968938373e-169,0.258740773604513,0.261,0.134,2.69000573842552e-164,"2","SOBP"
1.70854817615855e-167,0.296326167467166,0.268,0.14,5.73012887320056e-163,"2","HADHA"
8.17945745359748e-167,0.798731723111106,0.268,0.108,2.74322644078752e-162,"2","PRKX"
8.97133284201609e-166,0.282511187271739,0.272,0.143,3.00880560855536e-161,"2","HSD17B7"
1.15865218269691e-165,0.610157164267251,0.264,0.12,3.88588769032888e-161,"2","TMEM206"
1.49527596702715e-165,0.272756021527867,0.301,0.161,5.01485653821567e-161,"2","ARRDC3"
2.87221310417485e-165,0.3247396832066,0.27,0.138,9.6328283087816e-161,"2","SCG5"
3.11112353214175e-165,0.329592110632777,0.527,0.323,1.0434086102097e-160,"2","TXNIP"
7.13402231433102e-165,0.448987901605512,0.319,0.165,2.39260840378034e-160,"2","SAMD8"
4.00022237981449e-162,0.323065414037173,0.252,0.128,1.34159458174218e-157,"2","HINT3"
6.55736708306902e-160,0.406549337273641,0.582,0.365,2.19920977231969e-155,"2","HSPA8"
2.13487722737088e-159,0.272666817531377,0.271,0.145,7.15995124515644e-155,"2","TCEAL7"
2.7207569459416e-159,0.330856288703532,0.254,0.129,9.12487464529895e-155,"2","PFDN2"
5.85663074600771e-150,0.383657075106147,0.315,0.168,1.96419681959607e-145,"2","DNAJA4"
4.10569133836652e-137,0.505389054833271,0.307,0.158,1.37696676106136e-132,"2","AC018647.1"
1.99792931690348e-135,0.294409651344198,0.259,0.14,6.70065534303088e-131,"2","CNTNAP2"
5.63940028205904e-131,0.320970416140659,0.909,0.726,1.89134206659696e-126,"2","FTL"
3.90552058161547e-126,0.271744492009002,0.979,0.865,1.3098334926622e-121,"2","NEAT1"
3.41314279253139e-118,0.282117552748248,0.953,0.81,1.14469982975918e-113,"2","WSB1"
1.34164805807429e-99,0.771645124058707,0.264,0.127,4.49961925716955e-95,"2","NUPR1"
0,0.702800101708444,0.692,0.765,0,"3","MACF1"
0,0.718288150256869,0.504,0.56,0,"3","SRRM2"
0,0.928346038931609,0.835,0.786,0,"3","MT-ND1"
0,0.768191415700286,0.531,0.579,0,"3","BPTF"
0,0.872441065464199,0.943,0.958,0,"3","DST"
0,0.881648193344819,0.542,0.542,0,"3","MT-ND5"
3.06617139809078e-320,0.618122875285997,0.574,0.65,1.02833256349168e-315,"3","ZNF638"
1.77540417439169e-307,0.60898296158775,0.423,0.504,5.95435052007485e-303,"3","PRRC2C"
1.65034127095779e-301,1.1499673566478,0.667,0.635,5.53491455453823e-297,"3","MTRNR2L12"
1.50636434013373e-298,0.563977077125417,0.535,0.617,5.05204472394049e-294,"3","NKTR"
4.62017817512298e-298,0.907072723343982,0.886,0.818,1.54951535637275e-293,"3","MT-ND2"
2.14602456792639e-290,0.498047466896269,0.441,0.541,7.19733719591151e-286,"3","KMT2C"
7.08540339673221e-290,0.621002804134201,0.527,0.594,2.37630259119605e-285,"3","BAZ2B"
2.17432812948624e-288,0.542423097666873,0.445,0.554,7.29226168067095e-284,"3","AKAP9"
8.31789984479904e-287,0.66771260052195,0.323,0.384,2.7896572499487e-282,"3","SPECC1"
7.60472984767078e-284,0.503703951580686,0.454,0.552,2.55047429631183e-279,"3","KMT2A"
2.63778130665515e-283,0.562332415542075,0.351,0.426,8.84659094626003e-279,"3","USP34"
4.78294913580615e-282,0.825273389629056,0.834,0.807,1.60410548116667e-277,"3","MT-CO1"
5.79462601635065e-280,0.744234891834589,0.93,0.92,1.94340167336368e-275,"3","MT-CO3"
9.53564154661209e-279,0.452304041452791,0.427,0.531,3.19806346190276e-274,"3","ATM"
1.97868749617941e-278,0.474591326499511,0.312,0.405,6.6361221246865e-274,"3","PABPN1"
1.2266731446973e-276,0.690528275669807,0.468,0.508,4.11401639268579e-272,"3","MT-ND4L"
4.38815118284189e-274,0.495860411055939,0.425,0.517,1.47169814370151e-269,"3","MPHOSPH8"
4.72002673388571e-273,0.80231545513698,0.375,0.402,1.58300256601059e-268,"3","KNOP1"
3.01196528513786e-270,0.38622654120031,0.403,0.517,1.01015291732953e-265,"3","DOCK10"
4.04108470326739e-270,0.767336006155365,0.944,0.912,1.35529898778182e-265,"3","MT-CO2"
1.42160435597166e-269,0.61092008623438,0.458,0.507,4.76777668905775e-265,"3","RNF220"
1.59293552706818e-269,0.614844889938698,0.329,0.4,5.34238717068126e-265,"3","BRWD1"
3.35946307067806e-269,0.420355316060406,0.475,0.582,1.12669672464401e-264,"3","DOCK9"
4.60725121531805e-268,0.546117193008082,0.394,0.472,1.54517991259337e-263,"3","SRRM1"
5.5573651325554e-268,0.440462646377385,0.512,0.613,1.86382911815643e-263,"3","SRSF11"
1.17412433732267e-267,0.92002807044281,0.301,0.308,3.93777820251278e-263,"3","MYO9B"
1.69885896611722e-264,0.294509636234681,0.42,0.559,5.69763320056393e-260,"3","HNRNPA3"
2.90765921341607e-264,0.401040507970692,0.368,0.473,9.75170746995481e-260,"3","ASH1L"
1.51118744176169e-263,0.594428424032957,0.38,0.442,5.06822044218037e-259,"3","ZNF397"
1.64403899013555e-262,0.272339183480804,0.294,0.426,5.51377796511659e-258,"3","KANSL1"
2.06039491404043e-262,0.31864454287895,0.44,0.571,6.91015246270881e-258,"3","DNM3"
7.14334431573358e-262,0.730590297698926,0.333,0.377,2.39573481661073e-257,"3","BOD1L1"
6.40583153658876e-261,0.307717710088567,0.403,0.533,2.14838778074114e-256,"3","POGZ"
4.05270486569586e-260,0.352802723397199,0.419,0.55,1.35919615785708e-255,"3","ATRX"
4.51618256805639e-258,0.480726051149737,0.355,0.441,1.51463730967475e-253,"3","ZNF451"
7.59443788681361e-258,0.384166961507648,0.333,0.446,2.54702257847955e-253,"3","SLF2"
1.08463077936692e-257,0.662918285041687,0.326,0.382,3.63763470784077e-253,"3","SOX2"
9.53785248706934e-257,0.272092935379061,0.379,0.521,3.19880496711331e-252,"3","MDM4"
1.21704528367244e-256,0.773186692894566,0.923,0.888,4.08172647238063e-252,"3","MT-ND4"
1.29368182370648e-256,0.287142753955315,0.422,0.563,4.33875010034679e-252,"3","MYO6"
2.2375340687592e-256,0.969602182048242,0.928,0.877,7.50424175980462e-252,"3","NEAT1"
5.16565774414943e-256,0.280984567274969,0.326,0.461,1.73245829423284e-251,"3","NSD3"
5.90108521580662e-256,0.458266601074274,0.309,0.401,1.97910595967722e-251,"3","BIRC6"
1.23694015557529e-255,0.364567495308827,0.334,0.45,4.1484498937684e-251,"3","PRPF4B"
1.98461681854306e-255,0.26769696392718,0.481,0.624,6.65600788602971e-251,"3","ARGLU1"
3.86611539286275e-255,0.580928937921617,0.55,0.606,1.29661778045831e-250,"3","DLG1"
4.9460948352973e-255,0.251131043277372,0.289,0.419,1.65882128586201e-250,"3","PRMT2"
1.65822904435028e-254,0.383620553757468,0.439,0.557,5.56136856894196e-250,"3","DNAJB2"
3.0667585816576e-254,0.403602207567662,0.541,0.652,1.02852949311632e-249,"3","DICER1"
4.49851699747176e-254,0.481328493134897,0.276,0.361,1.50871263061208e-249,"3","ATXN2"
1.09887903472787e-253,0.452367140054822,0.704,0.801,3.68542050667033e-249,"3","LUC7L3"
1.2326500896979e-253,0.353855241403103,0.498,0.625,4.1340618708288e-249,"3","ARFGEF3"
5.84800649638909e-253,0.326472921109129,0.327,0.452,1.96130441875897e-248,"3","ANKRD11"
7.97744740913024e-253,0.400456177659578,0.376,0.481,2.6754763120741e-248,"3","CDC42BPA"
8.45201495207983e-253,0.306866053048258,0.341,0.473,2.83463677462853e-248,"3","TNRC6C"
9.04669814430489e-253,0.620586012605231,0.271,0.328,3.03408162363697e-248,"3","SNRNP70"
1.01842362805606e-252,0.312815168487525,0.358,0.486,3.41558916377441e-248,"3","RBM25"
1.33439830564008e-252,0.508846857112196,0.293,0.374,4.47530503745571e-248,"3","PWWP2A"
5.27645390096284e-252,0.393644146553653,0.377,0.487,1.76961710930492e-247,"3","FAM133B"
1.19394117506717e-251,0.693526201546125,0.627,0.633,4.00423991294027e-247,"3","CLMN"
2.75798778830917e-251,0.316325623082542,0.479,0.606,9.2497394444313e-247,"3","MAP4K5"
7.0011448037089e-250,0.345328869667905,0.324,0.441,2.34804394426789e-245,"3","AGO3"
1.16593893203889e-249,0.401130825379787,0.336,0.438,3.91032599027202e-245,"3","MAGI2"
1.7957159684996e-249,0.606009802504178,0.88,0.914,6.02247221515397e-245,"3","CCDC88A"
2.10725498440834e-249,0.57007022707729,0.557,0.614,7.06731176670868e-245,"3","ARAP2"
8.90736166975648e-249,0.375476420199613,0.538,0.66,2.98735095680293e-244,"3","HP1BP3"
2.51216165216562e-248,0.297238855591881,0.528,0.665,8.42528774903306e-244,"3","VPS13C"
4.88956265382384e-248,1.24185294371571,0.317,0.304,1.63986152283944e-243,"3","ANKRD18A"
6.31733695778582e-247,0.498173940709605,0.432,0.509,2.11870846890221e-242,"3","FRMD4B"
6.57192020558218e-247,0.475417140729313,0.272,0.358,2.20409059854815e-242,"3","SF3B2"
7.93398196115109e-247,0.37752629334921,0.264,0.37,2.66089887013085e-242,"3","SAMD4B"
4.43582331857324e-245,0.347497318979748,0.279,0.393,1.48768642458309e-240,"3","SCAF11"
6.08605660043203e-245,0.462650392067795,0.443,0.537,2.0411416626529e-240,"3","NUFIP2"
9.24107855783948e-245,0.302581633770681,0.317,0.439,3.0992729267282e-240,"3","LCOR"
1.16093775345611e-244,0.559425490573117,0.341,0.412,3.89355303754109e-240,"3","ANKRD36C"
2.18756976306786e-244,0.281690037532538,0.357,0.482,7.33667147137699e-240,"3","ARHGEF7"
8.59588981322878e-244,0.290716576249007,0.291,0.408,2.88288952556067e-239,"3","RALGAPA1"
8.67410733479155e-244,0.404525785405693,0.256,0.356,2.90912211794239e-239,"3","NCOR1"
1.03431247193261e-243,0.294300669704279,0.325,0.443,3.46887716836758e-239,"3","ACTN4"
5.05146757420288e-243,0.305461072352323,0.366,0.491,1.69416119503616e-238,"3","PCM1"
5.73180019252721e-243,0.289492132169908,0.362,0.488,1.92233114856978e-238,"3","DLG2"
2.49457798814288e-242,0.361050590981118,0.352,0.462,8.36631565663358e-238,"3","NIPBL"
2.34603134325007e-241,0.279281239694764,0.446,0.58,7.86811991899208e-237,"3","DYNC1LI2"
3.70738120314809e-241,0.682380044730578,0.279,0.334,1.24338150791181e-236,"3","NCKAP5"
9.0913985903389e-241,0.315608333733586,0.585,0.711,3.04907325922786e-236,"3","HNRNPDL"
9.75917988364993e-241,0.412238910290166,0.29,0.383,3.27303374937851e-236,"3","HOOK3"
1.1172932619668e-240,0.315007045534861,0.393,0.519,3.74717814198424e-236,"3","NASP"
1.58956514285838e-240,0.287659548518792,0.283,0.398,5.33108357611843e-236,"3","TCF25"
2.80202944405352e-240,0.522451461024717,0.329,0.397,9.39744634946669e-236,"3","AGO2"
1.00159731259113e-239,0.326624306488059,0.43,0.551,3.35915706696813e-235,"3","SIK3"
2.42776713739933e-239,0.482988165080052,0.282,0.37,8.14224542540986e-235,"3","KDM5A"
6.01976542295551e-239,0.302458372092584,0.447,0.573,2.01890892755082e-234,"3","DIP2B"
7.44364324956481e-239,0.331491499832996,0.535,0.66,2.49644907303905e-234,"3","P2RX7"
1.8751241635698e-238,0.37713247874497,0.396,0.506,6.2887914197804e-234,"3","PHIP"
2.40805377137378e-238,0.629000366868098,0.358,0.419,8.07613073843338e-234,"3","GOLGA4"
6.27164251435098e-238,0.377734623026781,0.28,0.38,2.10338346646303e-233,"3","CDK13"
7.15184580727822e-238,0.47312940211991,0.465,0.564,2.39858604684497e-233,"3","MAT2A"
8.34818130038206e-238,0.354146553206769,0.303,0.405,2.79981304452213e-233,"3","CCDC144A"
2.81595178052539e-237,0.345380068131274,0.314,0.425,9.44413908152606e-233,"3","ZNF292"
3.28413244040038e-237,0.544205420141322,0.782,0.842,1.10143233786148e-232,"3","PNISR"
1.74226335691953e-236,0.282574442104799,0.632,0.765,5.8432028464367e-232,"3","N4BP2L2"
1.80111533918515e-236,0.420716605734091,0.523,0.63,6.04058062455916e-232,"3","ANKRD12"
1.19619257617918e-235,0.351998689796073,0.508,0.626,4.01179066198972e-231,"3","ERBB3"
1.27402709080404e-235,0.619836209247796,0.265,0.315,4.27283205713858e-231,"3","FLCN"
6.71854829497715e-235,0.41010972157697,0.398,0.492,2.25326672716944e-230,"3","ZNF24"
8.87822750847094e-235,0.429795235358312,0.221,0.302,2.97757994179098e-230,"3","HERC2"
1.37652285146219e-234,0.281662742455442,0.245,0.357,4.61658233923389e-230,"3","DDX46"
6.08010843345933e-233,0.401554974450902,0.208,0.295,2.03914676641359e-228,"3","BSDC1"
6.10878361314867e-233,0.250760969631753,0.338,0.469,2.0487638481778e-228,"3","ANK2"
9.38007924209152e-233,0.620795151898842,0.305,0.352,3.14589097621266e-228,"3","PPP1R12B"
1.0466182499041e-232,0.302619729050395,0.261,0.378,3.51014828652839e-228,"3","APC"
1.01787385796976e-231,0.302504009249857,0.339,0.451,3.41374534485898e-227,"3","SMG1"
1.35963361877077e-231,0.528051088754937,0.315,0.382,4.55993923063341e-227,"3","MICAL3"
4.20100788110067e-231,0.361203910277866,0.283,0.388,1.40893402316354e-226,"3","ZNF704"
5.73112865885096e-231,0.522778978632569,0.259,0.325,1.92210592960544e-226,"3","ECPAS"
5.90405857668124e-231,0.370145350055362,0.444,0.558,1.98010316544736e-226,"3","PTK2"
7.63239863751479e-231,0.675813361392957,0.267,0.325,2.55975385504971e-226,"3","CEP290"
2.32648345155583e-230,0.300922368659339,0.281,0.396,7.80256019982794e-226,"3","GATAD1"
2.38533255576147e-230,0.290105496539185,0.288,0.406,7.99992832551283e-226,"3","TTC14"
4.08962661966343e-230,0.501699626216916,0.248,0.327,1.37157897570272e-225,"3","MGA"
1.04656692098238e-229,0.620876004840346,0.468,0.5,3.5099761395907e-225,"3","CDK18"
1.37547762521555e-229,0.573037304908928,0.278,0.343,4.61307685944791e-225,"3","ZBTB37"
8.12484066368842e-229,0.379501490267909,0.288,0.388,2.72490906178782e-224,"3","PHF3"
1.65794808382671e-228,0.658435287590152,0.27,0.329,5.56042628353802e-224,"3","GOLGB1"
1.19403809951758e-227,0.354095974886527,0.561,0.672,4.00456497816205e-223,"3","FMNL2"
3.20042091011564e-227,0.381626145363694,0.316,0.415,1.07335716483458e-222,"3","HBS1L"
4.09946983993645e-227,0.577670071402216,0.24,0.297,1.37488019491789e-222,"3","RNPC3"
4.27410219624755e-227,0.476880665711942,0.425,0.498,1.4334483945775e-222,"3","YPEL2"
7.73974044828648e-227,0.710342405194846,0.246,0.29,2.59575415154632e-222,"3","BDP1"
4.17026259844628e-226,0.357461340142006,0.302,0.4,1.39862267026691e-221,"3","ARHGAP23"
5.0888797990927e-226,0.254494762056037,0.256,0.37,1.70670850701971e-221,"3","ARHGEF2"
1.35904710708178e-225,0.301557776118564,0.305,0.413,4.55797218773087e-221,"3","FNIP1"
2.31207444633308e-225,0.27558427406817,0.263,0.368,7.75423527811189e-221,"3","AC005261.1"
7.93989599195671e-225,0.465879787586187,0.391,0.472,2.66288231778244e-220,"3","GNAO1"
1.62513789584635e-224,0.26844294560302,0.306,0.417,5.4503874750895e-220,"3","TIAL1"
1.69903279574021e-224,0.308152818342718,0.425,0.542,5.69821619035352e-220,"3","CAMK2N1"
2.09427940664883e-224,0.336878665397486,0.576,0.698,7.02379427401883e-220,"3","TNRC6B"
2.84869021468448e-224,0.567995957011069,0.436,0.48,9.55393724200881e-220,"3","CD22"
4.35026313349005e-224,0.320275788886035,0.299,0.402,1.45899124970989e-219,"3","IQGAP1"
6.20685953577845e-224,0.291851560774376,0.235,0.344,2.08165655110938e-219,"3","CPEB2"
5.91682584451454e-223,0.517493879479911,0.258,0.327,1.98438505173329e-218,"3","ZC3H13"
9.32786124580482e-223,0.519386931974,0.564,0.615,3.12837810461802e-218,"3","DOCK5"
9.40470830515742e-223,0.457092649356276,0.41,0.481,3.1541510713837e-218,"3","PDE8A"
1.05972606207554e-222,0.262689777454058,0.249,0.364,3.55410926698894e-218,"3","TTC37"
1.31180101876497e-222,0.439536604493598,0.25,0.331,4.39951825673396e-218,"3","NEMF"
7.74266184442705e-222,0.358239167466476,0.676,0.788,2.59673392938394e-217,"3","ZEB2"
4.26301786735556e-221,0.266110779682042,0.227,0.334,1.42973093235371e-216,"3","MARK3"
4.32490339125405e-221,0.597692755115766,0.207,0.263,1.45048609935878e-216,"3","SAFB2"
1.21971775757971e-220,0.373742692653228,0.269,0.363,4.09068941537082e-216,"3","ATXN1"
3.067525593299e-220,0.325444073078668,0.187,0.282,1.02878673348062e-215,"3","RNF213"
8.32077733834093e-220,0.418877893416353,0.465,0.568,2.79062230373278e-215,"3","PHLDB1"
2.01172814260216e-218,0.273560318957636,0.267,0.374,6.74693384465912e-214,"3","KIAA1147"
2.12782897056625e-218,0.411421202921081,0.215,0.299,7.1363128014851e-214,"3","SLTM"
3.96242362256593e-218,0.514930744953951,0.216,0.282,1.32891763453616e-213,"3","PCF11"
1.57537745609901e-217,0.360400174496461,0.458,0.566,5.28350091226488e-213,"3","ELAVL3"
5.11919876448134e-217,0.298089407322793,0.248,0.352,1.71687688163175e-212,"3","PHC3"
6.01451605174875e-217,0.323955696858235,0.297,0.403,2.01714839343549e-212,"3","PURA"
6.0161376202363e-217,0.398878336373564,0.501,0.599,2.01769223507485e-212,"3","CREB5"
9.00021458321666e-217,0.39812847581628,0.248,0.336,3.0184919669192e-212,"3","PHACTR4"
2.78057557513597e-216,0.307127031856303,0.23,0.328,9.32549436389103e-212,"3","PURB"
4.43556303680314e-216,0.612077353678035,0.212,0.264,1.48759913128304e-211,"3","FAM13B"
4.48573078623709e-216,0.652044578409905,0.336,0.378,1.50442439108819e-211,"3","PIEZO2"
1.33549084030273e-215,0.318448126768758,0.373,0.486,4.4789691802073e-211,"3","ADD1"
5.60173686424376e-215,0.378794860146367,0.271,0.365,1.87871050953007e-210,"3","CALD1"
8.71056025461439e-215,0.493178851916465,0.26,0.323,2.92134769819258e-210,"3","NAIP"
6.96253360526991e-214,0.390119735680753,0.283,0.375,2.33509452053542e-209,"3","MYO5A"
7.85089249002155e-214,0.259662796794861,0.245,0.352,2.63303232330343e-209,"3","TNRC6A"
1.83566125124109e-213,0.464344592430162,0.252,0.328,6.15644070441237e-209,"3","KIF13B"
4.09370086618725e-213,0.585776314110465,0.241,0.29,1.37294539650188e-208,"3","SFSWAP"
1.07726928538175e-212,0.370268498996962,0.258,0.345,3.61294572931333e-208,"3","CHD4"
1.09204301780971e-212,0.26120589728891,0.226,0.332,3.66249387313019e-208,"3","TOB2"
3.02846333505634e-212,0.408739867321168,0.226,0.307,1.01568603331119e-207,"3","NSD1"
3.07973407356805e-212,0.305703905118393,0.319,0.424,1.03288121359325e-207,"3","CDK19"
3.10507859870674e-212,0.406988534738327,0.216,0.299,1.04138126043427e-207,"3","CNOT2"
8.19752196383521e-212,0.327571866436845,0.371,0.481,2.74928491623105e-207,"3","PLEKHA1"
8.90516718792953e-212,0.682814604238451,0.211,0.253,2.9866149714878e-207,"3","RBM33"
1.48759051984302e-211,0.275422886423693,0.253,0.365,4.98908108544953e-207,"3","JPX"
1.73482791122718e-211,0.754323133194482,0.877,0.844,5.81826584867373e-207,"3","MT-CYB"
2.11598386913152e-211,0.401835024639917,0.206,0.294,7.09658670029329e-207,"3","RB1CC1"
3.85974525965341e-210,0.286659368794118,0.304,0.409,1.29448136518256e-205,"3","ADAM10"
1.68404771524199e-209,0.465856496358685,0.226,0.298,5.64795922737858e-205,"3","UBN2"
2.62179192970248e-209,0.381255504700154,0.316,0.408,8.79296577383619e-205,"3","CEP350"
8.33622999553298e-209,0.330965209984272,0.523,0.633,2.79580481590185e-204,"3","PRUNE2"
1.29721561692299e-208,0.51437693232201,0.208,0.271,4.35060173603633e-204,"3","SETD2"
2.81030684606713e-208,0.38822444764605,0.206,0.289,9.42520710033994e-204,"3","MECP2"
3.52346053285319e-208,0.373332947010148,0.231,0.318,1.1816981935083e-203,"3","TUT4"
4.49258837466065e-208,0.31586126190289,0.224,0.323,1.50672428909369e-203,"3","MINDY2"
8.11839281070105e-208,0.355265683766061,0.175,0.257,2.72274658085292e-203,"3","MAP3K11"
1.96630721806108e-207,0.437695366339344,0.182,0.259,6.59460114793324e-203,"3","KIAA2026"
3.4006152001257e-207,0.361759194888333,0.208,0.298,1.14049832581816e-202,"3","PRPF38B"
6.09049292843785e-206,0.316826059280346,0.387,0.496,2.04262951833948e-201,"3","LPGAT1"
2.0498698852347e-204,0.328570837275107,0.269,0.367,6.87485362110015e-200,"3","MYCBP2"
2.58904472674455e-203,0.271574503323387,0.426,0.546,8.68313820455587e-199,"3","TTC3"
6.86115326159301e-203,0.435710460828629,0.851,0.907,2.30109358087306e-198,"3","DDX17"
7.07477846806445e-203,0.279456009296549,0.208,0.309,2.37273920261946e-198,"3","CTTNBP2"
8.23663610364339e-203,0.410102836924444,0.233,0.311,2.76240301643992e-198,"3","CCNL1"
9.96437377772437e-203,0.430022438849651,0.195,0.271,3.3418516775732e-198,"3","RBM28"
1.37416010859909e-202,0.48104029926258,0.535,0.599,4.60865817221963e-198,"3","AATK"
1.94399412443824e-202,0.481007685708138,0.731,0.784,6.51976749454098e-198,"3","NFASC"
2.04051397845423e-202,0.29711384172637,0.261,0.357,6.84347578093981e-198,"3","OTUD7B"
2.12174582169343e-202,0.500151062448435,0.234,0.296,7.11591113679544e-198,"3","ZFC3H1"
4.57333993121475e-202,0.492798708296366,0.48,0.539,1.5338067461308e-197,"3","SYNJ2"
9.409233489887e-202,0.328818441381458,0.211,0.3,3.1556687278383e-197,"3","RUFY2"
2.08236153925021e-201,0.270328935015047,0.193,0.29,6.98382413033735e-197,"3","DOCK4"
2.18233879187693e-201,0.326805012150917,0.388,0.49,7.31912784019686e-197,"3","KCNJ2"
2.58733543381587e-201,0.357565119455497,0.242,0.327,8.67740557793165e-197,"3","DIP2A"
8.91275248102234e-201,0.28700091788536,0.194,0.29,2.98915892708527e-196,"3","KAT6A"
1.25447416604017e-200,0.472054425564536,0.191,0.258,4.20725545806551e-196,"3","MLH3"
1.05255684272027e-199,0.404655010177874,0.269,0.354,3.53006513911523e-195,"3","PCSK7"
1.64836303602823e-199,0.272039266330537,0.227,0.324,5.52827995023147e-195,"3","ELL2"
5.80477452024482e-199,0.472834257705326,0.291,0.357,1.94680527859971e-194,"3","PLEKHG3"
9.12822982772428e-199,0.280324441216976,0.223,0.316,3.06142571962217e-194,"3","UBR3"
2.55686702417206e-198,0.324755752800338,0.364,0.473,8.57522062566827e-194,"3","GABPB1-AS1"
4.14854346613843e-198,0.873836896012071,0.256,0.258,1.39133850767351e-193,"3","MCF2L"
4.21087861416731e-198,0.310109718908153,0.686,0.796,1.41224446961943e-193,"3","ARHGAP21"
6.39555509730451e-198,0.420992873971335,0.191,0.265,2.14494126853399e-193,"3","ZBTB16"
8.33897029916896e-198,0.343226905778336,0.267,0.355,2.79672385893529e-193,"3","MUC20-OT1"
9.49331666744868e-198,0.258907657508783,0.226,0.332,3.18386854392894e-193,"3","ABI2"
3.197380165532e-197,0.432360596748553,0.223,0.297,1.07233735991612e-192,"3","ANKRD36"
3.32611750950354e-197,0.424914217394301,0.204,0.276,1.1155132903373e-192,"3","HERC1"
3.34901180573845e-197,0.278318474430674,0.389,0.501,1.12319157940856e-192,"3","DAAM2"
6.89245969533047e-197,0.380299802754029,0.261,0.347,2.31159313261993e-192,"3","CHD7"
2.19563794268669e-196,0.260350612095119,0.182,0.277,7.36373053218263e-192,"3","RNMT"
2.20362556052836e-195,0.264024235677503,0.198,0.293,7.39051940490001e-191,"3","MRPS5"
1.16817250004618e-193,0.522794218059495,0.269,0.325,3.91781693065487e-189,"3","MTURN"
1.22117629638992e-193,0.273957232690321,0.201,0.293,4.09558106283252e-189,"3","DOCK1"
1.6051537095034e-193,0.417384620223403,0.238,0.314,5.38336451093249e-189,"3","SHPRH"
3.65616420506237e-193,0.424690328197639,0.349,0.428,1.22620435109382e-188,"3","POLR2F"
8.1685838006056e-193,0.306915034874657,0.212,0.304,2.7395796350471e-188,"3","PNN"
1.02533162609191e-192,0.414287155384035,0.668,0.741,3.43875720758703e-188,"3","PXK"
1.59787449766023e-192,0.462283458191888,0.201,0.27,5.35895149025289e-188,"3","RBBP6"
2.08965299385294e-192,0.432501806271524,0.206,0.276,7.008278210784e-188,"3","NUTM2B-AS1"
2.61692280436712e-192,0.251241452071122,0.174,0.273,8.77663570128643e-188,"3","BTBD8"
1.03050895860277e-191,0.388286116542251,0.649,0.721,3.45612094536197e-187,"3","MAP4K4"
1.04262332930032e-191,0.484821983886107,0.72,0.76,3.49675012180743e-187,"3","FRYL"
3.63134011671638e-191,0.473287434469138,0.226,0.287,1.21787884834434e-186,"3","CDC14B"
7.97909734587073e-191,0.544997624623113,0.243,0.301,2.67602966785812e-186,"3","TRIP11"
2.3756942776069e-190,0.533492846464718,0.686,0.72,7.96760346823801e-186,"3","ERBIN"
1.14137137464856e-189,0.312361583548367,0.178,0.264,3.82793131629635e-185,"3","CWF19L2"
1.31132580829086e-189,0.312366481684758,0.222,0.308,4.39792449584588e-185,"3","DMTF1"
1.6565450282444e-189,0.326918779998531,0.245,0.332,5.55572071572606e-185,"3","ARHGEF10"
4.74867045766208e-189,0.322121584864407,0.224,0.307,1.59260909809071e-184,"3","EZH1"
4.8353749571584e-189,0.282576711687053,0.298,0.401,1.62168805313178e-184,"3","ASPA"
7.36783285555746e-189,0.372627008996252,0.245,0.327,2.47102378309686e-184,"3","NKX6-2"
2.38559055158096e-188,0.534874890022208,0.207,0.257,8.00079359189224e-184,"3","RBM48"
4.69460267365979e-188,0.474540709269381,0.209,0.268,1.57447584469202e-183,"3","TMC6"
6.51886386528315e-188,0.386445129399072,0.551,0.626,2.18629656313866e-183,"3","TMEM165"
3.79036026440764e-187,0.388725096570498,0.433,0.518,1.27121102547703e-182,"3","KIAA0930"
1.46663352912129e-186,0.465397462229286,0.197,0.265,4.91879552996697e-182,"3","SACS"
3.10253393761479e-186,0.323002674484916,0.179,0.259,1.04052783199725e-181,"3","CFLAR"
4.39855408884664e-186,0.423498374088701,0.205,0.271,1.47518707031739e-181,"3","PSME4"
6.31069991090262e-186,0.380501854759719,0.226,0.305,2.11648253611852e-181,"3","ZMYND8"
1.04507108225527e-185,0.367810879416591,0.225,0.3,3.50495939566773e-181,"3","ZNF706"
1.22636225023031e-185,0.483690147275928,0.197,0.257,4.11297371482241e-181,"3","FAM53B"
1.13674218257635e-184,0.726859445086146,0.281,0.293,3.81240593192455e-180,"3","KCNH8"
1.56900374090776e-184,0.306928729300927,0.181,0.267,5.26212474625646e-180,"3","INO80D"
9.16796140139358e-184,0.692898726984848,0.303,0.327,3.07475089479938e-179,"3","BIN1"
1.09041832505752e-183,0.405523392827295,0.19,0.261,3.6570449785779e-179,"3","TJAP1"
1.16572700023095e-183,0.287906296111659,0.278,0.376,3.90961521337457e-179,"3","TMTC2"
2.57425464052267e-183,0.494593215494076,0.206,0.268,8.63353521338492e-179,"3","TPR"
3.25545874710074e-183,0.563904021893199,0.715,0.722,1.09181575460264e-178,"3","CCP110"
4.41429286510142e-183,0.286206511431976,0.238,0.333,1.48046554109772e-178,"3","CPM"
4.94188212902405e-183,0.343673295067599,0.225,0.309,1.65740842843209e-178,"3","CCDC82"
8.46033380279096e-183,0.303519567664547,0.175,0.259,2.83742675078003e-178,"3","TOGARAM1"
2.84791574796798e-182,0.294056220998757,0.185,0.27,9.55133983553501e-178,"3","SSFA2"
2.96443600334055e-182,0.29631687109213,0.168,0.255,9.94212546800355e-178,"3","CCAR1"
1.35050111095926e-181,0.657306674265654,0.934,0.905,4.52931062593518e-177,"3","MT-ATP6"
7.19988593689954e-181,0.356319134347781,0.502,0.602,2.41469774551737e-176,"3","ZFYVE16"
3.50489042107584e-180,0.318275596186774,0.176,0.253,1.17547014942041e-175,"3","LRRFIP2"
1.7164194393957e-179,0.263781295856699,0.169,0.253,5.75652751584529e-175,"3","TTBK2"
3.40426728541255e-179,0.328720234135863,0.211,0.302,1.14172316218166e-174,"3","THOC2"
5.68950295692745e-179,0.419443336467073,0.4,0.466,1.90814550169433e-174,"3","SRCIN1"
1.8554249506086e-178,0.388667783676814,0.183,0.251,6.22272419935113e-174,"3","NPIPB5"
2.23320061192327e-176,0.271530117494595,0.165,0.251,7.48970821226825e-172,"3","LONP2"
4.9902947464197e-176,0.461148072617881,0.213,0.27,1.67364505205424e-171,"3","SH3GL3"
7.09312587316418e-176,0.463297284501463,0.192,0.256,2.3788925553418e-171,"3","GCC2"
1.12233668644103e-175,0.380240681763343,0.197,0.271,3.76409277898591e-171,"3","XRN1"
1.63087430079776e-175,0.650097938721351,0.958,0.944,5.46962623001551e-171,"3","MT-ND3"
2.60346017054973e-175,0.357029795438626,0.178,0.253,8.73148471998968e-171,"3","AL021368.2"
7.40700134039225e-175,0.401423987675871,0.198,0.265,2.48416010954075e-170,"3","WDFY2"
6.40008381578745e-174,0.401830764250936,0.439,0.543,2.14646011013879e-169,"3","KCNQ1OT1"
1.36802886607849e-173,0.41170349165231,0.194,0.26,4.58809521105404e-169,"3","NAA25"
5.35235651721766e-173,0.278770123273964,0.186,0.268,1.79507332874446e-168,"3","SUGP2"
5.00648985171113e-172,0.329952062501842,0.177,0.251,1.67907656646688e-167,"3","NDUFA10"
5.2302651454813e-172,0.394044498239208,0.734,0.806,1.75412632449152e-167,"3","ANK3"
6.77600062961788e-172,0.260416021209739,0.165,0.256,2.27253509116125e-167,"3","PPIG"
3.30789986732821e-170,0.42671500604161,0.198,0.261,1.10940345750454e-165,"3","DDX3Y"
6.64579618490788e-170,0.534016793611939,0.204,0.253,2.22886712449441e-165,"3","LENG8"
1.31488333042568e-168,0.342009722232566,0.191,0.267,4.40985571358165e-164,"3","RASGRP3"
2.56881575806733e-167,0.474680453334503,0.193,0.25,8.61529428940622e-163,"3","HCG18"
1.29749942654726e-166,0.35262940580492,0.495,0.576,4.3515535767542e-162,"3","MAN2A1"
3.18374755257187e-166,0.269100624972556,0.191,0.272,1.06776525418155e-161,"3","PEAK1"
3.16523031003929e-165,0.470726382957579,0.233,0.288,1.06155494138098e-160,"3","SEMA3B"
6.45754189600091e-165,0.341994146534808,0.183,0.255,2.16573040108079e-160,"3","ZNF37A"
6.60705648884185e-163,0.348953822602065,0.584,0.661,2.21587460522778e-158,"3","MYRF"
2.12340538900644e-162,0.405241289475685,0.257,0.326,7.12147699364981e-158,"3","FNIP2"
1.69669080528852e-159,0.311029274679652,0.293,0.384,5.69036162277663e-155,"3","LRP2"
1.3924548872758e-158,0.306008240827743,0.183,0.256,4.67001520094558e-154,"3","AHI1"
1.11373289711116e-157,0.290791124329402,0.473,0.564,3.73523739033141e-153,"3","NCOA7"
7.07172812228708e-157,0.378726091074907,0.573,0.638,2.37171617765264e-152,"3","PLEKHH1"
7.68551757604731e-157,0.433986622052521,0.628,0.672,2.57756888465475e-152,"3","ST18"
1.16569881918545e-156,0.346051582142675,0.448,0.528,3.90952069978415e-152,"3","TMEM63A"
1.12723163638854e-148,0.502343791152902,0.337,0.393,3.78050946211988e-144,"3","GREM1"
1.46517826802547e-146,0.278526083957742,0.19,0.26,4.91391487530383e-142,"3","SHC4"
1.63253042765838e-143,0.411393130033407,0.688,0.727,5.47518054828067e-139,"3","SHTN1"
1.41188206263646e-130,0.567266408756151,0.557,0.568,4.73517006167016e-126,"3","CERCAM"
1.14934833440823e-128,0.293385092530229,0.213,0.282,3.85468444393833e-124,"3","LDB3"
7.60617945524698e-124,0.293796094166328,0.192,0.252,2.55096046570073e-119,"3","PLXDC2"
1.32595820573522e-116,0.280781353777584,0.602,0.673,4.44699863039479e-112,"3","ABCA8"
2.35801136125671e-115,0.386329159489794,0.573,0.607,7.90829850338275e-111,"3","ABCA2"
1.13856633733582e-113,0.418289707185235,0.839,0.851,3.81852378215689e-109,"3","TTLL7"
3.29138922308052e-90,0.352316326325401,0.963,0.98,1.10386611763674e-85,"3","PCDH9"
2.38740750106218e-35,0.262910716365091,0.225,0.262,8.00688727706234e-31,"3","XIST"
0,9.09335603776098,0.979,0.014,0,"4","VCAN"
0,8.74701810867411,0.982,0.019,0,"4","PTPRZ1"
0,8.9734376637835,0.968,0.011,0,"4","TNR"
0,9.50400954439884,0.887,0.004,0,"4","PDGFRA"
0,6.38818467218828,0.859,0.025,0,"4","NRCAM"
0,4.95088938247191,0.928,0.106,0,"4","MEG3"
0,5.44472840973264,0.867,0.053,0,"4","NRXN1"
0,4.57432301532228,0.919,0.107,0,"4","BCAN"
0,4.6003633173232,0.864,0.087,0,"4","GPM6A"
0,5.42252570041885,0.811,0.043,0,"4","LRP1"
0,7.97732828604624,0.774,0.006,0,"4","SOX6"
0,4.98113333126813,0.828,0.071,0,"4","MARCKS"
0,5.99605267496801,0.767,0.02,0,"4","CHL1"
0,4.27094381622842,0.817,0.072,0,"4","SLC1A2"
0,8.1863636566272,0.746,0.005,0,"4","MMP16"
0,7.05087278632227,0.743,0.01,0,"4","SCN1A"
0,4.30965717258251,0.812,0.115,0,"4","SMOC1"
0,6.90623893935185,0.694,0.009,0,"4","LUZP2"
0,6.1376793564019,0.704,0.02,0,"4","PHLDA1"
0,11.0028934186525,0.679,0.001,0,"4","PCDH15"
0,3.86968031771339,0.757,0.097,0,"4","MAP2"
0,4.51702375382432,0.719,0.059,0,"4","CCDC50"
0,3.77259288857361,0.748,0.102,0,"4","ABHD2"
0,5.09231051615916,0.663,0.034,0,"4","SERPINE2"
0,6.1341818508475,0.636,0.013,0,"4","ADGRG1"
0,8.66079510112212,0.622,0.002,0,"4","COL9A1"
0,8.26528016964561,0.623,0.003,0,"4","LRRK2"
0,5.64941048518071,0.635,0.018,0,"4","NTRK3"
0,5.58999664923225,0.636,0.024,0,"4","CACNA1A"
0,8.74186590247183,0.609,0.002,0,"4","DSCAM"
0,3.83339725499268,0.716,0.111,0,"4","TNK2"
0,7.76190467061449,0.608,0.004,0,"4","SULF2"
0,3.61210295972802,0.705,0.106,0,"4","LRRC4C"
0,7.90040726059886,0.6,0.005,0,"4","MEGF11"
0,3.8930123870367,0.669,0.077,0,"4","PDZD2"
0,4.55222059447375,0.627,0.035,0,"4","ATP1A2"
0,8.05916731672803,0.592,0.004,0,"4","COL11A1"
0,4.15022378620123,0.635,0.049,0,"4","CNTN1"
0,9.10995920040911,0.582,0.001,0,"4","FERMT1"
0,3.9304386033616,0.665,0.088,0,"4","SEMA5A"
0,2.85364168123388,0.809,0.235,0,"4","NOVA1"
0,3.17677896544513,0.683,0.114,0,"4","CPE"
0,3.0832138773549,0.951,0.383,0,"4","GRIA2"
0,5.31493680411504,0.585,0.022,0,"4","SDC3"
0,3.62246831302052,0.63,0.076,0,"4","FGFR1"
0,2.85999224982385,0.694,0.145,0,"4","SPARCL1"
0,5.45870333329943,0.566,0.022,0,"4","OPHN1"
0,3.54406957463682,0.622,0.081,0,"4","TSPAN7"
0,10.0071278916155,0.539,0,0,"4","CSPG4"
0,3.45729357553746,0.646,0.115,0,"4","C1orf61"
0,5.21838313083632,0.558,0.028,0,"4","CSPG5"
0,6.03523609434515,0.539,0.011,0,"4","SEZ6L"
0,4.77305350522987,0.553,0.026,0,"4","PCDH7"
0,5.7102702203098,0.54,0.014,0,"4","ATCAY"
0,2.92895902797333,0.675,0.152,0,"4","GPR37L1"
0,6.21492483781425,0.532,0.01,0,"4","UNC80"
0,5.33300912904516,0.533,0.016,0,"4","ZFP36L1"
0,2.70452085236825,0.729,0.217,0,"4","TSC22D1"
0,4.30748988575775,0.554,0.043,0,"4","RAB31"
0,7.01488437642054,0.516,0.006,0,"4","GPR17"
0,3.40174476480207,0.584,0.077,0,"4","CST3"
0,3.64730047530371,0.562,0.056,0,"4","PLEKHH2"
0,4.4513014703494,0.534,0.029,0,"4","SCN2A"
0,6.83277801734896,0.511,0.007,0,"4","DGKG"
0,7.73667521256573,0.503,0.003,0,"4","HIF3A"
0,4.98028629004329,0.52,0.021,0,"4","LRRN1"
0,9.45858457950627,0.492,0.001,0,"4","MYT1"
0,6.95397738591324,0.492,0.005,0,"4","SNTG1"
0,3.39876417851873,0.563,0.077,0,"4","FXYD6"
0,4.76753397879365,0.51,0.025,0,"4","SCG3"
0,4.9285775114357,0.508,0.024,0,"4","MEG8"
0,4.6427179205004,0.509,0.027,0,"4","CSMD3"
0,6.00264848779782,0.49,0.009,0,"4","SCN3A"
0,4.45503511006408,0.508,0.035,0,"4","NLGN4X"
0,2.87571879664672,0.605,0.136,0,"4","ITM2C"
0,2.21609555616247,0.733,0.269,0,"4","OLIG2"
0,2.38136161633059,0.648,0.186,0,"4","TRIM9"
0,6.07458406202961,0.471,0.009,0,"4","ETV1"
0,2.14866153628414,0.686,0.225,0,"4","NTRK2"
0,7.30186515219,0.458,0.004,0,"4","AFAP1L2"
0,6.82577399887141,0.458,0.005,0,"4","SLC35F1"
0,4.55480030872155,0.488,0.036,0,"4","RXRA"
0,2.7724439333852,0.569,0.124,0,"4","DPP6"
0,1.9356887746818,0.872,0.428,0,"4","NTM"
0,6.79859727276422,0.448,0.005,0,"4","KCNIP4-IT1"
0,5.57554630699986,0.453,0.011,0,"4","OPCML"
0,5.34206715932741,0.451,0.014,0,"4","MIAT"
0,5.01914664924666,0.458,0.023,0,"4","SOX4"
0,3.6398790363816,0.479,0.046,0,"4","GRID2"
0,9.88656298163576,0.433,0.001,0,"4","ASIC4"
0,7.96008935850869,0.433,0.002,0,"4","PRRX1"
0,2.35085351021499,0.621,0.191,0,"4","MAPK10"
0,6.38174605022014,0.436,0.007,0,"4","CMYA5"
0,3.16407535704398,0.509,0.084,0,"4","LRP1B"
0,1.84593366040214,0.695,0.272,0,"4","SLC6A1"
0,3.60027651550668,0.462,0.047,0,"4","GNPTAB"
0,2.11603502856275,0.859,0.444,0,"4","EPN2"
0,8.33905223235812,0.418,0.003,0,"4","GPNMB"
0,3.5526502925655,0.47,0.055,0,"4","GRIA3"
0,2.8038768116432,0.507,0.093,0,"4","ADGRL3"
0,2.85276738039307,0.513,0.1,0,"4","KHDRBS3"
0,7.28216841454118,0.412,0.003,0,"4","CHST11"
0,3.13934241792652,0.478,0.071,0,"4","ATP2B4"
0,3.30089440322253,0.467,0.061,0,"4","APCDD1"
0,2.78158700859143,0.503,0.098,0,"4","GPR155"
0,2.37683661410232,0.56,0.156,0,"4","ZNF462"
0,2.59961512744303,0.513,0.114,0,"4","PLPPR1"
0,2.4639275375841,0.502,0.105,0,"4","THY1"
0,2.10168371806773,0.792,0.397,0,"4","OLIG1"
0,5.25529446277641,0.404,0.011,0,"4","GRM5"
0,3.20772091668628,0.452,0.06,0,"4","LRRTM3"
0,2.36318000065922,0.517,0.131,0,"4","SAT1"
0,7.32526510203689,0.388,0.003,0,"4","ASCL1"
0,2.93538973134305,0.469,0.084,0,"4","PRKCA"
0,8.64020868632057,0.383,0.001,0,"4","CALCRL"
0,2.60257921077581,0.5,0.118,0,"4","REV3L"
0,3.54965603161503,0.441,0.059,0,"4","XYLT1"
0,2.94104627160323,0.475,0.094,0,"4","SCRG1"
0,6.03856081476603,0.379,0.006,0,"4","SOX5"
0,4.77453376942166,0.393,0.022,0,"4","MGLL"
0,2.13003761762471,0.648,0.278,0,"4","AC009041.2"
0,3.05931581402118,0.442,0.072,0,"4","GOLGA8A"
0,2.97459208255415,0.438,0.07,0,"4","ABAT"
0,1.97265605035418,0.598,0.23,0,"4","CLSTN1"
0,5.0425824818885,0.381,0.013,0,"4","KCNMA1"
0,1.86738133701133,0.629,0.261,0,"4","PTN"
0,3.48188661511294,0.404,0.041,0,"4","ILDR2"
0,5.93930427337557,0.37,0.007,0,"4","ZEB1"
0,2.67680216021909,0.437,0.076,0,"4","SLITRK5"
0,3.7248375919086,0.396,0.036,0,"4","CACNB4"
0,4.76858561675336,0.374,0.014,0,"4","ATRNL1"
0,4.73357935523534,0.378,0.018,0,"4","B3GAT2"
0,2.88012453250502,0.438,0.078,0,"4","TRIO"
0,4.10509026477714,0.381,0.022,0,"4","ATP1B2"
0,3.12590209866567,0.428,0.071,0,"4","SNX22"
0,2.38751234460447,0.481,0.124,0,"4","ZMAT3"
0,1.63501490734906,0.733,0.377,0,"4","HIP1R"
0,6.85122909511053,0.361,0.005,0,"4","IL1RAP"
0,2.41029442441446,0.503,0.149,0,"4","GRIA4"
0,2.59445942784109,0.462,0.109,0,"4","ALDOC"
0,3.74966005373538,0.383,0.03,0,"4","CELF2"
0,6.15541879469983,0.358,0.005,0,"4","OLFM2"
0,3.35578433286709,0.41,0.059,0,"4","BMP7"
0,5.77062994430548,0.362,0.011,0,"4","C3orf70"
0,1.52405905340006,0.772,0.424,0,"4","NAV1"
0,7.29624247262716,0.35,0.003,0,"4","PTPRG"
0,2.94793713914568,0.412,0.067,0,"4","ASIC1"
0,6.06249932956745,0.349,0.005,0,"4","CA10"
0,3.37774041323598,0.378,0.034,0,"4","NSG2"
0,7.2522928709028,0.347,0.003,0,"4","SCN9A"
0,2.76588974549689,0.422,0.079,0,"4","CSRNP3"
0,5.53070410336794,0.345,0.007,0,"4","FLRT2"
0,5.30234821605121,0.342,0.01,0,"4","MPZL1"
0,2.9437703360719,0.409,0.077,0,"4","WSCD1"
0,6.23516488239369,0.333,0.005,0,"4","IGSF21"
0,3.17333485691762,0.386,0.059,0,"4","GLCCI1"
0,3.30774206313748,0.362,0.035,0,"4","RUNX1T1"
0,6.28675036231162,0.328,0.004,0,"4","CDH10"
0,3.0983567393385,0.375,0.052,0,"4","MAML2"
0,7.11177523558943,0.323,0.003,0,"4","NKAIN4"
0,3.21800901773593,0.372,0.052,0,"4","PTPRE"
0,3.62532726588544,0.345,0.029,0,"4","TMEM132B"
0,3.44474078386206,0.345,0.03,0,"4","LMO3"
0,8.53668000582984,0.314,0.001,0,"4","STK32A"
0,5.81391177175226,0.317,0.006,0,"4","EGFR"
0,3.75250514189182,0.335,0.024,0,"4","SCG2"
0,5.22253541999,0.316,0.008,0,"4","TIMP3"
0,5.83580682637802,0.312,0.005,0,"4","B3GNT7"
0,6.76078639150714,0.31,0.003,0,"4","CACNG4"
0,4.97688595778879,0.317,0.01,0,"4","FGF14"
0,1.46722796944993,0.78,0.475,0,"4","DNER"
0,5.51196273990325,0.311,0.006,0,"4","XKR4"
0,4.31461771044825,0.319,0.015,0,"4","JPH4"
0,7.80026747771452,0.304,0.001,0,"4","BRINP3"
0,5.03444476677344,0.312,0.01,0,"4","SHC3"
0,7.24797390046224,0.304,0.002,0,"4","ST6GAL2"
0,8.39082947523444,0.302,0.001,0,"4","COL20A1"
0,7.11091549020987,0.304,0.003,0,"4","SPRY4"
0,5.15042230954073,0.305,0.009,0,"4","CNTN3"
0,6.19097767409886,0.297,0.005,0,"4","TENM1"
0,4.35603076404682,0.306,0.015,0,"4","CADPS"
0,5.79705087192995,0.295,0.006,0,"4","PYGO1"
0,3.50643045605763,0.314,0.027,0,"4","SLC2A13"
0,3.62267305099787,0.32,0.034,0,"4","GOLGA8B"
0,5.86133899849625,0.291,0.005,0,"4","CSGALNACT1"
0,4.14326023280948,0.302,0.016,0,"4","PLPPR4"
0,3.58565786680345,0.311,0.025,0,"4","SLC8A1"
0,5.48551569367748,0.293,0.008,0,"4","BLM"
0,5.10932596202428,0.292,0.008,0,"4","SORBS2"
0,3.48288778927827,0.307,0.025,0,"4","FGF12"
0,5.45355813898262,0.288,0.006,0,"4","PALLD"
0,5.01931797724619,0.297,0.016,0,"4","SALL3"
0,5.18965785220192,0.288,0.009,0,"4","TRIB2"
0,5.06000676525838,0.29,0.012,0,"4","CSMD1"
0,5.34926413498173,0.283,0.007,0,"4","NOTCH2"
0,5.37608236297669,0.28,0.006,0,"4","KCND2"
0,5.90765710356418,0.279,0.005,0,"4","MPPED2"
0,6.88860361877161,0.276,0.002,0,"4","NXPH1"
0,4.79703560905939,0.283,0.01,0,"4","LRRTM4"
0,4.36183408829866,0.288,0.016,0,"4","ASTN1"
0,4.99809550323361,0.278,0.01,0,"4","AFAP1"
0,5.15223958359193,0.274,0.008,0,"4","GRIK2"
0,6.23539661701124,0.269,0.005,0,"4","SEMA3E"
0,3.74160776987881,0.284,0.02,0,"4","NEBL"
0,4.95429583337211,0.271,0.008,0,"4","FAM84A"
0,5.47067486605292,0.268,0.006,0,"4","RNF150"
0,4.34825024348443,0.277,0.016,0,"4","ST8SIA1"
0,4.97842001357621,0.268,0.008,0,"4","NR2F1"
0,4.86562721191513,0.271,0.012,0,"4","ATP13A4"
0,5.41699865921677,0.266,0.007,0,"4","KLF12"
0,6.17687744971993,0.261,0.004,0,"4","SYT17"
0,7.05206124199484,0.257,0.002,0,"4","CRISPLD2"
0,4.36883747396034,0.267,0.012,0,"4","SLC9A7"
0,7.02949469660785,0.256,0.002,0,"4","GFRA1"
0,7.11573208072544,0.256,0.002,0,"4","ITGA8"
0,4.9613800473073,0.263,0.01,0,"4","FARP1"
0,4.73900360870676,0.261,0.009,0,"4","FABP7"
0,3.90444363388878,0.272,0.02,0,"4","PDE8B"
0,5.00181127450251,0.26,0.009,0,"4","TACC2"
0,6.59486961055754,0.252,0.002,0,"4","NT5E"
0,4.76050898670996,0.258,0.009,0,"4","C1orf21"
0,1.51740814108973,0.92,0.672,0,"4","SCD5"
0,5.10474178265493,0.255,0.007,0,"4","SLITRK4"
0,4.18910396048628,0.265,0.018,0,"4","CACNA1D"
0,4.14223976593937,0.256,0.014,0,"4","ELAVL4"
0,1.1410983381136,0.943,0.811,0,"4","ZBTB20"
2.09335614142936e-320,1.91116846258043,0.61,0.244,7.02069782712579e-316,"4","SETD5"
3.97969877725124e-320,2.35419383079029,0.482,0.125,1.33471137591452e-315,"4","NLGN3"
7.14290466818524e-319,3.06228561722031,0.337,0.043,2.39558736761597e-314,"4","MTSS1L"
1.57770476752131e-318,1.43385945455475,0.749,0.465,5.29130624931297e-314,"4","HTRA1"
7.88611418063866e-316,1.4380901492689,0.73,0.442,2.64484497390259e-311,"4","CD81"
1.86800565123127e-315,3.43503651050333,0.314,0.04,6.26491735309945e-311,"4","RAMP1"
2.01235357632893e-314,2.0361701836518,0.553,0.182,6.74903142429196e-310,"4","PPP1R12A"
1.03549164684833e-312,3.23289722408047,0.321,0.04,3.47283188519993e-308,"4","CIT"
2.44953069525977e-312,3.51526137752997,0.283,0.026,8.21523604576221e-308,"4","BCHE"
3.0761413544822e-312,2.52907803103865,0.427,0.088,1.03167628746624e-307,"4","ITPR2"
7.36179234709726e-312,2.71290189790859,0.399,0.078,2.46899791736948e-307,"4","MIR99AHG"
1.60878733342016e-311,2.12589585718782,0.527,0.172,5.39555095882453e-307,"4","SLITRK2"
3.70844574831263e-308,2.1115718797003,0.543,0.18,1.24373853506909e-303,"4","SYNE1"
5.62938830313044e-307,3.84315630971745,0.262,0.021,1.88798424910389e-302,"4","TMEM132C"
6.09391512774574e-307,2.84553361082045,0.365,0.06,2.04377725554337e-302,"4","LINGO1"
1.67047025154311e-306,1.80300138381841,0.624,0.265,5.60242312962527e-302,"4","RAB3IP"
1.37347705853268e-297,3.66191208496098,0.261,0.021,4.60636735890691e-293,"4","SPOCK2"
1.93319081366292e-297,2.91809639690184,0.35,0.057,6.48353535086271e-293,"4","NUPL2"
2.62212156368395e-296,2.2481494912897,0.479,0.133,8.79407130028322e-292,"4","SRGAP3"
1.0244259201377e-293,3.53712284909539,0.255,0.02,3.43571965095782e-289,"4","GLRB"
2.50333363371e-292,1.98218575317472,0.536,0.185,8.39568034073659e-288,"4","MTSS1"
1.04306960935087e-291,1.97756195773325,0.546,0.184,3.49824685584096e-287,"4","LSAMP"
2.0704465891192e-288,3.81567346690366,0.252,0.022,6.94386377058797e-284,"4","FAM13A"
3.01970424986307e-287,2.3371366820913,0.369,0.065,1.01274841131908e-282,"4","ARPP21"
6.62886382973997e-281,2.33511220183093,0.433,0.106,2.22318835121819e-276,"4","ASAP1"
5.47905952974655e-278,3.52004894284147,0.269,0.03,1.8375669850864e-273,"4","GOLM1"
1.5701539655654e-275,2.22737741907822,0.468,0.142,5.26598236971323e-271,"4","HLA-A"
6.3142434637234e-275,3.31885919877437,0.255,0.024,2.11767097286355e-270,"4","CDH13"
7.33828713412487e-275,3.41671496158708,0.25,0.022,2.4611147390428e-270,"4","THBS4"
2.02635626003986e-271,2.56320556533697,0.381,0.08,6.79599362492168e-267,"4","CYFIP2"
6.16530814466849e-270,2.37549538709028,0.392,0.083,2.06772104555892e-265,"4","SATB1"
1.41213561451865e-267,2.17577631831172,0.447,0.118,4.73602042397267e-263,"4","LRRC7"
5.95530622005413e-266,2.90303638524281,0.319,0.052,1.99729060008175e-261,"4","CASK"
8.5020164813159e-266,3.46018668344447,0.253,0.025,2.85140628750373e-261,"4","EHD3"
8.80644518886273e-263,2.11965578530304,0.46,0.133,2.95350558744078e-258,"4","ZDHHC21"
1.82405080465524e-261,2.85133227681915,0.311,0.047,6.11750158865275e-257,"4","DPY19L3"
6.67617816579753e-260,1.59037739566065,0.621,0.268,2.23905663324517e-255,"4","NFIB"
4.06759218097749e-259,2.87453997403182,0.302,0.044,1.36418906565623e-254,"4","CSMD2"
2.1373062133279e-257,1.33243491186073,0.715,0.411,7.16809757825909e-253,"4","GNAS"
2.9912957862034e-251,2.47914262208373,0.369,0.082,1.0032207807769e-246,"4","SAMHD1"
6.01584340000836e-249,2.9493754540541,0.284,0.04,2.0175935594948e-244,"4","NAALAD2"
7.65137514522253e-249,3.16916672181089,0.266,0.034,2.56611819620473e-244,"4","MAP3K1"
1.59966946152496e-244,3.16512598027814,0.272,0.041,5.36497144006242e-240,"4","NLGN4Y"
2.35777620672238e-244,2.98775073982993,0.284,0.044,7.90750984210551e-240,"4","BAMBI"
3.38033417271868e-244,1.4920531859758,0.658,0.332,1.13369647484639e-239,"4","TAOK3"
2.2859110263657e-241,3.02561095409958,0.263,0.033,7.66648840022528e-237,"4","KCNA2"
1.11668040523859e-239,2.91917239128044,0.284,0.044,3.74512274308917e-235,"4","SOX13"
1.4177388915159e-237,2.58174851324101,0.331,0.069,4.75481269436603e-233,"4","RIC3"
5.90174738616668e-234,1.97765216002774,0.456,0.143,1.97932803837258e-229,"4","PLPP3"
9.28610615182455e-232,2.21779361064027,0.397,0.107,3.11437428119892e-227,"4","USP24"
1.01172095653437e-231,2.58494665279884,0.316,0.06,3.39310974402498e-227,"4","TUBB2B"
9.83379348732485e-231,1.87391604754954,0.484,0.174,3.29805765977901e-226,"4","TANC2"
1.65776405392789e-230,1.88453056222653,0.48,0.165,5.55980908406335e-226,"4","RCN2"
2.01417374516288e-229,2.38598440897127,0.361,0.091,6.75513590652727e-225,"4","NRXN2"
1.05745770128809e-228,2.38930060159877,0.337,0.07,3.54650163857998e-224,"4","GABBR1"
3.15805869353222e-227,2.50814296580125,0.294,0.049,1.05914972463684e-222,"4","GUCY1A2"
7.20084181141371e-227,2.62311760984834,0.3,0.053,2.41501832671193e-222,"4","TPM1"
2.61289153877635e-224,2.42567074235338,0.338,0.076,8.76311564274812e-220,"4","ZADH2"
1.62762060294154e-222,2.8948371740111,0.266,0.04,5.45871397814533e-218,"4","COL6A1"
2.18494018724616e-220,2.40952736113717,0.329,0.07,7.32785239998616e-216,"4","BMPR2"
1.67077329409243e-214,2.84059910553065,0.266,0.043,5.60343947372718e-210,"4","CRB1"
1.57596599315355e-212,2.37906637287816,0.334,0.076,5.28547474783837e-208,"4","RGS12"
3.26142278359381e-212,1.81130717690055,0.458,0.15,1.09381597316169e-207,"4","NLGN1"
2.92897663900228e-209,1.35851361553732,0.643,0.346,9.82320185188585e-205,"4","DSEL"
2.50550879944313e-208,2.5449514113515,0.304,0.065,8.40297541157238e-204,"4","TSHZ1"
2.86246780466414e-204,1.26103016284269,0.668,0.408,9.60014452328259e-200,"4","MKLN1"
3.97107527380276e-204,0.913687840083681,0.855,0.683,1.33181922532797e-199,"4","TCF4"
3.21762819951714e-203,1.42651904645611,0.59,0.263,1.07912814555406e-198,"4","KANK1"
7.15384353184044e-202,2.25424173948838,0.33,0.077,2.39925604370865e-197,"4","PDLIM5"
3.1343800684971e-200,1.39136986017781,0.604,0.324,1.05120838737256e-195,"4","SLC22A17"
2.56141787448061e-199,2.38919980834108,0.277,0.051,8.59048326743306e-195,"4","ACSL6"
9.90765536750399e-197,2.06246431886275,0.291,0.06,3.32282945715349e-192,"4","BASP1"
1.99756187791691e-196,1.84786487248345,0.412,0.128,6.69942302615772e-192,"4","LRRTM2"
4.18883817529307e-195,2.48108717598867,0.264,0.046,1.40485254722979e-190,"4","FZD3"
5.15344239903048e-191,2.39838601416811,0.297,0.065,1.72836151178684e-186,"4","CEP126"
1.01448216620784e-190,1.70511251693266,0.46,0.176,3.40237028902786e-186,"4","TSPAN3"
1.1483900295536e-190,1.64558429685933,0.476,0.184,3.85147048111687e-186,"4","PGAP1"
4.39638279619385e-189,2.51878634442923,0.269,0.051,1.47445886218749e-184,"4","GOLIM4"
1.33163588732729e-187,1.9307075857074,0.37,0.105,4.46604043891827e-183,"4","LIMA1"
2.34135676220313e-187,2.42591680122632,0.287,0.063,7.85244230907686e-183,"4","TRAK1"
2.33941930334299e-186,1.83086068908051,0.395,0.121,7.84594445955172e-182,"4","SPTAN1"
1.81435541369531e-183,1.19433453017262,0.654,0.398,6.08498518645132e-179,"4","CPEB4"
5.96148957275811e-182,1.98988562775237,0.367,0.11,1.99936437291161e-177,"4","ZMIZ1"
5.18014633810748e-177,1.33178998626193,0.584,0.298,1.73731747887449e-172,"4","KAT2B"
1.1285616060361e-173,1.46008221700462,0.512,0.227,3.78496991432388e-169,"4","ITGAV"
3.83548804851275e-172,1.56405729875587,0.47,0.199,1.2863459817102e-167,"4","SGIP1"
5.19450004047874e-172,2.46410632767104,0.251,0.049,1.74213142357576e-167,"4","MAST4"
3.00874657022868e-169,2.11673734118252,0.321,0.09,1.00907342472329e-164,"4","TRAF4"
3.99353500272521e-169,1.68262904239856,0.423,0.161,1.33935176921398e-164,"4","ZDHHC14"
1.25910008463193e-165,2.08139297224768,0.302,0.076,4.22276986383856e-161,"4","DMXL2"
6.19948413325115e-165,1.79416239243993,0.369,0.116,2.07918298860977e-160,"4","MIDN"
4.09121085710816e-164,1.03784566799918,0.735,0.499,1.37211029725694e-159,"4","TTC3"
3.84483445562106e-161,1.5173048663757,0.473,0.201,1.28948057972619e-156,"4","ATP2B1"
2.50880929260458e-160,2.04917001328626,0.3,0.079,8.41404460553723e-156,"4","ABI1"
1.03543403738678e-157,1.87500813176941,0.345,0.107,3.4726386745878e-153,"4","TNS2"
5.80156314326658e-157,1.4015102924852,0.503,0.235,1.94572824698875e-152,"4","MSI2"
4.69782076873565e-155,1.92718975503545,0.335,0.107,1.57555512941856e-150,"4","DTNA"
1.27959503092201e-154,1.87949167442452,0.331,0.099,4.29150581470624e-150,"4","ASPH"
9.33339021685246e-153,0.843130618805689,0.783,0.648,3.13023241092798e-148,"4","APOD"
9.38091957270957e-151,1.51238324298759,0.434,0.172,3.14617280629534e-146,"4","PWAR6"
3.69245824501514e-149,2.03826597166042,0.288,0.078,1.23837664621318e-144,"4","MAF"
1.30275812120328e-147,1.52806513877219,0.369,0.125,4.36919018689157e-143,"4","ETV5"
1.13969228860643e-144,1.95587191291138,0.265,0.066,3.82229999752824e-140,"4","LINC00461"
1.49833287380795e-144,1.22532933827885,0.352,0.122,5.02510879217709e-140,"4","SLC38A1"
2.11876417373641e-144,1.03543835070115,0.671,0.435,7.10591128587716e-140,"4","CHD9"
8.72021126851429e-141,2.1447662885003,0.255,0.064,2.92458445523432e-136,"4","IDH1"
9.89491178192157e-141,1.10454571550873,0.634,0.372,3.31855551342086e-136,"4","MT3"
1.31369085076993e-138,2.1128914536045,0.263,0.07,4.40585637531218e-134,"4","ZNF827"
3.25266709256138e-136,1.93676048646302,0.271,0.073,1.09087948950324e-131,"4","CDH11"
2.16943851532112e-135,1.76185495507063,0.31,0.096,7.27586289268398e-131,"4","CXXC4"
6.11186028469777e-134,1.9813700318097,0.281,0.085,2.04979570228194e-129,"4","ARL4A"
6.89591079283734e-133,1.83687516848646,0.254,0.066,2.31275056170179e-128,"4","ABCA1"
2.99445843930239e-132,1.80700778540551,0.321,0.112,1.00428147137324e-127,"4","ADGRB3"
4.18601703530806e-132,1.98984744100224,0.261,0.071,1.40390639330162e-127,"4","MYEF2"
1.4233017688084e-130,1.64304694041168,0.357,0.138,4.77346947222962e-126,"4","EVL"
2.61335520851146e-128,1.21066651369529,0.519,0.264,8.76467069830572e-124,"4","ANKRD28"
1.11806508398907e-127,0.873379857855908,0.741,0.547,3.74976667868253e-123,"4","SFPQ"
2.41493981175942e-127,1.39266565791006,0.438,0.206,8.09922514067875e-123,"4","KIF13A"
6.60077041474589e-127,1.5530807771799,0.37,0.142,2.21376638169748e-122,"4","DMD"
5.52395007308139e-126,1.60463352666193,0.318,0.106,1.85262237551004e-121,"4","MATN2"
1.05513386027435e-123,1.79913152154659,0.28,0.085,3.53870794058812e-119,"4","CNN3"
7.05856426109889e-123,0.884499377299051,0.721,0.519,2.36730128188735e-118,"4","CLU"
1.60365617842622e-121,1.29635384093111,0.467,0.233,5.37834209120586e-117,"4","PCMTD2"
4.35645080735882e-121,1.84899726974964,0.272,0.082,1.461066471772e-116,"4","RORA"
4.67041750780988e-121,1.45392710829337,0.383,0.158,1.56636462376928e-116,"4","PKM"
2.53186194661827e-120,1.61237836372482,0.324,0.115,8.49135859656834e-116,"4","LPP"
3.7334763019568e-120,1.19526363969755,0.51,0.272,1.25213328215027e-115,"4","PPP1R9A"
3.4418002892397e-119,1.26944587615625,0.454,0.218,1.15431098100521e-114,"4","SENP7"
3.5643372584719e-118,1.88961194506097,0.263,0.079,1.1954074297463e-113,"4","NLGN2"
1.15614897869726e-116,1.1042044149671,0.527,0.282,3.87749244475488e-112,"4","PCDH17"
4.11178535430076e-116,1.15849081028692,0.508,0.273,1.37901057212539e-111,"4","ATP1A1"
6.71530906503515e-116,1.02017986127961,0.613,0.434,2.25218035423149e-111,"4","SOX8"
3.76749852006231e-115,1.60607463629502,0.306,0.107,1.2635436536585e-110,"4","ME2"
6.31115694852754e-115,1.07813649169879,0.558,0.335,2.11663581739717e-110,"4","MYO5A"
2.13773666531228e-112,0.844281193145607,0.678,0.502,7.16954122812434e-108,"4","PDE4B"
3.35755318321079e-112,1.82272947600627,0.259,0.08,1.12605618658523e-107,"4","CDH2"
8.84022529721959e-112,1.54678928495986,0.325,0.122,2.96483476018151e-107,"4","POU3F2"
1.6636425411177e-111,1.56419244099514,0.319,0.118,5.57952435440053e-107,"4","CCDC14"
7.06204736157719e-111,1.35173625334159,0.389,0.168,2.36846944412576e-106,"4","MYO10"
1.30324356341784e-110,1.7126011250278,0.283,0.095,4.37081826299076e-106,"4","ARHGAP32"
1.8060318494269e-110,1.67402916669538,0.283,0.095,6.05706961660794e-106,"4","SPATA6"
2.91326340213189e-110,1.1818637976768,0.475,0.242,9.77050279806993e-106,"4","SGCE"
3.84217057755932e-110,1.5461029773149,0.263,0.083,1.28858716830184e-105,"4","FRY"
4.67415525545639e-108,1.83178337531812,0.253,0.08,1.56761818957496e-103,"4","SESN3"
2.48961883459596e-107,1.35549649471717,0.391,0.176,8.34968364746794e-103,"4","WDR11"
8.37497523581928e-102,1.67845002826033,0.267,0.091,2.80879919458907e-97,"4","DAG1"
1.37787490795588e-101,1.70708838739884,0.255,0.083,4.62111686630243e-97,"4","TMEM59L"
8.53103922812622e-101,1.24996179328614,0.418,0.202,2.86113993632897e-96,"4","ZMAT1"
3.29313940300012e-100,1.51026091680643,0.305,0.117,1.10445309297818e-95,"4","EIF2AK2"
4.87723403018981e-99,1.13489721686594,0.452,0.232,1.63572674904506e-94,"4","JMJD1C"
2.98540887255188e-98,1.54245195345279,0.291,0.108,1.00124642767645e-93,"4","GDAP1"
3.83764947864765e-98,1.33640443078928,0.371,0.17,1.28707088214885e-93,"4","HELZ"
1.31403161313814e-96,1.56193385397774,0.287,0.108,4.4069992241427e-92,"4","FAM135A"
5.46676550354084e-96,1.45297073466091,0.311,0.123,1.83344381457753e-91,"4","NBEA"
2.32716118196238e-95,0.949433706444111,0.556,0.366,7.80483317206542e-91,"4","TCF12"
2.75728745286974e-94,1.23186020154656,0.396,0.191,9.24739065943454e-90,"4","MT2A"
2.84465729956155e-93,1.11565425858658,0.446,0.235,9.54041165126953e-89,"4","PEAK1"
4.97564620705245e-93,1.50565992968958,0.294,0.116,1.66873222492125e-88,"4","SRI"
5.39402824772244e-92,1.05848560587007,0.462,0.248,1.80904919372115e-87,"4","CSNK1E"
6.46174965392676e-91,1.30857817529462,0.363,0.171,2.16714159893396e-86,"4","NPAS3"
1.29043082432118e-89,1.26700823728739,0.336,0.145,4.32784689860838e-85,"4","PAG1"
1.55265261519168e-88,1.36562552120834,0.294,0.118,5.20728634082984e-84,"4","CD59"
3.60437106510936e-85,1.22003072513143,0.367,0.175,1.20883396781638e-80,"4","HMGN1"
9.69427665935243e-84,1.25691655156228,0.352,0.166,3.25126650601362e-79,"4","MBD5"
1.2563046412632e-83,0.83411729722244,0.603,0.407,4.21339450586851e-79,"4","ACTG1"
4.74420732653885e-82,0.925488244731422,0.51,0.302,1.5911122531746e-77,"4","METTL7A"
7.91248523554824e-81,1.0019162047674,0.45,0.257,2.65368929829817e-76,"4","TNKS"
1.37264808771479e-80,0.947626555959778,0.5,0.297,4.60358715657788e-76,"4","SLC5A3"
2.06870372294692e-80,1.12814810387484,0.367,0.178,6.93801854601938e-76,"4","PBX1"
4.09756717680905e-80,1.47436434218766,0.254,0.097,1.37424207975822e-75,"4","CPNE3"
4.24594745796858e-80,0.966757923335336,0.445,0.243,1.4240058584535e-75,"4","GPATCH2L"
6.63449953411687e-80,1.35994929049811,0.262,0.101,2.22507845375212e-75,"4","C2CD5"
8.3016565746893e-80,1.37851442856496,0.293,0.128,2.7842095820193e-75,"4","CHDH"
3.87743059794257e-79,1.3338039826431,0.298,0.13,1.30041267393798e-74,"4","AKT3"
8.3951615529497e-79,0.782030250351999,0.548,0.337,2.81556928162827e-74,"4","TXNIP"
3.51379863635994e-77,1.38905067479577,0.266,0.107,1.1784577866624e-72,"4","PGM3"
6.756441981687e-77,1.27815161241282,0.318,0.15,2.26597551181819e-72,"4","PREX2"
1.55118483400416e-75,1.15761328085338,0.33,0.154,5.20236369628314e-71,"4","ERBB4"
2.33644445702284e-75,1.09876993309282,0.382,0.195,7.83596741996322e-71,"4","COL16A1"
2.20320999239409e-74,1.34739789084902,0.282,0.123,7.3891256724913e-70,"4","MAGI1"
2.36106804760058e-74,1.34319550845767,0.282,0.123,7.91855001804284e-70,"4","ARNT2"
3.63887488827897e-74,1.00721344562362,0.264,0.11,1.220405860031e-69,"4","LONRF2"
5.31285733637102e-73,1.0595233144697,0.401,0.221,1.78182609347211e-68,"4","SPG7"
1.40111879528568e-72,1.20414738035684,0.303,0.136,4.69907221562911e-68,"4","SLITRK1"
1.2747187840078e-71,0.822021623107708,0.673,0.507,4.27515185780535e-67,"4","KCNQ1OT1"
2.03797346696143e-71,0.969052060113265,0.429,0.243,6.83495541349524e-67,"4","RBMX"
7.48618759483469e-71,0.787171097534986,0.507,0.305,2.51071759555566e-66,"4","PMP2"
8.41902580031054e-71,1.07358813196941,0.43,0.253,2.82357287290815e-66,"4","CD82"
1.17231704713024e-70,1.18813411495407,0.324,0.157,3.9317169126654e-66,"4","ANKRD26"
1.21553729380194e-70,1.03024397189452,0.386,0.206,4.07666897595294e-66,"4","ZNF91"
3.72895858701271e-70,1.11159745895831,0.332,0.161,1.25061813091232e-65,"4","SNX13"
3.91589908509442e-70,1.17640384487019,0.348,0.183,1.31331423515897e-65,"4","CAMTA1"
4.65990464705017e-70,1.02042102946301,0.412,0.239,1.56283882052769e-65,"4","KAZN"
3.25166062238411e-68,1.37822977993553,0.255,0.109,1.09054193953518e-63,"4","CLIP3"
1.04773839258128e-66,1.11471717079412,0.319,0.157,3.51390502103911e-62,"4","TMEM167A"
1.14590987837457e-66,0.795845285218639,0.531,0.345,3.84315255009264e-62,"4","PDE4DIP"
1.9967748469243e-65,1.1225414724444,0.323,0.164,6.69678348161471e-61,"4","KIZ"
9.91467343006989e-65,0.833906326975212,0.502,0.327,3.32518317497684e-60,"4","ZSWIM6"
1.03797863751802e-62,1.0090691831365,0.436,0.27,3.48117275450794e-58,"4","FYN"
2.43494820510769e-62,0.774188225333511,0.537,0.379,8.16632929029019e-58,"4","SLC1A3"
1.10494359547991e-61,1.06868361792689,0.342,0.185,3.70575983052052e-57,"4","RASSF4"
1.75744872900778e-61,1.03997609247952,0.34,0.178,5.89413154734628e-57,"4","PHF14"
3.29962405460114e-61,1.03181549028135,0.313,0.155,1.10662791543213e-56,"4","LMO4"
7.10176071120541e-61,0.89312411219222,0.402,0.232,2.38178850732407e-56,"4","SPRED1"
2.18014648276895e-60,1.1114356348624,0.287,0.136,7.31177527391051e-56,"4","VPS36"
1.08817004036641e-59,0.406764132040312,0.901,0.824,3.64950468138088e-55,"4","PNISR"
1.16773925809031e-59,1.20386393077868,0.258,0.117,3.91636392378328e-55,"4","HSPA13"
1.28855849272215e-59,1.16198702942621,0.319,0.165,4.32156747289154e-55,"4","ACAP3"
1.47539577278327e-58,0.807729395718973,0.499,0.332,4.94818234276052e-54,"4","MYCBP2"
6.25263580515866e-58,1.28276769451397,0.258,0.125,2.09700899633411e-53,"4","CEP85L"
1.56629079250013e-57,0.968388049554598,0.354,0.194,5.25302605988695e-53,"4","EXOC7"
2.43372505726405e-57,0.803241321824846,0.481,0.314,8.16222709705217e-53,"4","CHD7"
2.56648649698177e-57,1.05320849739981,0.333,0.181,8.60748241357746e-53,"4","PUS7L"
4.61152714289958e-57,1.17894801446869,0.274,0.135,1.54661397318566e-52,"4","RAB5A"
1.93744022683753e-56,0.76248026515961,0.497,0.329,6.49778703276772e-52,"4","NF1"
3.02896718917453e-56,0.751763165020532,0.499,0.33,1.01585501590535e-51,"4","ATP2A2"
4.30223185368948e-55,1.15444339403583,0.265,0.126,1.44288251909038e-50,"4","AL391807.1"
5.15628785197776e-55,1.0974614006182,0.294,0.154,1.7293158197963e-50,"4","FNDC3A"
1.19455541593181e-54,0.762865994623665,0.465,0.295,4.00629995395212e-50,"4","ABI2"
1.76331823280371e-54,1.13087138941063,0.261,0.125,5.91381668917707e-50,"4","RBBP7"
1.88530876270472e-54,1.16785903570247,0.252,0.117,6.3229485283591e-50,"4","EXOSC10"
2.64541333864115e-54,0.790204994090835,0.447,0.28,8.87218725513467e-50,"4","LRCH3"
9.10841134628959e-54,0.90411817746546,0.405,0.246,3.0547789973186e-49,"4","UPF3A"
1.25863389089981e-53,0.467058809425932,0.823,0.72,4.22120634329977e-49,"4","GTF2I"
1.13978229181148e-52,1.05796227038586,0.3,0.159,3.82260185027734e-48,"4","LPIN1"
3.20617360583636e-52,0.595165822117856,0.371,0.218,1.0752865039254e-47,"4","SNAP25"
1.80329415786526e-51,0.611140420222001,0.619,0.464,6.04788794664852e-47,"4","FUS"
3.38564765680137e-51,0.776389737906328,0.446,0.286,1.13547851113804e-46,"4","TUT4"
9.97498146736118e-51,0.77295268507262,0.449,0.294,3.34540928452359e-46,"4","SRSF6"
1.31543578776517e-50,0.783043811133078,0.43,0.269,4.41170854500684e-46,"4","HSPA5"
5.38025442649688e-50,1.06680595389578,0.293,0.167,1.80442972955852e-45,"4","TMCC1"
7.51088104016288e-50,0.907834344018032,0.319,0.174,2.51899928324983e-45,"4","LDHB"
1.1625244399825e-49,0.651605675381002,0.554,0.396,3.8988744668133e-45,"4","FTX"
1.24422175964579e-49,1.08564772618458,0.256,0.126,4.17287093750004e-45,"4","TMEM161B-AS1"
3.81750383748308e-49,0.847426706839265,0.395,0.246,1.28031443701507e-44,"4","CHD6"
4.68978041944656e-49,0.735924197657143,0.456,0.296,1.57285855707399e-44,"4","TIA1"
4.5313537674187e-48,0.983470993492368,0.282,0.147,1.51972542651688e-43,"4","HLTF"
4.75892968051921e-48,0.731546499819957,0.487,0.353,1.59604983625253e-43,"4","PGRMC1"
6.30053170052911e-48,0.513788551675508,0.406,0.253,2.11307232172345e-43,"4","LRP4"
1.14749482576477e-47,0.841777216832088,0.251,0.126,3.84846814664988e-43,"4","CHN1"
3.07790466526447e-47,1.03100588886833,0.28,0.147,1.0322676666364e-42,"4","TP53BP1"
4.44550895669982e-47,0.757879337029714,0.432,0.282,1.49093479389799e-42,"4","CALR"
5.48805479268266e-47,0.789749637322568,0.36,0.211,1.84058381636991e-42,"4","PIAS2"
7.21226152822236e-47,0.940284666260828,0.309,0.173,2.41884827133521e-42,"4","AFDN"
1.2212344691369e-46,1.07377963716111,0.267,0.139,4.09577616259133e-42,"4","DGCR2"
3.66146057795715e-46,0.87325935228587,0.345,0.201,1.22798064863527e-41,"4","NCKAP1"
3.9729544532074e-46,1.02403357488551,0.264,0.136,1.3324494645167e-41,"4","DOPEY1"
4.91081127436718e-46,0.776548480146186,0.4,0.249,1.64698788519727e-41,"4","AAK1"
1.09878065577319e-45,0.813247262271823,0.344,0.199,3.68509056333211e-41,"4","AKT2"
1.29259366787817e-45,0.783687446822467,0.383,0.235,4.33510064332981e-41,"4","ZNF518A"
1.93986540359344e-45,0.76593965823846,0.412,0.262,6.50592059057168e-41,"4","RDH11"
2.02187205091789e-45,0.869318090841104,0.328,0.187,6.78095448436842e-41,"4","SUB1"
9.50352238395062e-45,0.666614089028687,0.478,0.326,3.18729133712936e-40,"4","SOX10"
1.27833661608646e-44,0.701821141827208,0.464,0.313,4.28728534303078e-40,"4","GPSM2"
2.78176124618775e-44,0.851738784602475,0.323,0.185,9.32947086746447e-40,"4","MBTPS1"
3.51426010237566e-44,1.04740923043022,0.252,0.13,1.17861255313475e-39,"4","ATP5F1A"
6.27011642341789e-44,0.863810319451954,0.289,0.156,2.10287164608589e-39,"4","UQCRC2"
2.62705450316335e-43,0.909630954785762,0.312,0.181,8.81061539270923e-39,"4","FAM171B"
3.16272959706077e-43,0.686558208205063,0.448,0.297,1.06071625226224e-38,"4","SREK1"
4.37798506251711e-42,0.576450867536261,0.591,0.453,1.46828863026699e-37,"4","FAM133B"
4.74820275387068e-42,0.723840445656178,0.443,0.304,1.59245223959315e-37,"4","OGA"
1.55714914766659e-41,0.641236665680121,0.326,0.192,5.22236681144421e-37,"4","PPP3CA"
2.24608680763695e-41,0.607090356238209,0.522,0.369,7.53292593545281e-37,"4","TTC14"
3.20599160557531e-41,0.867064618187547,0.311,0.179,1.07522546467785e-36,"4","NCOA1"
4.86701218689622e-41,0.621558618194936,0.56,0.43,1.63229854724125e-36,"4","HIP1"
6.45585437944686e-41,0.736230481864811,0.405,0.267,2.16516444177889e-36,"4","KIF3A"
1.30560958620397e-40,0.982860014489996,0.254,0.136,4.37875343021088e-36,"4","PDIA6"
1.99964009856573e-40,0.995358766552781,0.267,0.147,6.70639296256974e-36,"4","ATP6V0E2"
3.74157846909503e-40,0.923104756156143,0.276,0.154,1.25485058696509e-35,"4","SCAMP1"
1.51206715442048e-39,0.884107014813746,0.299,0.173,5.07117082249541e-35,"4","KPNA5"
1.97259759684424e-39,0.757700490966058,0.405,0.278,6.6156978202962e-35,"4","ACSL3"
6.2081713907002e-39,0.757516316311737,0.376,0.242,2.08209652101303e-34,"4","NDFIP1"
7.98607565006435e-39,0.837459971867206,0.322,0.193,2.67837005151858e-34,"4","CELF1"
3.55333085725494e-38,0.824085698188331,0.314,0.188,1.19171610290616e-33,"4","TANC1"
6.46824909089557e-38,0.345432374476048,0.706,0.56,2.16932138010456e-33,"4","CADM2"
9.00194953257223e-38,0.862963072610847,0.292,0.169,3.01907383423407e-33,"4","TCERG1"
9.14455389136255e-38,0.737695782789614,0.334,0.203,3.06690048408517e-33,"4","ARID4A"
1.1590108772617e-37,0.796664125353782,0.319,0.192,3.8870906801603e-33,"4","SMARCA2"
3.12433549676909e-37,0.893976464313406,0.292,0.171,1.04783963890642e-32,"4","MYO9A"
3.26905554925967e-37,0.650632490528555,0.474,0.344,1.09637585011071e-32,"4","IL6ST"
5.57137920615242e-37,0.828176025353516,0.317,0.193,1.8685291581594e-32,"4","CPLANE1"
1.30879755191099e-36,0.902618922135928,0.262,0.147,4.38944522959907e-32,"4","MLEC"
3.33680817437034e-36,0.540185331387104,0.352,0.222,1.11909872552033e-31,"4","FIGN"
3.8260012906922e-36,0.656121796174034,0.412,0.277,1.28316431287235e-31,"4","CTTNBP2"
4.56644203940941e-36,0.752168600249159,0.373,0.242,1.53149333117713e-31,"4","UBR5"
5.549228861291e-36,0.959233464839026,0.25,0.139,1.86110037549977e-31,"4","YTHDC2"
1.37355340406845e-34,0.75853181929857,0.352,0.234,4.60662340656477e-30,"4","UBR2"
1.42342159791222e-34,0.70679582669917,0.322,0.198,4.77387135507799e-30,"4","KATNBL1"
2.62497418415692e-34,0.591631458166231,0.486,0.352,8.80363841882549e-30,"4","CADM1"
1.0147386436251e-33,0.708977464526173,0.335,0.212,3.40323046298985e-29,"4","MAPK1"
1.17116436114385e-33,0.753157036124506,0.311,0.191,3.92785103440423e-29,"4","ERCC6L2"
3.1025602348059e-33,0.84358596701314,0.268,0.156,1.0405366515492e-28,"4","OSBPL8"
1.62885394695964e-32,0.632456535176123,0.444,0.32,5.46285036731323e-28,"4","TNRC6A"
1.97690078722144e-32,0.662397006787523,0.353,0.229,6.63012986018327e-28,"4","UBE2G2"
2.10552474091751e-32,0.737086292459677,0.317,0.198,7.06150887608913e-28,"4","PPP2R1A"
2.46361351493501e-32,0.776831787539165,0.262,0.151,8.26246700638904e-28,"4","GLS"
2.48643184755536e-32,0.508175288242154,0.564,0.435,8.33899513033118e-28,"4","ARID1B"
4.244351108026e-32,0.77758480117755,0.273,0.161,1.42347047460976e-27,"4","BRAF"
4.88430562757441e-32,0.860388374064537,0.27,0.165,1.63809842137591e-27,"4","SOS1"
5.53478749220528e-31,0.721322011746669,0.298,0.184,1.85625702913581e-26,"4","CCNT2"
1.72943503289034e-30,0.437290123100954,0.488,0.354,5.80017921330762e-26,"4","OMG"
1.76671456933876e-30,0.551619834623992,0.412,0.284,5.92520732264835e-26,"4","TMEM106B"
2.40060102581771e-30,0.575292274392058,0.45,0.327,8.05113572038744e-26,"4","MUC20-OT1"
5.86177722591633e-30,0.523550351534314,0.467,0.338,1.96592284602782e-25,"4","MUM1"
6.55999970324925e-30,0.782519531180629,0.265,0.159,2.20009270047573e-25,"4","KAT2A"
1.33566531513022e-29,0.640162890055616,0.539,0.458,4.47955433388372e-25,"4","B2M"
2.01025853814905e-29,0.467876962768008,0.569,0.441,6.7420050852443e-25,"4","PPM1K"
3.10681439725584e-29,0.415586662792091,0.644,0.522,1.04196341255166e-24,"4","AKAP9"
6.09020601192093e-29,0.81232713263598,0.262,0.161,2.04253329227804e-24,"4","RTN1"
6.95712152700584e-29,0.793952246534396,0.265,0.162,2.33327941772722e-24,"4","ABCA5"
7.49825908634045e-29,0.744208215102026,0.295,0.188,2.51476613237686e-24,"4","KANSL1L"
1.03711586047941e-28,0.584510638203744,0.394,0.274,3.47827917287584e-24,"4","RNPC3"
1.08382058930349e-28,0.650082045466751,0.297,0.186,3.63491749240603e-24,"4","ROBO1"
1.29463112795712e-28,0.533791331721774,0.5,0.381,4.34193387694258e-24,"4","DDR1"
1.77047333471707e-28,0.542570894683012,0.481,0.359,5.93781346997412e-24,"4","RBM6"
2.21092281816494e-28,0.683916140596502,0.308,0.198,7.41499294756159e-24,"4","RTKN"
2.60722501790686e-28,0.52799555446717,0.509,0.387,8.74411126505603e-24,"4","ANKRD36C"
2.87809113749631e-28,0.631336292000268,0.363,0.246,9.65254205693511e-24,"4","COL9A2"
3.36322095565879e-28,0.760580475361337,0.312,0.208,1.12795704410884e-23,"4","SMAD2"
2.78991474440004e-27,0.660172086519315,0.303,0.194,9.35681606976885e-23,"4","MFF"
3.80186459657168e-27,0.476834780312906,0.52,0.398,1.27506934839821e-22,"4","U2SURP"
4.28545287578505e-27,0.61996036663248,0.394,0.284,1.43725518548079e-22,"4","CAMSAP2"
6.24875171387215e-27,0.410734332034226,0.6,0.486,2.09570634979844e-22,"4","ZNF207"
6.28973963633561e-27,0.705045224926688,0.29,0.185,2.10945287923424e-22,"4","RAB6A"
7.0645593679403e-27,0.711168930018868,0.266,0.164,2.36931192081982e-22,"4","MFSD14C"
9.73680230726468e-27,0.755023972545795,0.254,0.154,3.26552875781043e-22,"4","GPALPP1"
1.38060333083482e-26,0.450945618493851,0.482,0.359,4.63026745095383e-22,"4","SOX2"
3.23822839887711e-26,0.52369115943803,0.471,0.351,1.0860370404154e-21,"4","PIK3R1"
3.92001676972929e-26,0.480232594997616,0.542,0.434,1.31469522423181e-21,"4","HNRNPH1"
6.91057752498608e-26,0.424285950884415,0.57,0.451,2.31766949032983e-21,"4","RBM25"
7.31972968322585e-26,0.575868912535763,0.428,0.318,2.45489094116029e-21,"4","ZFHX4"
1.30410647561304e-25,0.530219352166491,0.452,0.342,4.37371229791102e-21,"4","NPEPPS"
2.38306264681609e-25,0.620230214272706,0.331,0.222,7.99231550489182e-21,"4","PSMA3-AS1"
7.43029761567087e-25,0.396268430187612,0.659,0.557,2.4919732143437e-20,"4","ZCCHC24"
2.42258662907771e-24,0.427335240732016,0.564,0.466,8.12487103660082e-20,"4","HNRNPK"
3.18494583779961e-24,0.630254006136438,0.303,0.201,1.06816713508123e-19,"4","IKZF2"
3.85800989720073e-24,0.658925079188449,0.316,0.223,1.29389935932318e-19,"4","NACC2"
9.0747909345133e-24,0.517298054756195,0.4,0.289,3.04350338361707e-19,"4","SHPRH"
1.31573583718125e-23,0.540740015071714,0.413,0.308,4.41271485073849e-19,"4","OGT"
1.66823040413716e-23,0.6350916538761,0.276,0.18,5.59491112939519e-19,"4","AGFG1"
1.83414682171441e-23,0.598940057575052,0.318,0.217,6.15136161066579e-19,"4","SLC25A36"
2.14762666922566e-23,0.577716581297671,0.331,0.227,7.20271032324902e-19,"4","PON2"
5.60018958022812e-23,0.540540620512497,0.65,0.569,1.87819158141691e-18,"4","BCAS1"
7.66286393199433e-23,0.60542440839949,0.292,0.194,2.56997130551226e-18,"4","UCHL1"
7.97034776235767e-23,0.696722698415337,0.274,0.181,2.67309523253952e-18,"4","ABCC5"
8.23720991834097e-23,0.562039384472535,0.299,0.2,2.7625954624132e-18,"4","RBM12B"
1.17534441241279e-22,0.64728553908504,0.288,0.193,3.94187009035003e-18,"4","PCMTD1"
2.05678293531145e-22,0.507302963008808,0.337,0.234,6.89803860844754e-18,"4","UBE3A"
4.3792539292999e-22,0.591716043325424,0.258,0.166,1.4687141828086e-17,"4","ACAP2"
5.35926303756133e-22,0.62609045945126,0.27,0.177,1.79738963753732e-17,"4","CNOT4"
7.2703507148399e-22,0.282670408076332,0.835,0.778,2.43833022274301e-17,"4","LUC7L3"
1.8442646954274e-21,0.502747136513107,0.345,0.243,6.1852949355244e-17,"4","HSPA4L"
2.11448956809405e-21,0.401138281204639,0.51,0.402,7.09157511347383e-17,"4","PHYHIPL"
3.16914400934421e-21,0.488426884092945,0.321,0.223,1.06286751785386e-16,"4","SORL1"
3.337221203399e-21,0.604693117273378,0.254,0.164,1.11923724719596e-16,"4","ARID2"
4.22287072150998e-21,0.586387530526831,0.299,0.205,1.41626638258002e-16,"4","KLHL42"
4.89607076346286e-21,0.648618188042949,0.262,0.172,1.64204421265017e-16,"4","DCTN5"
6.93679737402619e-21,0.488314224799415,0.361,0.258,2.3264631033009e-16,"4","PHF20L1"
9.3255714303778e-21,0.468940905867501,0.378,0.275,3.12761014632011e-16,"4","CSNK2A1"
1.32171805326424e-20,0.460006130912689,0.369,0.266,4.43277800703762e-16,"4","ZNF280D"
9.3446934074293e-20,0.560767471397641,0.287,0.196,3.13402327498364e-15,"4","MED13L"
1.48699696298591e-19,0.577468934023982,0.26,0.173,4.98709041446216e-15,"4","TTC17"
2.33078848001248e-19,0.639925649499108,0.253,0.168,7.81699840426587e-15,"4","PIKFYVE"
2.45892846820855e-19,0.51807731201345,0.43,0.336,8.24675429667782e-15,"4","POLR2J3.1"
2.54535144737342e-19,0.45792346967333,0.286,0.197,8.53659968420096e-15,"4","FCHSD2"
3.81313997260236e-19,0.607118251845334,0.264,0.177,1.27885088401138e-14,"4","CALCOCO1"
4.8357379954753e-19,0.506436432134652,0.326,0.232,1.6218098089225e-14,"4","APLP2"
5.07487979307352e-19,0.577139548483654,0.327,0.25,1.702013185001e-14,"4","DBI"
7.99876254444996e-19,0.570527246505669,0.269,0.182,2.68262498215763e-14,"4","MIA3"
1.01901846164196e-18,0.547331114406441,0.32,0.229,3.4175841166548e-14,"4","NPIPB5"
1.23909238497801e-18,0.402050571906198,0.514,0.422,4.15566804073923e-14,"4","CSNK1A1"
2.82543269510569e-18,0.656162565570725,0.253,0.18,9.47593617284545e-14,"4","BEX3"
3.53435490516552e-18,0.501295041401982,0.277,0.19,1.18535194809441e-13,"4","AASDHPPT"
3.90635930207652e-18,0.486051883010342,0.36,0.265,1.31011478273042e-13,"4","NFAT5"
5.82147801297622e-18,0.492057848546677,0.255,0.172,1.95240729599196e-13,"4","VEZT"
5.87841961651482e-18,0.391607562827923,0.32,0.23,1.97150437098674e-13,"4","ANKRD44"
8.07067359247385e-18,0.452627948466895,0.398,0.306,2.70674250944388e-13,"4","HERC4"
8.92092879984655e-18,0.546610393742374,0.285,0.199,2.99190110089254e-13,"4","TRIM33"
1.08873374196103e-17,0.56031096811806,0.272,0.187,3.65139522378891e-13,"4","DHX36"
1.16936754421297e-17,0.456129119403288,0.278,0.193,3.92182486978146e-13,"4","AC008124.1"
1.25787643292381e-17,0.556709352464998,0.279,0.195,4.21866598073989e-13,"4","ASAH1"
1.52970311964218e-17,0.580874747355014,0.292,0.209,5.13031832265593e-13,"4","PPFIBP1"
1.83262787844914e-17,0.437357731974997,0.402,0.306,6.14626737874272e-13,"4","TBL1XR1"
2.27137488097487e-17,0.561941309905158,0.28,0.196,7.61773707581352e-13,"4","RAB2A"
3.13968043849443e-17,0.488683498315395,0.303,0.215,1.05298602546226e-12,"4","RAF1"
3.60867740112111e-17,0.454737882888195,0.372,0.279,1.210278226788e-12,"4","TRA2B"
4.8105477591487e-17,0.533328827176176,0.287,0.202,1.61336150746329e-12,"4","ATF7IP"
8.79397259143062e-17,0.439733396719954,0.376,0.283,2.949322527714e-12,"4","DMTF1"
1.16277119737654e-16,0.509713328136008,0.35,0.266,3.89970204176143e-12,"4","LARS"
1.19435073316493e-16,0.51683478123656,0.268,0.186,4.00561348888853e-12,"4","CBR4"
1.27676829876889e-16,0.443951825611911,0.442,0.368,4.28202552041111e-12,"4","HIBCH"
1.451566042958e-16,0.588098827824026,0.271,0.192,4.86826219487254e-12,"4","ENO1"
1.88947177508903e-16,0.351980414986154,0.55,0.464,6.33691043929358e-12,"4","ITGB8"
2.24571441641915e-16,0.426953621511732,0.361,0.27,7.53167700978656e-12,"4","NCAM2"
2.73675299014188e-16,0.447858761201244,0.333,0.245,9.17852217833785e-12,"4","SUGP2"
9.25043760017007e-16,0.340060410417699,0.488,0.393,3.10241176234504e-11,"4","KANSL1"
1.28793102470681e-15,0.489077499900439,0.26,0.181,4.31946307066170e-11,"4","CLASP1"
1.96155149195778e-15,0.474817603449625,0.283,0.202,6.578651393728e-11,"4","DNAJB14"
1.98852145022396e-15,0.442330068303025,0.34,0.254,6.66910323976113e-11,"4","BBS2"
2.0396557069463e-15,0.534331347812957,0.253,0.176,6.84059730995652e-11,"4","ATF6B"
4.65246212255721e-15,0.43846185858081,0.386,0.3,1.56034274666324e-10,"4","APBB2"
6.40067223263692e-15,0.439466846417383,0.354,0.27,2.14665745338177e-10,"4","PKN2"
7.34974396784484e-15,0.517740835017426,0.252,0.176,2.4649571319358e-10,"4","HECTD4"
8.46886923514631e-15,0.287270719466207,0.36,0.275,2.84028936408337e-10,"4","TMOD2"
9.59023815040868e-15,0.440974981200922,0.285,0.206,3.21637407088406e-10,"4","SUPT20H"
1.50534755963332e-14,0.412427589834481,0.332,0.248,5.04863464549822e-10,"4","ZNF493"
1.80912406897473e-14,0.451684628946275,0.328,0.248,6.06744030252745e-10,"4","BTBD8"
2.05389811791789e-14,0.400160652995607,0.392,0.306,6.88836350787303e-10,"4","MARK3"
2.22419481021338e-14,0.452917092110717,0.25,0.176,7.45950455449363e-10,"4","WDR26"
2.26531529238235e-14,0.414729147709804,0.388,0.306,7.59741442759193e-10,"4","EWSR1"
2.75962570654795e-14,0.393428656239005,0.291,0.212,9.25523269462053e-10,"4","CAND1"
3.11822432399889e-14,0.392212417955073,0.304,0.224,1.04579007378275e-09,"4","RBBP4"
4.07448436515223e-14,0.452897529293746,0.324,0.244,1.36650056638475e-09,"4","ATP5F1B"
4.17564705098426e-14,0.452985992286193,0.289,0.21,1.4004285079591e-09,"4","NIN"
4.70122857865823e-14,0.515780496429538,0.27,0.196,1.5766980407104e-09,"4","UBA1"
5.81417958520692e-14,0.508174512752641,0.259,0.188,1.9499595492867e-09,"4","CXADR"
7.4678505168125e-14,0.461224315960928,0.262,0.188,2.50456770632857e-09,"4","TERF1"
3.26538576023488e-13,0.444295534566553,0.327,0.25,1.09514507626758e-08,"4","XRN1"
5.10710140173356e-13,0.491457133603914,0.257,0.186,1.7128196681134e-08,"4","RPL7L1"
5.20246778912047e-13,0.431202281747362,0.282,0.208,1.74480364711522e-08,"4","TOR1AIP2"
5.41118421367525e-13,0.516894491920181,0.257,0.186,1.81480296158241e-08,"4","MIB1"
6.69293636535283e-13,0.438679421772154,0.306,0.23,2.24467699821203e-08,"4","NDUFA4"
7.02773571679395e-13,0.46197584777725,0.263,0.192,2.35696200469835e-08,"4","RSBN1L"
9.28725156505773e-13,0.33346459098115,0.557,0.484,3.11475842988906e-08,"4","PAPOLA"
1.21150449247813e-12,0.43169399123812,0.286,0.213,4.06314376687316e-08,"4","RERE"
1.29932121487702e-12,0.440840738328622,0.264,0.192,4.35766349045453e-08,"4","DNM1L"
1.85980612032129e-12,0.384649083979898,0.354,0.275,6.23741776633354e-08,"4","ANKRD36"
3.06641074282854e-12,0.288226329713386,0.51,0.427,1.02841283492984e-07,"4","NFIA"
3.35524738024511e-12,0.445057254831865,0.328,0.256,1.12528286638661e-07,"4","EIF4G3"
3.45418339450021e-12,0.367280991804162,0.347,0.269,1.15846402684748e-07,"4","SENP6"
3.59466443380675e-12,0.383831511688518,0.29,0.217,1.20557855781011e-07,"4","CALM3"
4.78385955878529e-12,0.443654182676278,0.264,0.194,1.60441081882541e-07,"4","SPCS3"
5.39924654656302e-12,0.480715993604471,0.268,0.2,1.81079930678631e-07,"4","BZW1"
8.79296133246631e-12,0.310781931603855,0.28,0.212,2.94898337168255e-07,"4","FUT9"
1.17240315957447e-11,0.342193761030278,0.393,0.315,3.93200571658085e-07,"4","TRA2A"
1.34083571517294e-11,0.404384673288497,0.438,0.37,4.49689482154702e-07,"4","RPL13"
1.56292812643498e-11,0.350049482739557,0.278,0.21,5.24174835043764e-07,"4","ATG2B"
1.6553427688043e-11,0.266436042512296,0.605,0.534,5.55168857801587e-07,"4","GPBP1"
2.11812733854486e-11,0.31989698668236,0.458,0.38,7.10377546801175e-07,"4","PABPN1"
2.21543640823261e-11,0.303641449204151,0.359,0.283,7.43013062593054e-07,"4","ZMYND8"
2.44046872769262e-11,0.286897294389674,0.527,0.449,8.18484401893552e-07,"4","RBM5"
2.94917396416704e-11,0.399339479637552,0.353,0.292,9.89093964102342e-07,"4","EPC1"
3.22207218254817e-11,0.302693539997857,0.39,0.313,1.080618568583e-06,"4","FBXO7"
3.53644329630216e-11,0.384522559265644,0.314,0.244,1.18605235271382e-06,"4","PTAR1"
3.98800639932254e-11,0.419299471394298,0.272,0.204,1.33749758620479e-06,"4","ADNP"
5.80778934078221e-11,0.387937694447435,0.304,0.234,1.94781638911154e-06,"4","SMCHD1"
6.10149308316995e-11,0.384220713173632,0.298,0.228,2.04631875023354e-06,"4","OFD1"
7.27989222732206e-11,0.323691925873982,0.296,0.228,2.44153025519927e-06,"4","ZNF655"
7.64725166329700e-11,0.349518291554329,0.301,0.231,2.56473526283655e-06,"4","PPP6R3"
1.07254187422144e-10,0.402185411530402,0.312,0.243,3.59709093776386e-06,"4","AHCYL1"
1.87117997385114e-10,0.283676106932471,0.474,0.398,6.27556339630194e-06,"4","ZNF292"
2.28672401954487e-10,0.276534691392676,0.48,0.405,7.66921501674957e-06,"4","SEPT2"
3.23111654622531e-10,0.373142726942776,0.284,0.219,1.08365186727304e-05,"4","ATP6AP2"
3.43845960664895e-10,0.379477222675765,0.318,0.25,1.15319058287792e-05,"4","RBBP6"
3.72085013591219e-10,0.397342175468626,0.307,0.243,1.24789871858223e-05,"4","SLC39A6"
4.61890556844374e-10,0.295259170403,0.49,0.431,1.54908854954466e-05,"4","NSD3"
4.96311027101165e-10,0.29898587710412,0.321,0.253,1.66452792269189e-05,"4","NR3C1"
5.574651708506e-10,0.426986857333054,0.253,0.19,1.86962668999874e-05,"4","ZNF326"
5.67991307914433e-10,0.39490127203214,0.268,0.205,1.90492924848343e-05,"4","ABCD4"
8.61228637459009e-10,0.314479713588808,0.261,0.2,2.88838860431003e-05,"4","BSG"
9.0874094874628e-10,0.324165704564763,0.299,0.233,3.04773539390527e-05,"4","HCG18"
1.06691032469135e-09,0.34063862370521,0.345,0.277,3.57820384694984e-05,"4","HSD17B12"
1.18117494867422e-09,0.279700359031932,0.441,0.369,3.96142454286361e-05,"4","VAPA"
2.38155531852136e-09,0.290711628756067,0.431,0.361,7.98726022725695e-05,"4","RBM26"
2.68011534080381e-09,0.291218730248314,0.358,0.29,8.98857082998782e-05,"4","SRSF10"
3.54257974883622e-09,0.449097489581459,0.25,0.195,0.000118811039616469,"4","NAA16"
4.05167774842978e-09,0.433705447525015,0.25,0.197,0.000135885168326838,"4","PCNX1"
4.4345258574031e-09,0.26215981654514,0.53,0.467,0.000148725128205585,"4","CANX"
4.67290497543543e-09,0.307550633922851,0.281,0.22,0.000156719887066154,"4","CTSF"
5.09258287689036e-09,0.288830799258709,0.278,0.217,0.000170795044525149,"4","VGLL4"
6.38760359128802e-09,0.411332559488889,0.257,0.199,0.000214227449244618,"4","SMC5"
8.68446554299402e-09,0.347537481471726,0.267,0.207,0.000291259605380934,"4","MYSM1"
9.64192839615666e-09,0.370288931232218,0.294,0.235,0.000323370994550302,"4","NOP56"
1.33919805644739e-08,0.300024620455778,0.363,0.299,0.000449140244171327,"4","CBX5"
1.69351901517499e-08,0.416987818861004,0.27,0.217,0.00056797240730939,"4","HACD3"
1.76908872669277e-08,0.333766624051059,0.259,0.202,0.000593316977158223,"4","RAPGEF2"
3.02312049427104e-08,0.351355823090643,0.269,0.211,0.00101389415136862,"4","CPSF6"
3.25493771126681e-08,0.308207272127542,0.289,0.229,0.00109164100960466,"4","ST3GAL5"
3.41481527400739e-08,0.267811277422069,0.477,0.41,0.0011452607465966,"4","TAF1D"
5.25780229999172e-08,0.340400944221951,0.27,0.213,0.00176336173537122,"4","CLK4"
8.75515295689225e-08,0.312770156533159,0.318,0.26,0.00293630319868252,"4","C11orf58"
9.29774857784606e-08,0.355500702030028,0.251,0.196,0.00311827891803801,"4","AC245297.3"
1.04079233479583e-07,0.319970860766231,0.366,0.314,0.00349060933243826,"4","CADM4"
2.13134901591697e-07,0.292665028740947,0.317,0.26,0.00714811832958232,"4","ADAR"
2.20567689971649e-07,0.300928694071484,0.344,0.287,0.00739739918626917,"4","ARL6IP1"
2.53183935671146e-07,0.319257593477972,0.275,0.22,0.00849128283453888,"4","ZC3H14"
2.86790851418634e-07,0.275029970241307,0.337,0.28,0.00961839157487814,"4","PTCD3"
3.00605043904644e-07,0.276859170686414,0.326,0.269,0.010081691962474,"4","C6orf62"
4.16897770913513e-07,0.30160730157569,0.271,0.217,0.0139819174408974,"4","UQCRB"
6.53603059217534e-07,0.298831064328039,0.291,0.237,0.0219205394000377,"4","ZNF37A"
1.45483515683703e-06,0.311305284334629,0.276,0.225,0.0487922614900004,"4","ACIN1"
6.84898748566212e-06,0.287446615852853,0.253,0.205,0.229701342294136,"4","ZNF431"
7.49625130354145e-06,0.308081521921926,0.266,0.218,0.251409276218173,"4","ZFP36L2"
9.47306832530206e-06,0.28696267686635,0.316,0.267,0.31770776549398,"4","ATP6V0A1"
2.06673448167581e-05,0.254292296336909,0.254,0.208,0.693141410464433,"4","ATP2C1"
3.54571724028776e-05,0.287241096496236,0.266,0.222,1,"4","UBE2H"
0.000166655637269145,0.276688460869895,0.275,0.236,1,"4","CCAR1"
0.000324590928883948,0.28827695795951,0.259,0.223,1,"4","PDIA3"
5.41175464090069e-97,2.08189089129481,0.64,0.224,1.81499427146527e-92,"5","SNAP25"
1.34154074827084e-87,1.18302509122377,0.935,0.809,4.49925936155076e-83,"5","MT-CO1"
6.12454795945362e-86,2.47520420773715,0.466,0.131,2.05405089464156e-81,"5","CHN1"
1.56979838238206e-67,2.52523145320018,0.379,0.1,5.26478981483294e-63,"5","SYT1"
2.6044037165707e-62,3.57680992133713,0.278,0.109,8.73464918463483e-58,"5","GFAP"
4.64647009311993e-57,3.14960885670301,0.254,0.052,1.55833313983056e-52,"5","AQP4"
9.83888137558422e-52,2.43299899922145,0.31,0.08,3.29976403574344e-47,"5","DKK3"
4.04179821364217e-51,0.802353449761029,0.987,0.92,1.35553828489131e-46,"5","MT-CO3"
1.10069789470156e-48,0.924418283556468,0.925,0.791,3.69152059925009e-44,"5","MT-ND1"
5.62062596241412e-42,1.54737770187558,0.42,0.22,1.88504553527445e-37,"5","CALM3"
1.38230553419114e-39,2.25619521717918,0.25,0.057,4.63597630057024e-35,"5","STMN2"
2.78911397981987e-38,1.02727196991308,0.694,0.537,9.35413046551989e-34,"5","CLU"
2.14299806194943e-36,0.938603551254739,0.772,0.605,7.18718690016598e-32,"5","TMSB4X"
2.98963580417169e-36,1.56598289050529,0.405,0.202,1.0026640560031e-31,"5","PPP3CA"
1.52885568126266e-35,1.56766260114482,0.438,0.199,5.12747618381869e-31,"5","SPARCL1"
2.49355762712377e-34,2.09394424722054,0.261,0.079,8.36289356984769e-30,"5","VSNL1"
3.60056279748323e-29,1.33286478311949,0.397,0.171,1.20755675101993e-24,"5","CPE"
5.70611181681809e-29,0.995175798407375,0.539,0.386,1.91371578112445e-24,"5","IDS"
1.4030346812064e-28,0.65157648080481,0.825,0.727,4.70549771383003e-24,"5","CALM2"
3.20840803241634e-27,1.48674516631456,0.341,0.143,1.07603588591179e-22,"5","THY1"
6.62869839274346e-27,0.831031967297752,0.668,0.521,2.2231328669583e-22,"5","GAPDH"
1.1862322140096e-26,0.667233990300715,0.364,0.167,3.97838559934538e-22,"5","GPM6A"
5.78111409923299e-26,1.50948724480977,0.349,0.148,1.93887004660076e-21,"5","SLC1A2"
2.65934153970943e-24,1.23623667924079,0.394,0.226,8.9188996558775e-20,"5","ATP2B1"
3.05257626942661e-23,0.810306624081675,0.578,0.452,1.0237730292403e-18,"5","CKB"
1.02573497431403e-22,1.27927314974352,0.345,0.201,3.44010995685441e-18,"5","UCHL1"
2.91864344403648e-22,1.4924630265568,0.282,0.117,9.78854638260953e-18,"5","PRKCB"
2.9447516713275e-21,0.691912713077168,0.651,0.54,9.87610815529817e-17,"5","MT-ND5"
4.98215618793182e-21,1.16940877498182,0.399,0.234,1.67091554230857e-16,"5","NDUFA4"
8.51583803063353e-21,0.559377121204411,0.856,0.746,2.85604175871387e-16,"5","CALM1"
1.98090673231537e-20,0.937852148675363,0.401,0.32,6.64356499883927e-16,"5","RPS27A"
2.37946912879288e-20,0.5220780841273,0.957,0.909,7.98026356414556e-16,"5","MT-ATP6"
4.3216763397658e-20,0.713516073465274,0.5,0.465,1.44940381083065e-15,"5","RPL37A"
5.58680077649907e-20,0.847913874031253,0.476,0.374,1.87370124442226e-15,"5","ARPP19"
2.26084223173995e-19,1.28335003063397,0.321,0.168,7.58241267680943e-15,"5","TMSB10"
3.20638200860315e-19,0.985096992815621,0.401,0.311,1.07535639804532e-14,"5","RPS18"
3.69079717094904e-19,1.10443456634784,0.276,0.205,1.23781955519289e-14,"5","RPS12"
6.91249242697366e-18,0.681220442725045,0.42,0.379,2.31831171015843e-13,"5","PREPL"
7.36565934717244e-18,0.80837153864718,0.47,0.38,2.47029483185469e-13,"5","RPL41"
2.11948969186893e-17,1.14655590970209,0.297,0.18,7.10834452859003e-13,"5","PKM"
6.59272104173708e-17,0.496911756053497,0.858,0.769,2.21106678297778e-12,"5","ACTB"
1.21033842580694e-16,0.656712801178352,0.397,0.354,4.05923301247132e-12,"5","RPS9"
2.04047470934533e-16,1.33336610239968,0.272,0.128,6.84334408020235e-12,"5","CST3"
3.75010979584446e-16,0.773454324062125,0.332,0.286,1.25771182333032e-11,"5","RPS6"
9.32439563688274e-16,0.78021040533018,0.403,0.338,3.12721580869773e-11,"5","RPL21"
1.07778852333963e-15,1.17758373377566,0.289,0.163,3.61468714957645e-11,"5","ENO2"
1.16121547371189e-15,0.901367298629478,0.418,0.271,3.89448445573492e-11,"5","NTRK2"
2.03153402442786e-15,0.758777615100417,0.407,0.322,6.81335881112617e-11,"5","RPL35"
2.28198254034382e-15,0.648971739423845,0.7,0.595,7.6533130438051e-11,"5","MAP1B"
2.55671141767636e-15,0.679231112874389,0.519,0.416,8.57469875260298e-11,"5","YWHAB"
2.91787588918173e-15,1.00874711509073,0.373,0.314,9.78597215713769e-11,"5","MTURN"
3.19610503741185e-15,1.01463863031804,0.334,0.197,1.07190970744719e-10,"5","MTRNR2L8"
5.0171632076622e-15,1.1639178978776,0.282,0.186,1.68265619658575e-10,"5","BEX3"
9.33045777292563e-15,0.72786487310508,0.332,0.282,3.1292489278838e-10,"5","ATP5F1E"
1.12897139618898e-14,0.669999615924921,0.599,0.47,3.7863442685386e-10,"5","RPS27"
1.55566342081787e-14,0.577816140914339,0.875,0.828,5.21738398073896e-10,"5","MT-ND2"
2.73814423241638e-14,0.721992090469675,0.466,0.367,9.18318812667806e-10,"5","RPL3"
3.11046461967749e-14,0.652538047662208,0.517,0.424,1.04318762414744e-09,"5","NORAD"
3.65521479931904e-14,1.09926803167302,0.265,0.166,1.22588593939562e-09,"5","PGAM1"
4.2808725210722e-14,0.78386993522036,0.366,0.292,1.43571902611719e-09,"5","RPS14"
4.53744212535622e-14,0.799921131672092,0.431,0.358,1.52176734000197e-09,"5","RPL37"
5.04171359553902e-14,0.810016856759062,0.315,0.165,1.69088990567188e-09,"5","MAP2"
8.70165256702689e-14,0.564128372503203,0.61,0.498,2.91836023792948e-09,"5","MT-ND4L"
9.09296964065817e-14,0.771766311696194,0.388,0.317,3.04960015808394e-09,"5","RPS23"
9.66103914153418e-14,0.505339776066728,0.692,0.641,3.24011930728773e-09,"5","PEBP1"
1.0569189147996e-13,0.610691196827776,0.478,0.455,3.5446946564549e-09,"5","RPL13A"
1.51286674837817e-13,0.432711167483153,0.938,0.893,5.0738525007107e-09,"5","MT-ND4"
1.71151276948923e-13,0.755669340754266,0.435,0.324,5.74007152631299e-09,"5","YWHAZ"
2.01991222153401e-13,0.890868369843855,0.345,0.244,6.77438160858076e-09,"5","RPS3A"
2.69257125591796e-13,1.05069050340033,0.252,0.158,9.03034547809764e-09,"5","MDH1"
6.29184290743967e-13,0.772755830507619,0.407,0.331,2.11015827429712e-08,"5","RPL9"
1.07275338415713e-12,0.70232787876389,0.422,0.328,3.59780029978617e-08,"5","PPIA"
1.24402600338204e-12,0.93723757016942,0.269,0.137,4.17221441014267e-08,"5","TSPAN7"
2.7094363766164e-12,0.734840642206934,0.405,0.33,9.08690771989609e-08,"5","RPL32"
4.1884816564832e-12,0.801056941979174,0.267,0.225,1.40473297795134e-07,"5","MAPK1"
4.20695353468481e-12,0.763254519774627,0.334,0.259,1.41092807646259e-07,"5","RPS7"
4.38072877438591e-12,0.632374613298099,0.466,0.395,1.46920881635355e-07,"5","SKP1"
4.38536043586911e-12,0.815754052122104,0.321,0.25,1.47076218298178e-07,"5","RPL23A"
5.49837996670628e-12,0.675339706828426,0.425,0.34,1.84404667323395e-07,"5","RPL19"
6.94841541727946e-12,0.607096001128655,0.556,0.442,2.33035956264719e-07,"5","GNAS"
6.99187240724738e-12,0.57720395793359,0.494,0.462,2.34493416794263e-07,"5","RPLP1"
8.61819102672048e-12,0.736552292237285,0.386,0.3,2.89036890654152e-07,"5","RPL34"
1.25715074836532e-11,0.747302154681228,0.345,0.277,4.21623217986761e-07,"5","RPS16"
1.29521937794867e-11,0.550277455196488,0.429,0.39,4.34390674976424e-07,"5","RPL11"
1.54260152795794e-11,0.7099399625795,0.381,0.286,5.17357700446533e-07,"5","TOMM20"
3.94330219555688e-11,0.390457028775053,0.948,0.917,1.32250469034586e-06,"5","MT-CO2"
4.54363078671034e-11,0.674531692923046,0.384,0.312,1.52384289324691e-06,"5","RPS29"
5.17032327889916e-11,0.945169420259419,0.265,0.194,1.7340230212772e-06,"5","AL078639.1"
5.34071591998293e-11,0.545307075988283,0.556,0.405,1.79116930524388e-06,"5","OPALIN"
6.00667678865713e-11,0.73542963674077,0.377,0.303,2.01451926137983e-06,"5","PEG3"
6.48140461188038e-11,0.601005575474514,0.526,0.433,2.17373347873244e-06,"5","TUBA1B"
9.31309635324988e-11,0.553877069022769,0.373,0.341,3.12342625495294e-06,"5","RPSA"
1.35995298791722e-10,0.505029891854466,0.737,0.689,4.56101033087679e-06,"5","EEF1A1"
1.40841077682522e-10,0.685440001007614,0.338,0.273,4.72352806331641e-06,"5","MRFAP1"
1.6991336875643e-10,0.667082761716023,0.291,0.248,5.69855456135314e-06,"5","UBA52"
3.23385542510681e-10,0.787538145920145,0.267,0.208,1.08457043247232e-05,"5","RPS4X"
3.40787231510331e-10,0.862586038669555,0.325,0.22,1.14293221703935e-05,"5","COX6C"
3.72363155568435e-10,0.817030804965138,0.282,0.232,1.24883155114542e-05,"5","MAP4"
3.81345842498729e-10,0.492609966087693,0.489,0.437,1.27895768657224e-05,"5","RPS28"
5.7559447946083e-10,0.803880091629191,0.304,0.222,1.93042876521573e-05,"5","RPL22"
5.77151248190375e-10,0.619627308963988,0.453,0.352,1.93564985618088e-05,"5","YWHAG"
6.36148112293106e-10,0.669054625199764,0.414,0.324,2.13351353900862e-05,"5","RAC1"
7.38506996601039e-10,0.677436507565962,0.31,0.249,2.47680476520057e-05,"5","AHCYL1"
7.71718513395582e-10,0.824562139511633,0.287,0.198,2.5881895502261e-05,"5","ENO1"
9.24347091227169e-10,0.761295087622878,0.302,0.222,3.10007527455768e-05,"5","HINT1"
9.41840177401014e-10,0.590581584953081,0.312,0.289,3.15874358696752e-05,"5","RPL27A"
1.86819559221736e-09,0.558641664369887,0.414,0.354,6.26555437717858e-05,"5","RPL15"
1.99074472466382e-09,0.63151044674725,0.397,0.333,6.67655965757751e-05,"5","RPS24"
2.05174201909528e-09,0.586484523916464,0.284,0.252,6.88113238364176e-05,"5","ATP5F1B"
2.44049083877991e-09,0.536082958535084,0.334,0.308,8.18491817510005e-05,"5","RPLP2"
3.01023512434427e-09,0.669713794468964,0.347,0.308,0.000100957265600258,"5","RPL30"
4.05781033299419e-09,0.67140820183143,0.369,0.289,0.000136090842947959,"5","RPL36"
4.34442346765211e-09,0.293878251554275,0.985,0.945,0.000145703274258117,"5","MT-ND3"
4.85280378961025e-09,0.682034199789342,0.282,0.218,0.000162753333495949,"5","RPL7"
7.03533760372312e-09,0.405827059012949,0.308,0.313,0.000235951152553666,"5","NACA"
7.23092493264204e-09,0.469023193427535,0.524,0.462,0.000242510760390949,"5","YWHAE"
8.51590957394302e-09,0.570826179016389,0.356,0.292,0.000285606575290901,"5","ARL6IP1"
8.54358408559008e-09,0.359533579707386,0.787,0.686,0.00028653472306252,"5","QDPR"
8.86586045352369e-09,0.40867863881464,0.759,0.688,0.000297343227890277,"5","GLUL"
1.74840286867948e-08,0.656915976908144,0.287,0.232,0.000586379354097725,"5","COX4I1"
2.08373515666076e-08,0.537988567911959,0.416,0.346,0.000698843096840887,"5","FAU"
2.77038129615052e-08,0.690612470454504,0.306,0.239,0.000929130479102963,"5","PPP2CB"
3.35451720484766e-08,0.597409709679053,0.431,0.341,0.00112503798016181,"5","PJA2"
3.93524083170545e-08,0.7982104972457,0.265,0.19,0.00131980107013737,"5","COX7C"
5.55287081440118e-08,0.578842066817176,0.384,0.312,0.00186232181373387,"5","RPL7A"
7.18179268450103e-08,0.559547549707425,0.371,0.316,0.00240862963052796,"5","GNB1"
8.10769218266111e-08,0.369597473550525,0.767,0.678,0.00271915780422088,"5","DPYSL2"
8.97632539249979e-08,0.643678475938053,0.28,0.23,0.00301048001013658,"5","PTPN11"
9.08081123304375e-08,0.406407199562535,0.623,0.575,0.00304552247133821,"5","CADM2"
9.44516422639012e-08,0.492591612452263,0.502,0.427,0.00316771917824672,"5","ACTG1"
1.03582121907829e-07,0.534425780831613,0.317,0.285,0.00347393720454475,"5","RPS11"
1.10879848607575e-07,0.525079839471162,0.33,0.292,0.00371868836260086,"5","TERF2IP"
1.19299116415102e-07,0.653826974073755,0.334,0.254,0.00400105376632971,"5","RPS25"
1.27991412627401e-07,0.803757594611301,0.261,0.179,0.00429257599669779,"5","ATP5MPL"
1.31355005953003e-07,0.576709504264628,0.315,0.278,0.0044053841896518,"5","RPL5"
1.33450904623454e-07,0.581040754581114,0.414,0.327,0.0044756764392614,"5","ATP5ME"
1.38212915416661e-07,0.534640690718692,0.332,0.288,0.00463538475724397,"5","PPP1CB"
1.50457832604106e-07,0.476466573552165,0.53,0.494,0.00504605478987651,"5","TPT1"
1.76148982638925e-07,0.770242561408061,0.256,0.192,0.00590768457974425,"5","RPL39"
1.77549288215411e-07,0.625139778858193,0.278,0.224,0.00595464802816845,"5","ELOB"
1.954463121854e-07,0.74703307835054,0.252,0.187,0.00655487841807394,"5","SUMO2"
1.99305384453644e-07,0.320884376418658,0.274,0.285,0.0066843039838063,"5","FIS1"
2.31394749256337e-07,0.686925994646566,0.291,0.224,0.00776051710055903,"5","ATP6V1E1"
3.00470415722808e-07,0.570320266386835,0.442,0.351,0.0100771768025115,"5","SRP14"
3.43888204155498e-07,0.45750214937905,0.569,0.5,0.0115333225909671,"5","STMN1"
3.6948785138709e-07,0.61838879186631,0.297,0.234,0.0123918835598202,"5","COX6A1"
3.81736788261035e-07,0.575419570876364,0.269,0.222,0.0128026884046986,"5","RPS21"
4.08109219415901e-07,0.702579914491207,0.25,0.205,0.0136871670007705,"5","ACTR2"
4.11498688914674e-07,0.620732140893123,0.256,0.208,0.0138008430288203,"5","MYL6"
4.1574973216899e-07,0.553891897578534,0.315,0.261,0.0139434145174836,"5","RPL14"
4.55242287286478e-07,0.586205065192619,0.302,0.246,0.0152679158310139,"5","TMA7"
4.91101676844077e-07,0.270884373968661,0.81,0.785,0.0164705680379967,"5","APP"
5.0366615189747e-07,0.509374041785396,0.358,0.319,0.0168919554023373,"5","RPS3"
5.74430484845543e-07,0.495928258852188,0.399,0.358,0.0192652496007498,"5","RPS19"
5.8219047622553e-07,0.255581965218524,0.849,0.85,0.0195255041916518,"5","MT-CYB"
6.48282061350663e-07,0.264997491897885,0.36,0.378,0.0217420837735785,"5","RPL13"
7.70643571568271e-07,0.308896586477218,0.705,0.663,0.0258458441032567,"5","PRNP"
8.19238181662592e-07,0.368445249228624,0.407,0.394,0.0274756101366,"5","PSD3"
8.5472593584119e-07,0.71064468092113,0.28,0.211,0.0286657984362418,"5","MT2A"
8.68291470116173e-07,0.690463797640369,0.252,0.196,0.0291207593247562,"5","KLC1"
9.20693424252196e-07,0.647185242630296,0.274,0.222,0.0308782160625702,"5","UQCRB"
1.15954565970631e-06,0.389653391943258,0.332,0.327,0.0388888423352302,"5","PMP2"
1.2988321011893e-06,0.373858815919156,0.739,0.657,0.0435602310096867,"5","CNDP1"
1.41748489690119e-06,0.369629542039254,0.349,0.334,0.0475396084722721,"5","CCNI"
1.47665967436018e-06,0.545394034667478,0.276,0.236,0.0495242121586918,"5","RPL4"
1.70652048992027e-06,0.305784280757998,0.409,0.404,0.057233284190946,"5","MTCH1"
1.86378952449478e-06,0.533461953157966,0.369,0.304,0.0625077730725058,"5","RPL38"
1.90806826224926e-06,0.356576745693649,0.823,0.758,0.0639927933793158,"5","FTL"
1.93510299048582e-06,0.348456187356853,0.418,0.402,0.0648994840949134,"5","CLTC"
2.32691857496226e-06,0.724256187484208,0.259,0.185,0.0780401951670842,"5","ITM2C"
3.75506134666368e-06,0.308136041835972,0.614,0.571,0.125937247444407,"5","H3F3B"
4.54237869253725e-06,0.366675540557015,0.481,0.445,0.152342296590314,"5","PRKACB"
4.67797668498326e-06,0.396286994187067,0.506,0.445,0.156889982060968,"5","ANK2"
5.25973878719039e-06,0.443549232399326,0.321,0.278,0.176401119444791,"5","RPL8"
5.50467610490232e-06,0.278664236543638,0.58,0.547,0.184615827206214,"5","SPTBN1"
5.7330783825578e-06,0.347160986015947,0.409,0.388,0.192275982794224,"5","CFL1"
6.48202537550615e-06,0.272479180163824,0.5,0.49,0.217394167043725,"5","SARAF"
7.70435404001202e-06,0.292459130341713,0.651,0.602,0.258388625793923,"5","NDRG2"
8.13464184574977e-06,0.618835684104141,0.256,0.212,0.272819618222756,"5","SCOC"
8.51416544729058e-06,0.383606936662467,0.483,0.441,0.285548080771232,"5","RPL10"
9.44615182764057e-06,0.450270596217087,0.442,0.359,0.316805039995409,"5","OAZ1"
1.2136920487557e-05,0.451151373703029,0.349,0.298,0.407048039311688,"5","AKAP11"
1.39433819074442e-05,0.544124357067837,0.274,0.241,0.467633142411862,"5","APLP2"
1.41232112519068e-05,0.430874509124564,0.412,0.358,0.473664258966451,"5","CSDE1"
2.34952366556583e-05,0.460263772454525,0.323,0.291,0.787983246957468,"5","RPL6"
2.36824623891536e-05,0.371857042797815,0.494,0.431,0.794262423607434,"5","EIF4A2"
2.63122469302261e-05,0.386499006302408,0.425,0.384,0.882460137545924,"5","PURA"
2.79916347508703e-05,0.521841069106267,0.252,0.21,0.938783446274688,"5","PPP2R1A"
2.81446545278229e-05,0.436491595742859,0.308,0.28,0.943915423554123,"5","RPS8"
3.34375893358537e-05,0.258683501212212,0.537,0.522,1,"5","CAMK2N1"
3.64907518468501e-05,0.351501142297339,0.968,0.921,1,"5","MBP"
3.99910304789007e-05,0.415148064498494,0.293,0.255,1,"5","PCDH10"
4.36057550613041e-05,0.350395703756898,0.267,0.258,1,"5","DBI"
4.74554449701457e-05,0.35453855804742,0.341,0.318,1,"5","SET"
4.75783175026603e-05,0.368341795778507,0.291,0.28,1,"5","RACK1"
4.90258190811279e-05,0.402612043809215,0.315,0.287,1,"5","RPS2"
5.50419470014291e-05,0.552326546716311,0.278,0.225,1,"5","PPP2R2B"
5.53410519325557e-05,0.323306751885073,0.517,0.457,1,"5","GNAO1"
6.81606975555291e-05,0.450608491697221,0.373,0.315,1,"5","PRKAR1A"
8.14040519889562e-05,0.321574897609064,0.397,0.375,1,"5","RHOU"
8.84966073649951e-05,0.254106043037343,0.448,0.43,1,"5","YWHAQ"
0.000104002062176502,0.438751608360871,0.347,0.297,1,"5","OCIAD1"
0.000104305356141058,0.378551046047084,0.418,0.365,1,"5","GNAQ"
0.000117329787740785,0.325537614537322,0.349,0.328,1,"5","SERF2"
0.0001207620918019,0.347329200070449,0.407,0.362,1,"5","SLC48A1"
0.000129582463245225,0.292476618812779,0.603,0.539,1,"5","SEPT4"
0.000130261792677192,0.502987014349926,0.272,0.216,1,"5","NCKAP1"
0.000160139366217685,0.35152389002404,0.347,0.335,1,"5","NAP1L1"
0.000192031390493321,0.33706588196189,0.377,0.393,1,"5","S100B"
0.000208999837562971,0.419236212306493,0.358,0.271,1,"5","TSC22D1"
0.000212233388424917,0.250471649324014,0.36,0.364,1,"5","RPL18"
0.000216948357690149,0.281545778286976,0.312,0.303,1,"5","TAX1BP1"
0.000223853282253949,0.360003633731777,0.323,0.29,1,"5","USP22"
0.00026278245258801,0.287435968561812,0.474,0.431,1,"5","SEC62"
0.000281836534243697,0.296097141099509,0.489,0.458,1,"5","FAIM2"
0.000306655835824262,0.306670081117884,0.256,0.262,1,"5","CDC42"
0.000309397544572031,0.367825240754267,0.269,0.255,1,"5","ARF1"
0.000336219568320913,0.473815655901675,0.276,0.23,1,"5","EIF4B"
0.000370894098735547,0.454051210343538,0.259,0.229,1,"5","AK5"
0.000385288171065168,0.294587052430706,0.431,0.401,1,"5","GAS7"
0.000397972339152503,0.346203422660196,0.416,0.374,1,"5","CLIC4"
0.00045820759036711,0.521311143972992,0.259,0.205,1,"5","BSG"
0.000467885220768202,0.394857942997008,0.334,0.288,1,"5","FGD5-AS1"
0.000480743180632615,0.392683431882693,0.341,0.297,1,"5","RHOA"
0.000493193385184392,0.381093103823606,0.347,0.304,1,"5","DDX24"
0.000516303213823951,0.33831868513396,0.403,0.366,1,"5","NECAB1"
0.000535148640375386,0.291219631273191,0.405,0.404,1,"5","PEA15"
0.000652220101329376,0.275674363240503,0.603,0.543,1,"5","UBC"
0.000652615351780986,0.355542700986713,0.448,0.38,1,"5","RNASE1"
0.000693324545958101,0.260514356680884,0.856,0.819,1,"5","FTH1"
0.000798698467289342,0.252434460799817,0.619,0.589,1,"5","NUCKS1"
0.000901321321982744,0.383271722104246,0.28,0.251,1,"5","BEX4"
0.000955109217433049,0.299778952498965,0.571,0.519,1,"5","SERINC1"
0.00101783365898519,0.427205899336954,0.254,0.222,1,"5","DYNLRB1"
0.00112454556825668,0.255217639016368,0.269,0.275,1,"5","C6orf62"
0.00113524730867025,0.472512122955861,0.252,0.188,1,"5","LDHB"
0.00121122783301071,0.357898410124257,0.293,0.265,1,"5","RPL24"
0.00142228561215497,0.280816695509922,0.304,0.295,1,"5","FAXDC2"
0.00154804681490384,0.296382247740087,0.657,0.64,1,"5","MTRNR2L12"
0.00159587123161507,0.395391573154467,0.25,0.239,1,"5","ZNF148"
0.00174272988231141,0.322347220985952,0.278,0.261,1,"5","REEP5"
0.0017451060738596,0.412776501359069,0.295,0.252,1,"5","LRP6"
0.0017869404440595,0.34647048404978,0.31,0.284,1,"5","TMOD2"
0.00190296340036126,0.371998067016028,0.345,0.297,1,"5","ATP1A1"
0.00202233048081561,0.380583108709357,0.287,0.244,1,"5","GDI1"
0.00206012870180164,0.250392429205295,0.502,0.465,1,"5","ARHGAP5"
0.00215174793863604,0.265766395240813,0.278,0.273,1,"5","DOCK4"
0.00238558903634593,0.268827382418136,0.276,0.265,1,"5","EIF1AX"
0.00245212409318018,0.360077888821931,0.278,0.249,1,"5","EIF4H"
0.00252492133674122,0.32288269451196,0.287,0.269,1,"5","LRP4"
0.00263180352864507,0.329822653647,0.345,0.293,1,"5","CD63"
0.00323638772036781,0.351206919777512,0.321,0.293,1,"5","MPRIP"
0.00379942347736466,0.401273715200902,0.269,0.236,1,"5","PABPC1"
0.00449492006997297,0.298602305094517,0.265,0.254,1,"5","ZNF106"
0.00527114123321687,0.263875797832629,0.297,0.274,1,"5","AES"
0.00553726441714909,0.341482376527724,0.274,0.239,1,"5","TM9SF3"
0.00613066922491438,0.383136120162795,0.317,0.295,1,"5","RPS15"
0.00621757517480287,0.424757246002482,0.259,0.211,1,"5","SIRPA"
0.00828185254872726,0.300340194854954,0.332,0.296,1,"5","RHOB"
0.00862224892607381,0.408753992038226,0.252,0.202,1,"5","MAST3"
