"p_val","avg_log2FC","pct.1","pct.2","p_val_adj","cluster","gene"
3.81722270835365e-285,4.54764519748251,0.856,0.268,1.28022015192765e-280,"0","AQP4"
1.42101488496052e-243,2.76286036150321,0.976,0.707,4.7657997211806e-239,"0","CLU"
2.50588461284251e-218,3.88272503393776,0.815,0.397,8.40423581455122e-214,"0","GJA1"
1.88736240236913e-159,2.66042420585087,0.786,0.526,6.32983602506558e-155,"0","DST"
1.15329110159039e-157,2.84215257883982,0.774,0.332,3.86790769651384e-153,"0","CKB"
1.1999965990622e-147,4.52301655525685,0.574,0.116,4.0245485939348e-143,"0","MLC1"
8.90798132764638e-142,2.3208061133221,0.847,0.397,2.98755877766604e-137,"0","NTRK2"
3.17953386696284e-137,3.22083551596567,0.631,0.211,1.066352068302e-132,"0","PDE4DIP"
1.76107716575612e-133,5.78940057002588,0.488,0.045,5.90630059851289e-129,"0","DNER"
1.38841580847325e-132,3.8206062751788,0.582,0.113,4.6564689384576e-128,"0","PTPRZ1"
4.60780457106596e-132,3.39895210472191,0.606,0.185,1.5453654970441e-127,"0","AGT"
2.29798391524499e-131,4.30577785100269,0.546,0.084,7.70697845494864e-127,"0","FGFR3"
4.2390300858106e-131,3.49976206756479,0.604,0.138,1.42168591017916e-126,"0","TTYH1"
4.58515603210822e-122,2.48764238360491,0.74,0.327,1.53776963004846e-117,"0","GPM6A"
1.3336474027351e-121,2.18055765083735,0.832,0.51,4.47278665929297e-117,"0","GPM6B"
2.31513378883058e-118,2.16960019589525,0.703,0.431,7.76449570097999e-114,"0","AHCYL1"
7.0298432525622e-118,2.09003257199129,0.665,0.441,2.35766883004431e-113,"0","MSI2"
8.69663601317267e-118,3.85694940604769,0.529,0.077,2.91667778609785e-113,"0","NCAM1"
1.01310568789122e-117,5.75628279294756,0.469,0.05,3.39775385604958e-113,"0","ADGRV1"
7.39653272286812e-117,4.01427990443322,0.51,0.096,2.48064914459551e-112,"0","BCAN"
1.20545688920658e-116,4.45082951206008,0.481,0.052,4.04286131502102e-112,"0","SDC4"
1.95347383502651e-116,3.92947547849585,0.529,0.096,6.55156054791191e-112,"0","DDR1"
3.72830465130729e-115,4.59378247228542,0.476,0.043,1.25039881395544e-110,"0","EFEMP1"
5.82713910557439e-114,3.65245807004962,0.539,0.101,1.95430591322754e-109,"0","SORL1"
4.23565809660959e-113,8.72927507473538,0.375,0.003,1.42055501244093e-108,"0","TNC"
9.29091263964822e-113,4.42296500267311,0.471,0.063,3.11598628108522e-108,"0","GPR37L1"
4.2028119334888e-111,2.4849679519689,0.611,0.324,1.40953906625347e-106,"0","OGFRL1"
8.90378185346096e-111,4.50221715510347,0.486,0.081,2.98615035801374e-106,"0","SOX9"
4.51213720871711e-109,2.11489666714796,0.761,0.481,1.51328057705954e-104,"0","SLC1A3"
1.90678837257904e-108,3.11994341290626,0.604,0.218,6.39498684395557e-104,"0","PCDH9"
3.02772686899019e-108,5.8686433941188,0.4,0.018,1.01543903732193e-103,"0","APC2"
8.97784259120835e-108,2.65972712754208,0.593,0.274,3.01098884823946e-103,"0","GPRC5B"
1.46952525233848e-107,4.48257795245989,0.454,0.06,4.92849379129281e-103,"0","ADCY2"
1.42604273440923e-105,3.50757859356098,0.519,0.08,4.78266212266169e-101,"0","VCAN"
2.66886020373738e-104,4.75073911420211,0.442,0.041,8.95082335129443e-100,"0","SLC14A1"
6.17648889652353e-104,3.48235213053909,0.517,0.122,2.07147084611606e-99,"0","ITGB8"
5.15584644807394e-103,3.47287990874141,0.525,0.115,1.72916778175504e-98,"0","HEPACAM"
7.23677894855523e-103,4.62843836011437,0.433,0.052,2.42707092376645e-98,"0","PSD2"
8.21125042795387e-98,3.12510310423002,0.543,0.151,2.75388916852717e-93,"0","NTM"
1.66814838303185e-97,4.97977405985927,0.424,0.055,5.59463604701221e-93,"0","AQP1"
4.5743293853769e-97,3.51811951452231,0.489,0.138,1.5341385892677e-92,"0","METRN"
6.83653962700123e-95,4.8209876602037,0.407,0.044,2.29283866010367e-90,"0","SOX2"
1.73884421696602e-93,1.60635520374073,0.808,0.682,5.83173573486065e-89,"0","PSAP"
1.77976840773784e-93,2.54358499908773,0.557,0.301,5.96898728587118e-89,"0","TMEM47"
2.63801404511239e-93,4.85178914931693,0.401,0.042,8.84737150449794e-89,"0","NAT8L"
2.8135626457026e-92,4.41395503484222,0.404,0.051,9.43612640115738e-88,"0","RGMA"
2.16716592257094e-91,4.65565966377365,0.383,0.028,7.26824107111842e-87,"0","ARHGEF4"
5.95833560207689e-90,3.33112094819314,0.464,0.103,1.99830659422455e-85,"0","FUT9"
6.17629455433689e-90,2.38635676766933,0.621,0.329,2.07140566763351e-85,"0","DTNA"
1.99772548376566e-87,2.23575703620066,0.603,0.301,6.69997172745328e-83,"0","KIF1B"
1.93401582587235e-84,5.16406880270299,0.353,0.033,6.48630227681068e-80,"0","NPAS3"
3.70522807276612e-84,5.35932737625873,0.331,0.015,1.2426593910443e-79,"0","SLC16A9"
1.57972042156062e-83,1.61025317185233,0.836,0.69,5.29806634983e-79,"0","CPE"
7.41158864847886e-83,3.42856718983113,0.443,0.1,2.48569860092684e-78,"0","SERPINE2"
4.1076326229504e-82,1.23843955808583,0.825,0.63,1.3776178290851e-77,"0","PTGDS"
4.1948949771228e-82,4.06131105456303,0.403,0.067,1.40688387742745e-77,"0","KCNN3"
2.70193066751379e-80,1.3772139519773,0.732,0.737,9.06173507270774e-76,"0","MACF1"
3.70357215393893e-80,1.14416450011018,0.811,0.754,1.24210402898804e-75,"0","ZBTB20"
4.43314985427231e-80,4.71508437868543,0.356,0.031,1.48678979812585e-75,"0","ACOT11"
2.50613662377379e-79,3.58674003582027,0.415,0.099,8.40508100881253e-75,"0","ADCYAP1R1"
8.43153045395491e-79,4.73115741835878,0.338,0.034,2.8277666836474e-74,"0","POU3F2"
4.6587848365671e-78,3.83933363598234,0.404,0.072,1.56246325848788e-73,"0","TRIL"
4.7605411222552e-78,1.96657713995346,0.6,0.367,1.59659028158195e-73,"0","LIFR"
7.89658435552909e-78,2.67661615184857,0.485,0.173,2.64835646115735e-73,"0","DOCK7"
3.15982351065143e-76,2.8065008009562,0.482,0.163,1.05974160900228e-71,"0","CAMK2G"
3.6625231883857e-76,5.96934379327739,0.299,0.014,1.2283370269208e-71,"0","CRB2"
2.45101023473205e-75,4.72591012912869,0.342,0.04,8.22019812524436e-71,"0","RFX4"
4.01857778639565e-74,5.99443069864799,0.289,0.012,1.34775061800137e-69,"0","CRLF1"
6.28868091725369e-74,3.14114573502552,0.425,0.129,2.10909780602854e-69,"0","GAN"
1.82565585569382e-73,4.02151108995913,0.378,0.058,6.12288460882593e-69,"0","CADM1"
5.13359763808405e-73,3.5169015572684,0.39,0.118,1.72170597586063e-68,"0","CD44"
5.56293545286314e-73,0.964143509150812,0.678,0.732,1.86569729218124e-68,"0","PNISR"
8.90128438746734e-73,2.93250283555291,0.467,0.139,2.98531275786879e-68,"0","ANK2"
2.72293863692557e-72,4.75103687124705,0.324,0.03,9.13219160052097e-68,"0","BAIAP3"
1.83478915922902e-71,4.76914600595182,0.312,0.027,6.15351588222229e-67,"0","ITGB4"
2.31511857024034e-71,3.5631010139044,0.382,0.064,7.76444466087204e-67,"0","KIF1A"
7.32651954752936e-70,2.90925249629032,0.432,0.141,2.4571681258504e-65,"0","PLPP3"
7.89456363214865e-69,1.61198468007614,0.615,0.448,2.64767875095002e-64,"0","ADD3"
9.034108571333e-69,2.40757171276832,0.499,0.213,3.02985933265366e-64,"0","GRAMD2B"
1.01856895136507e-68,3.75660248852937,0.354,0.06,3.41607654908817e-64,"0","PLXNB1"
3.13756417638231e-68,7.44550753692425,0.25,0.005,1.0522762734751e-63,"0","SLC47A2"
3.66172700075478e-68,2.08607185500056,0.8,0.647,1.22807000151314e-63,"0","GFAP"
5.94233553470687e-68,2.94304701954099,0.443,0.129,1.99294049162999e-63,"0","AEBP1"
2.01517010742032e-67,2.62858133812203,0.446,0.159,6.75847750626627e-63,"0","CTNND2"
2.1785757451617e-67,2.02361116689471,0.488,0.321,7.30650733412332e-63,"0","LAMP2"
2.302170839213e-67,4.39907638932993,0.318,0.029,7.72102056055256e-63,"0","CFAP70"
6.15278151492234e-67,3.27201277828486,0.39,0.102,2.06351986447465e-62,"0","PFKFB3"
2.34006347394537e-66,2.6169594278253,0.431,0.164,7.84810487891798e-62,"0","FADS2"
4.78230049554812e-66,3.17465211320089,0.381,0.084,1.60388794019693e-61,"0","KCNJ10"
1.88454486052362e-65,3.898302179302,0.336,0.057,6.32038655322411e-61,"0","B3GAT2"
3.46864628919835e-65,2.7662180473617,0.442,0.143,1.16331459247134e-60,"0","GATM"
1.83894764310345e-64,4.67225384756324,0.267,0.011,6.16746260544035e-60,"0","HYDIN"
5.09324813587059e-64,4.88927992947689,0.285,0.021,1.70817355980828e-59,"0","IQCA1"
7.29149839065239e-64,3.18882250035985,0.332,0.035,2.445422730257e-59,"0","COL16A1"
8.30823073489598e-64,2.01050102176103,0.54,0.341,2.78641442386941e-59,"0","ATP1B2"
1.62558839592466e-63,2.27025099630486,0.486,0.203,5.45189836225213e-59,"0","LSAMP"
1.7989985712467e-63,2.02778588974713,0.488,0.303,6.03348140824717e-59,"0","CSRP1"
2.62471132205325e-63,3.48166237091237,0.356,0.086,8.80275683190219e-59,"0","DPYSL3"
2.64397230689454e-63,4.27986381901109,0.315,0.04,8.86735432286289e-59,"0","FMN2"
4.91168034593909e-63,3.85685660235927,0.329,0.051,1.64727935442105e-58,"0","ACSL6"
5.16136720875698e-63,3.70833911072278,0.344,0.062,1.73101933447292e-58,"0","ID4"
5.16742597953696e-62,3.74893140157542,0.339,0.079,1.7330513250171e-57,"0","SLC38A1"
5.4588491382704e-62,4.40599396253935,0.307,0.05,1.83078882399313e-57,"0","PFKFB2"
1.90811056400419e-61,3.25104150937777,0.371,0.082,6.39942120955725e-57,"0","ADGRA3"
3.26411917329552e-61,4.38841044934367,0.329,0.055,1.09472028833985e-56,"0","CAPS"
4.35436857458571e-61,2.21994000878404,0.439,0.25,1.46036813254456e-56,"0","EZR"
4.66241447686161e-61,5.05125413261984,0.269,0.02,1.56368056724985e-56,"0","BMP7"
4.87512271866985e-61,2.34511846989654,0.45,0.243,1.6350186573875e-56,"0","PBXIP1"
5.02181500335069e-61,2.49401307317313,0.439,0.203,1.68421631582375e-56,"0","TSC22D4"
5.76104212448118e-60,2.97090315253803,0.393,0.116,1.9321383077085e-55,"0","SIRPA"
1.47124088442717e-59,2.59244566111059,0.393,0.156,4.93424767819183e-55,"0","LPIN1"
1.71980986223246e-59,2.99720320818425,0.371,0.089,5.76789831595522e-55,"0","HEPN1"
1.94299739494707e-59,4.81640216775733,0.274,0.028,6.51642466317349e-55,"0","HHATL"
3.10046088477203e-59,3.62628297764126,0.346,0.079,1.03983257153484e-54,"0","NRXN1"
4.43019276278832e-59,2.94360490349607,0.39,0.152,1.48579804878395e-54,"0","HSPB8"
1.77841456533212e-58,4.36176686250899,0.286,0.028,5.96444676921088e-54,"0","CD24"
2.24797041559192e-58,3.26187826140658,0.358,0.097,7.53924317981217e-54,"0","TNIK"
2.7833963509161e-58,2.09776687743949,0.656,0.37,9.33495468170242e-54,"0","SLC1A2"
3.94775456843337e-57,2.52781272922707,0.426,0.158,1.32399792716118e-52,"0","FAM171B"
5.9525215689339e-57,1.64838819104195,0.565,0.385,1.99635668378905e-52,"0","PRNP"
6.55528698904278e-57,1.66505666639957,0.561,0.418,2.19851215038517e-52,"0","TUBA1A"
7.48754313099196e-57,3.17307438951441,0.338,0.096,2.51117221527208e-52,"0","FAM189A2"
2.20071899536792e-56,2.29818911277143,0.474,0.223,7.38077136666493e-52,"0","SCD5"
2.40188706903061e-56,2.34823379712903,0.4,0.213,8.05544885211485e-52,"0","ITPKB"
1.03320600909886e-55,2.15059564448034,0.44,0.199,3.46516631331576e-51,"0","DAAM1"
1.49111924055248e-55,4.61117406870249,0.262,0.027,5.0009157089649e-51,"0","LGI1"
2.06548753647037e-55,2.59734057624774,0.383,0.148,6.92723209981432e-51,"0","KIAA0930"
4.99762209199518e-55,1.5454931868029,0.517,0.394,1.67610249721334e-50,"0","METTL7A"
2.56744173205025e-54,3.69212254504955,0.3,0.051,8.61068608095013e-50,"0","PAX6"
3.23696269116697e-54,3.87305788966488,0.272,0.026,1.08561254736358e-49,"0","MEIS2"
3.87023039789293e-54,2.32149955747293,0.431,0.181,1.29799787084533e-49,"0","TRIM2"
4.10444159593189e-53,1.52830224490652,0.531,0.38,1.37654762244364e-48,"0","SORBS1"
5.86769321185192e-53,4.33357242496364,0.257,0.023,1.9679069493909e-48,"0","COL21A1"
6.70045446086485e-53,3.16652625396222,0.354,0.124,2.24719841708485e-48,"0","ID2"
1.5037211172521e-52,3.17436181503752,0.349,0.082,5.04317988304008e-48,"0","FZD3"
3.23297536148387e-52,1.36219569126159,0.608,0.518,1.08427527673446e-47,"0","ITM2C"
5.05054215392897e-52,1.65755598338649,0.546,0.366,1.6938508275847e-47,"0","CCDC88A"
1.1081099975834e-51,2.76895078009153,0.385,0.138,3.71637930989522e-47,"0","APOE"
1.52236719994445e-51,2.49684471829065,0.393,0.15,5.10571511517369e-47,"0","CNTN1"
1.89602874388244e-51,2.69042812551942,0.367,0.131,6.35890120123294e-47,"0","CTSH"
1.93472963299365e-51,2.10620244545464,0.418,0.217,6.48869624313411e-47,"0","LRIG1"
1.99116284355462e-51,3.48835613370312,0.297,0.058,6.6779619447135e-47,"0","TRIM9"
2.88556611125175e-51,1.9279597903522,0.49,0.31,9.67761162391613e-47,"0","APC"
3.22067517371263e-51,3.05255664059141,0.339,0.1,1.08015003975974e-46,"0","ACSS1"
3.84004528341356e-51,2.3059116074048,0.433,0.193,1.28787438715124e-46,"0","DCLK1"
1.88126741125423e-50,0.905798969071505,0.725,0.682,6.30939464386442e-46,"0","QKI"
2.03127333573331e-50,3.24209266227751,0.31,0.076,6.81248451338238e-46,"0","DCLK2"
6.08218798163925e-50,2.64647590749047,0.361,0.115,2.03984420528217e-45,"0","WFS1"
7.6406680527599e-50,1.7824904457179,0.433,0.289,2.56252725153462e-45,"0","TSPAN3"
1.80740471888156e-49,1.85080419977857,0.467,0.284,6.06167394618496e-45,"0","MAT2A"
2.1041229064168e-49,1.6962458815979,0.529,0.315,7.05680740354067e-45,"0","S100B"
7.59394702869155e-49,1.82742706057112,0.451,0.268,2.54685795448257e-44,"0","RHOBTB3"
9.00545805493082e-49,2.51400777601751,0.367,0.151,3.0202505224627e-44,"0","FMNL2"
2.75650151089638e-48,1.99852571969489,0.456,0.221,9.24475476724428e-44,"0","ASPH"
4.32899346715467e-48,3.14061953343394,0.296,0.081,1.45185782901433e-43,"0","SLC25A18"
5.66948561704089e-48,1.96753944144189,0.469,0.272,1.90143208624317e-43,"0","C1orf61"
8.95447699082036e-48,2.59096474794486,0.376,0.153,3.00315249318133e-43,"0","DDAH1"
1.55119647000545e-47,2.83390167664674,0.349,0.111,5.20240272110428e-43,"0","EDNRB"
1.63833848955382e-47,2.6511264301988,0.35,0.1,5.4946596262656e-43,"0","NRCAM"
2.04832238284095e-47,2.47611020815953,0.34,0.155,6.86966360757198e-43,"0","PALLD"
3.28131735986241e-47,3.10353557092781,0.3,0.067,1.10048821615066e-42,"0","KIF21A"
5.32637912726449e-47,2.91037175166433,0.321,0.101,1.78636103170196e-42,"0","TPD52L1"
8.2362493512858e-47,3.33598749612955,0.289,0.061,2.76227330743423e-42,"0","APLNR"
1.11171302075425e-46,1.95205245187143,0.426,0.24,3.72846312900559e-42,"0","MAPK10"
1.99249991360131e-46,3.09209737638193,0.307,0.078,6.68244621023607e-42,"0","IRS2"
2.46101263334956e-46,1.02820364627131,0.658,0.639,8.25374416972777e-42,"0","CD81"
3.05768032266846e-46,3.76171048508539,0.261,0.065,1.02548482661655e-41,"0","MAOB"
4.81213868370358e-46,2.21992252418448,0.389,0.233,1.61389507174051e-41,"0","CRYAB"
2.76593795917145e-45,2.57246601125256,0.349,0.126,9.27640272746922e-41,"0","LMO3"
3.96658035230479e-45,2.69256429078995,0.329,0.095,1.33031171855598e-40,"0","ETNPPL"
4.60208835573354e-45,3.67634174084279,0.26,0.066,1.54344839274591e-40,"0","IL17D"
1.06009881948167e-44,3.16244094602181,0.286,0.053,3.55535942077762e-40,"0","BMPR1B"
2.4160610654393e-44,3.28854134849905,0.299,0.103,8.10298560127034e-40,"0","TPPP3"
5.18578475480498e-44,3.30768650447984,0.282,0.061,1.73920849106649e-39,"0","PFKP"
2.37843335294119e-43,1.61679980991141,0.478,0.324,7.97678977909415e-39,"0","SYT11"
3.78188415261335e-43,0.839243939030609,0.738,0.88,1.26836830710346e-38,"0","NEAT1"
6.57725817025149e-43,2.67468221396391,0.308,0.103,2.20588084513894e-38,"0","SLC4A4"
8.09921928312087e-43,1.77543526580415,0.401,0.235,2.71631616317308e-38,"0","FNBP1"
1.46398225957984e-42,2.58869896823727,0.318,0.12,4.90990370217886e-38,"0","NSMF"
3.57533864406784e-42,2.62257037883682,0.328,0.116,1.19909707444747e-37,"0","INTU"
3.66201628264389e-42,3.26294937074184,0.269,0.051,1.22816702087311e-37,"0","CERS1"
3.69580175098739e-42,2.34271320790751,0.339,0.134,1.23949799124615e-37,"0","SSPN"
9.7543296491468e-42,1.9596834303649,0.372,0.251,3.27140707773085e-37,"0","WLS"
1.15296193162037e-41,3.15338685432276,0.261,0.043,3.8668037262684e-37,"0","SRGAP3"
1.18327431040392e-41,2.03461462483222,0.406,0.184,3.96846538223266e-37,"0","TRPS1"
2.28218373680247e-41,3.32655648668815,0.269,0.053,7.65398781648812e-37,"0","GABRA2"
5.86557401812685e-41,2.0181311045406,0.394,0.217,1.96719621419938e-36,"0","NFASC"
8.76778286143457e-41,2.64191513316774,0.312,0.084,2.94053901606793e-36,"0","PRRT2"
9.2447646178366e-41,2.18503564905922,0.368,0.184,3.10050915753004e-36,"0","HACD3"
1.39612933734082e-40,2.7097766391913,0.314,0.09,4.68233857157366e-36,"0","MGST1"
2.51196663851628e-40,3.13986057626054,0.268,0.059,8.42463371225591e-36,"0","GLIS3"
5.6698611502203e-40,2.09701892783134,0.349,0.184,1.90155803256089e-35,"0","TKT"
6.09969059219816e-40,2.42942068219522,0.354,0.142,2.04571423081142e-35,"0","SFXN5"
8.79680721068435e-40,2.23500212518137,0.349,0.159,2.95027320231932e-35,"0","FEZ1"
1.33901322311246e-39,2.67061416972816,0.296,0.101,4.49078254767456e-35,"0","TMEM132A"
1.8861460688676e-39,2.84590738856745,0.26,0.044,6.32575668576817e-35,"0","ZFHX4"
2.24536625059801e-39,2.17757533723038,0.333,0.166,7.5305093312556e-35,"0","NFIX"
4.5002514854755e-39,2.33586228288023,0.331,0.143,1.50929434319877e-34,"0","ARAP2"
4.77088119109563e-39,2.44536578958686,0.318,0.113,1.60005813386965e-34,"0","IQCK"
4.78849056551479e-39,2.28752979026794,0.336,0.17,1.60596396586235e-34,"0","CCDC14"
5.88030544496851e-39,3.19293645296653,0.25,0.06,1.97213684013354e-34,"0","RAMP1"
6.15686158802481e-39,2.92278241990765,0.268,0.059,2.06488823939176e-34,"0","MAPT"
6.30865347977309e-39,2.50042250316214,0.312,0.084,2.1157962040463e-34,"0","PHYHIPL"
6.73117333095767e-39,1.9438128908704,0.396,0.199,2.25750091173658e-34,"0","ZMAT1"
9.80276154494744e-39,3.22637403505613,0.253,0.06,3.28765016694447e-34,"0","C2orf72"
3.28182590181629e-38,1.74199133248126,0.485,0.34,1.10065877095115e-33,"0","PMP2"
3.88315655521719e-38,2.80250398399719,0.297,0.081,1.30233304548874e-33,"0","AMER2"
4.44811329923902e-38,3.09598649423289,0.26,0.063,1.49180823829878e-33,"0","SREBF1"
7.18035510649596e-38,2.4577716666056,0.304,0.107,2.40814749561662e-33,"0","FAM171A1"
9.32836547734589e-38,2.96812814095633,0.282,0.076,3.12854721379227e-33,"0","FAIM2"
1.09107377194295e-37,3.03263490274969,0.253,0.05,3.65924321634226e-33,"0","MEGF10"
1.98262357068368e-37,1.34141912252941,0.478,0.36,6.64932293135893e-33,"0","RTN3"
4.55065878110523e-37,2.29326420830346,0.329,0.121,1.52619994200707e-32,"0","SNTA1"
8.09732968292287e-37,2.45316587352778,0.307,0.134,2.71568242905867e-32,"0","RTN1"
1.12783649985307e-36,3.06780686099901,0.264,0.072,3.78253805320721e-32,"0","GRIA2"
1.2754554264817e-36,2.40294172569789,0.318,0.119,4.27762240933434e-32,"0","CADM2"
1.2782966839161e-36,2.6751158386962,0.293,0.084,4.2871514185178e-32,"0","PTPRF"
3.08799218874252e-36,2.40149658753211,0.297,0.13,1.03565082026047e-31,"0","PITPNC1"
3.64316308778458e-36,2.62014482751353,0.315,0.132,1.22184403638119e-31,"0","PLTP"
3.72326594167709e-36,2.21903040058515,0.35,0.15,1.24870893151966e-31,"0","GABRG1"
8.01983511864158e-36,0.49470630182323,0.746,0.8,2.68969230209001e-31,"0","DDX17"
8.98568299580865e-36,2.06101917294346,0.338,0.165,3.01361836313431e-31,"0","PRKCA"
9.6146416310268e-36,2.24679507658667,0.306,0.145,3.22455851021377e-31,"0","RBM28"
9.65143671893379e-36,1.15962017726649,0.533,0.437,3.23689884679602e-31,"0","ARHGAP5"
1.18484848857729e-35,2.63814540411365,0.307,0.132,3.97374486099051e-31,"0","COL5A3"
1.50708122202503e-35,1.97350784200454,0.379,0.213,5.05444900242753e-31,"0","MTSS1L"
3.41575406894618e-35,1.41757259063102,0.41,0.312,1.14557559964317e-30,"0","HIF3A"
4.68287186421831e-35,2.00544593192262,0.351,0.12,1.57054156582154e-30,"0","MIR99AHG"
7.43195980903192e-35,0.995931840677809,0.592,0.573,2.49253068075312e-30,"0","CANX"
2.5210232988939e-34,1.96060790862002,0.382,0.187,8.45500793983036e-30,"0","GABPB1-AS1"
5.92638207773475e-34,2.29833335059634,0.304,0.123,1.98759002123068e-29,"0","FXYD1"
7.98493084294847e-34,2.06519010197221,0.344,0.155,2.67798610610806e-29,"0","PSD3"
1.11510443117271e-33,2.12417089251965,0.324,0.145,3.73983724126703e-29,"0","FGF2"
4.99054806810725e-33,2.67886569771299,0.269,0.096,1.67373001108181e-28,"0","PLCD3"
2.02887542532536e-32,2.23192431430738,0.293,0.14,6.8044424014562e-28,"0","NOTCH2"
4.20137767208196e-32,1.24845544825583,0.528,0.442,1.40905804366285e-27,"0","BAZ2B"
5.15763200352875e-32,2.3135730310397,0.289,0.134,1.72976662134347e-27,"0","BBS2"
5.6402898107655e-32,2.26025563608451,0.282,0.151,1.89164039673453e-27,"0","TOB1"
7.51797123594556e-32,1.47455616896925,0.376,0.266,2.52137719311142e-27,"0","ABR"
8.83473399665202e-32,2.00267260167748,0.347,0.153,2.96299308779715e-27,"0","SLC22A17"
3.47532309920501e-31,0.843391642982458,0.462,0.471,1.16555386101138e-26,"0","NEBL"
4.45374425321172e-31,2.02577300594136,0.332,0.154,1.49369674764215e-26,"0","RFX3"
1.88303316028698e-30,1.50177413062632,0.386,0.278,6.31531661297048e-26,"0","ARHGAP21"
2.13696452676538e-30,2.62795305213146,0.267,0.092,7.16695162986573e-26,"0","PSAT1"
2.28558404880949e-30,0.6589480997583,0.604,0.638,7.66539178289727e-26,"0","LUC7L3"
3.36287020542014e-30,0.677420638771405,0.529,0.577,1.12783940949381e-25,"0","PEBP1"
7.20520261887095e-30,0.97949666366615,0.557,0.429,2.41648085431694e-25,"0","SLC7A11"
8.64628668277698e-30,1.48331637298866,0.412,0.285,2.89979162766974e-25,"0","ENO1"
9.80714377022566e-30,0.932782097963206,0.532,0.455,3.28911987765828e-25,"0","PON2"
1.14504838717236e-29,0.933904348052092,0.488,0.443,3.84026328089865e-25,"0","MARCH6"
1.52007404333266e-29,2.18918251358271,0.299,0.132,5.09802432652906e-25,"0","NEK1"
5.20701367498551e-29,2.0266481938962,0.283,0.133,1.74632824631664e-24,"0","NAV2"
5.46030550259899e-29,1.50629485752353,0.369,0.145,1.83127725946165e-24,"0","F3"
6.41656526101503e-29,1.8553604503627,0.306,0.186,2.15198765723922e-24,"0","BMP2K"
1.10338900662992e-28,0.788826571929151,0.479,0.494,3.70054605043544e-24,"0","PKM"
1.19140699704896e-28,1.15978776563464,0.374,0.315,3.99574078670279e-24,"0","PRDX6"
2.6277498247686e-28,2.10260287013489,0.308,0.139,8.81294736230894e-24,"0","FABP5"
3.79776524860587e-28,1.42041037112717,0.379,0.289,1.27369450907744e-23,"0","PLEC"
5.8487202125949e-28,1.61026697933062,0.394,0.21,1.96154378490008e-23,"0","ECHDC2"
5.94210360191867e-28,0.771437104582293,0.535,0.531,1.99286270601148e-23,"0","TNRC6B"
6.02480496854859e-28,0.993751927230635,0.461,0.417,2.02059909035183e-23,"0","KMT2C"
7.58502697706983e-28,0.995694987275373,0.568,0.495,2.54386634756968e-23,"0","DPYSL2"
8.75672699481137e-28,1.30233239115825,0.326,0.3,2.93683109951984e-23,"0","UBL3"
2.39790784863389e-27,1.94137597145585,0.282,0.144,8.04210334274834e-23,"0","PFN2"
5.17160053858117e-27,0.788212217209626,0.39,0.42,1.73445138862935e-22,"0","GLG1"
6.16321914233337e-27,1.61139143801719,0.35,0.188,2.06702043595576e-22,"0","CHPT1"
7.11662737535803e-27,0.580256854470161,0.471,0.541,2.38677448914757e-22,"0","CALR"
1.03092834639057e-26,1.5911076195083,0.282,0.192,3.45752748812469e-22,"0","SAFB2"
1.6440284140162e-26,1.24084688661977,0.403,0.306,5.51374249492753e-22,"0","PPM1K"
2.21938397427546e-26,0.474186097349016,0.406,0.503,7.44336997292503e-22,"0","LAMP1"
6.67181860798112e-26,1.63110479904208,0.349,0.191,2.23759452474471e-21,"0","GABBR1"
7.65845130292329e-26,0.846175055162293,0.462,0.447,2.56849139797441e-21,"0","SPAG9"
8.40758606244976e-26,1.92732265306321,0.265,0.134,2.8197362136244e-21,"0","CSGALNACT1"
1.01019515562982e-25,1.3347481184366,0.381,0.319,3.38799251295128e-21,"0","JUN"
1.08841561709083e-25,1.39820541202209,0.393,0.258,3.65032829659924e-21,"0","ANKRD36C"
1.53234364636681e-25,1.6833783731729,0.314,0.203,5.13917412118501e-21,"0","HTRA1"
1.62961363586422e-25,2.20320425077354,0.256,0.099,5.46539821196143e-21,"0","ARHGAP32"
2.07370372625473e-25,0.710819397766316,0.531,0.531,6.95478755711312e-21,"0","SARAF"
2.42184362030244e-25,2.32223926889751,0.264,0.122,8.12237913377033e-21,"0","FBXO2"
3.28099782369742e-25,1.71679796561141,0.283,0.176,1.10038105011164e-20,"0","CTSF"
3.83441302902263e-25,1.97219949915785,0.265,0.134,1.28598544167361e-20,"0","SACS"
4.31918953984498e-25,0.254629231009506,0.635,0.775,1.44856978787321e-20,"0","TMBIM6"
4.47061028981137e-25,1.6294906629707,0.34,0.217,1.49935327899694e-20,"0","ALDH7A1"
5.77708794227976e-25,0.733509910538664,0.218,0.29,1.93751975408178e-20,"0","SELENOT"
7.59839034824966e-25,0.338630426850658,0.254,0.379,2.54834815499597e-20,"0","CEP350"
9.40079509459173e-25,1.1683551229619,0.325,0.275,3.15283865882418e-20,"0","DBI"
1.49218010795754e-24,0.670783157442176,0.444,0.469,5.00447364606799e-20,"0","VPS13C"
3.62325638379602e-24,1.63096982016075,0.299,0.187,1.21516772599751e-19,"0","FADS1"
4.14060466640202e-24,1.08408886725912,0.41,0.33,1.38867599301791e-19,"0","TNRC6A"
4.18285642289377e-24,0.653092688001991,0.276,0.314,1.40284638711011e-19,"0","FXYD6"
4.47231091232659e-24,1.16924220303026,0.374,0.308,1.49992363377609e-19,"0","ACADVL"
1.82188864446481e-23,0.969126622311812,0.319,0.314,6.11025013580608e-19,"0","NDFIP1"
1.96898037245341e-23,0.967642310055095,0.399,0.345,6.60356637313423e-19,"0","CBX5"
2.38472416881942e-23,0.713000325765906,0.399,0.449,7.99788791738657e-19,"0","CTSD"
3.28796515396021e-23,0.297206714925459,0.332,0.499,1.10271775333518e-18,"0","DYNC1LI2"
4.84404155282143e-23,0.547338706938951,0.49,0.728,1.62459465598525e-18,"0","FAM107A"
4.90152448177376e-23,0.398672514630903,0.25,0.36,1.64387328069728e-18,"0","MTDH"
6.51065352848519e-23,0.853017387272526,0.294,0.313,2.18354298038336e-18,"0","CASC4"
6.83401781010387e-23,1.55997809451992,0.3,0.205,2.29199289315263e-18,"0","CDH2"
1.20735538849637e-22,1.13403902091833,0.368,0.298,4.04922850193914e-18,"0","FARP1"
1.49411135076816e-22,0.402550687659329,0.299,0.397,5.01095064820625e-18,"0","USP22"
1.56277161217766e-22,1.95146463158718,0.264,0.113,5.24122343292143e-18,"0","BHLHE41"
1.73186206003585e-22,0.300052362883111,0.235,0.347,5.80831897694825e-18,"0","NFE2L2"
4.0721448905571e-22,1.36793352062424,0.479,0.331,1.36571595339504e-17,"0","PLP1"
5.27363153131727e-22,1.22266940978008,0.261,0.274,1.76867054297318e-17,"0","TUBB4B"
5.64075947339672e-22,0.483780512047593,0.25,0.42,1.89179791218779e-17,"0","HIPK2"
5.78748499856501e-22,1.11510949034925,0.422,0.353,1.94100671881873e-17,"0","SLC44A1"
6.75695318776694e-22,1.00084543058142,0.34,0.302,2.26614696011328e-17,"0","FYN"
7.30991002826457e-22,1.30626232510235,0.304,0.228,2.45159762527937e-17,"0","RNPC3"
8.83822731348586e-22,1.88829440147291,0.251,0.129,2.96416467639689e-17,"0","RASSF4"
8.99503372865073e-22,0.387678508422142,0.349,0.45,3.01675441191488e-17,"0","CNN3"
9.90201288439018e-22,1.13405027774029,0.314,0.267,3.32093708116678e-17,"0","SRI"
1.96215898078611e-21,1.5258657063346,0.285,0.196,6.58068878976045e-17,"0","PLEKHA5"
2.08852105496681e-21,1.1065172020674,0.4,0.327,7.0044819141477e-17,"0","MARCKS"
2.44901806540861e-21,1.7745232333834,0.278,0.14,8.21351678776739e-17,"0","WDR6"
2.94842373679098e-21,0.713038025517192,0.4,0.402,9.8884235284496e-17,"0","DAAM2"
3.13410254845415e-21,1.63608544909925,0.269,0.133,1.05111531270055e-16,"0","NRBP2"
3.5808446074734e-21,1.06106777682263,0.492,0.406,1.20094366445443e-16,"0","MT3"
3.77118578585211e-21,1.22235276134029,0.36,0.259,1.26478028885908e-16,"0","ABCA1"
3.8143710266967e-21,0.509823735027896,0.689,0.747,1.27926375493354e-16,"0","ZFP36L1"
5.92267588368065e-21,0.391318537209314,0.185,0.272,1.98634703786882e-16,"0","VDAC1"
5.94020403801201e-21,0.809659276377688,0.304,0.334,1.99222563026847e-16,"0","ACAP2"
7.20423824454019e-21,0.35841514983539,0.344,0.446,2.41615742245389e-16,"0","C6orf62"
8.85376687185935e-21,1.22130939589838,0.312,0.254,2.96937633348419e-16,"0","DAG1"
9.29962136927589e-21,0.484988075700159,0.471,0.541,3.11890701482775e-16,"0","SRRM2"
1.01905933491386e-20,1.60434063528106,0.296,0.171,3.41772119743409e-16,"0","PHC1"
1.08525422514496e-20,0.940379774257079,0.417,0.336,3.63972562029115e-16,"0","MUC20-OT1"
1.10034957917284e-20,1.2293324510469,0.364,0.282,3.69035241862986e-16,"0","CELF2"
1.14608850788806e-20,0.710929240946969,0.551,0.604,3.84375163775496e-16,"0","GLUL"
1.1597025650646e-20,1.70814450496942,0.276,0.149,3.88941046271367e-16,"0","B4GAT1"
1.54494445869153e-20,1.01094421186796,0.262,0.267,5.18143472555965e-16,"0","ZFP36L2"
2.53871938294474e-20,1.39160572690597,0.314,0.21,8.51435706652008e-16,"0","C20orf194"
2.66424258128199e-20,1.37569241210611,0.275,0.198,8.93533676910355e-16,"0","ATP2B4"
2.71318360965678e-20,1.64923724481361,0.253,0.154,9.09947519006692e-16,"0","RPS6KA5"
3.03169306375269e-20,1.14821302456861,0.338,0.268,1.01676921972138e-15,"0","ADGRG1"
3.39588912889685e-20,0.89461880601799,0.375,0.353,1.13891329604943e-15,"0","GLUD1"
3.51439377830743e-20,1.37910249467728,0.301,0.205,1.17865738536874e-15,"0","DPP7"
4.34327251296925e-20,0.562121347518012,0.489,0.508,1.45664673539963e-15,"0","SRSF5"
4.61338221505737e-20,0.399725916821651,0.517,0.6,1.54723612728594e-15,"0","NFIA"
4.63330464652707e-20,1.28898123934929,0.29,0.228,1.55391771235225e-15,"0","ALDOC"
4.8932324605032e-20,0.502271804614481,0.254,0.332,1.64109230260356e-15,"0","SPCS2"
5.07824705058377e-20,1.18273096786573,0.331,0.257,1.70314249582478e-15,"0","LRRC8A"
6.4660192254987e-20,1.39519397767194,0.261,0.215,2.16857352784776e-15,"0","MT1G"
7.55663828149884e-20,0.628660134762441,0.367,0.398,2.53434534684908e-15,"0","ATP2A2"
8.88984636290058e-20,1.38155271272033,0.265,0.259,2.9814766731896e-15,"0","PRDX5"
1.12399461175337e-19,0.643188213596386,0.436,0.478,3.76965312889844e-15,"0","PRDX1"
1.24001794456066e-19,1.5477162153642,0.274,0.177,4.15877218246754e-15,"0","CXXC5"
1.28257011108186e-19,0.783832912427775,0.293,0.329,4.30148363854636e-15,"0","SRP9"
1.32552339088498e-19,1.00440698356696,0.264,0.257,4.44554034835005e-15,"0","DDB1"
1.67557373429751e-19,1.19127897037095,0.303,0.229,5.619539190087e-15,"0","PPFIA1"
1.77830265970383e-19,1.51616784065031,0.286,0.181,5.96407146011471e-15,"0","PRCP"
2.07291449470938e-19,1.44241881268494,0.312,0.156,6.95214063235632e-15,"0","DYNC2H1"
2.18544425102999e-19,0.546426589652856,0.199,0.272,7.32954292910437e-15,"0","ILF3"
2.62792636175516e-19,0.964731483987927,0.292,0.28,8.81353943205447e-15,"0","CD99"
2.96409950254093e-19,0.514013875680051,0.381,0.433,9.94099691162178e-15,"0","MKLN1"
3.19941377788367e-19,0.605655094256321,0.303,0.352,1.07301939282662e-14,"0","ZNF292"
7.50765025810115e-19,0.700717301276281,0.444,0.495,2.51791574356196e-14,"0","AKAP9"
7.8950117475704e-19,0.279527316778419,0.285,0.392,2.64782903990016e-14,"0","TMEM245"
8.31170144199675e-19,0.319159186622481,0.46,0.564,2.78757842961687e-14,"0","YWHAE"
9.32640775671755e-19,0.73296115667856,0.353,0.359,3.12789063344793e-14,"0","RNF19A"
1.15682245566107e-18,1.19094826760326,0.314,0.245,3.87975115179609e-14,"0","AGO3"
1.21521751621216e-18,0.903000386560096,0.276,0.27,4.07559650587235e-14,"0","PREPL"
1.24531183599474e-18,0.384774928959668,0.535,0.674,4.17652683555916e-14,"0","SYNE1"
1.33067631324901e-18,0.654571776373262,0.272,0.31,4.46282221937453e-14,"0","CAPN2"
1.86583484706039e-18,0.948680667211622,0.317,0.305,6.25763691007113e-14,"0","CPEB4"
2.65880799981108e-18,0.652485600249151,0.315,0.335,8.9171102697664e-14,"0","CHD4"
2.89587431403684e-18,0.455293966431479,0.457,0.539,9.71218327441676e-14,"0","SPTAN1"
3.10769653613118e-18,1.49390797246741,0.296,0.177,1.04225926428768e-13,"0","PWAR6"
3.87172397670155e-18,1.7268990816851,0.251,0.144,1.29849878730617e-13,"0","PPP1R1B"
4.35721529675563e-18,1.02543503641211,0.222,0.333,1.4613228662259e-13,"0","MTURN"
4.70821787425378e-18,0.302162499797102,0.15,0.256,1.57904211066723e-13,"0","BSDC1"
4.85355621415394e-18,0.697570250621038,0.336,0.358,1.62778568310295e-13,"0","CIRBP"
5.0664518066799e-18,1.27283785105844,0.265,0.19,1.69918660692431e-13,"0","LRP6"
7.39857695264972e-18,0.836917057580601,0.293,0.294,2.48133473837966e-13,"0","CLASP2"
1.10140303726092e-17,1.02807103954118,0.29,0.25,3.69388550636568e-13,"0","SUGP2"
1.13195133852313e-17,0.59243873059137,0.362,0.4,3.79633839913888e-13,"0","GOLIM4"
1.22112161254853e-17,1.0157165804999,0.262,0.308,4.09539766416526e-13,"0","TTN"
1.27326295448888e-17,0.678220705440728,0.451,0.444,4.2702692967648e-13,"0","HSPA5"
1.38546212312804e-17,0.401524593768204,0.257,0.338,4.64656286854682e-13,"0","ZFR"
1.38552312067997e-17,1.1353811210057,0.265,0.206,4.64676744213647e-13,"0","MRVI1"
1.41241154754575e-17,1.10218759904694,0.293,0.248,4.73694584815894e-13,"0","ITPR2"
1.48937457794986e-17,1.37369321592206,0.299,0.216,4.99506445952824e-13,"0","NACC2"
1.52796560085613e-17,0.823683839679502,0.285,0.285,5.12449103215129e-13,"0","TUT4"
1.99579609876457e-17,0.775582535132052,0.369,0.353,6.6935009560366e-13,"0","DKK3"
2.53160595678789e-17,0.700287507623671,0.356,0.364,8.49050005787523e-13,"0","ZFAND5"
2.7478398889895e-17,0.304680101565509,0.442,0.517,9.21570541969299e-13,"0","ARGLU1"
3.30688024670256e-17,0.442203304943951,0.269,0.347,1.1090614971391e-12,"0","CDC42EP4"
3.44225477101324e-17,0.343808448897916,0.222,0.297,1.15446340510242e-12,"0","SF3B2"
3.62063448054131e-17,0.368104568685931,0.199,0.293,1.21428839208394e-12,"0","RBBP4"
3.65961742151984e-17,0.352673819486056,0.174,0.263,1.22736249082932e-12,"0","TBCA"
3.77089269118477e-17,0.250031044796568,0.16,0.264,1.26468199076955e-12,"0","ARL6IP4"
4.16283187520918e-17,0.588560403991504,0.218,0.293,1.39613055430765e-12,"0","SNAP25"
4.54116133624752e-17,1.11524584742535,0.282,0.24,1.52301468895069e-12,"0","TMEM106B"
5.74910672918117e-17,0.501914130748536,0.208,0.272,1.92813541483278e-12,"0","ACIN1"
6.10964817125693e-17,1.12859765708595,0.307,0.249,2.04905380367615e-12,"0","NMT1"
6.41591024127213e-17,0.501971968036529,0.482,0.518,2.15176797671785e-12,"0","DYNLL1"
6.54645029826833e-17,0.600646709648854,0.217,0.265,2.19554850103323e-12,"0","SCRN1"
6.83580753401782e-17,1.45220138519545,0.264,0.137,2.2925931307589e-12,"0","TPCN1"
7.33432386068101e-17,1.18666912635337,0.307,0.219,2.4597855363952e-12,"0","SNRNP70"
7.43912565169915e-17,0.898363586576763,0.372,0.326,2.49493396106686e-12,"0","RUFY3"
8.70248739820082e-17,0.793898944333062,0.436,0.389,2.91864022360859e-12,"0","XPO1"
8.782349864807e-17,0.599594771491609,0.311,0.337,2.94542449765897e-12,"0","UBR5"
9.59163986759578e-17,0.287867410805345,0.271,0.36,3.21684417879427e-12,"0","RDX"
1.00501700085782e-16,0.460156541047402,0.303,0.355,3.37062601747696e-12,"0","LDHB"
1.02945039229442e-16,1.17255753305041,0.279,0.176,3.45257072567703e-12,"0","FOS"
1.09095003670208e-16,0.304514259938644,0.171,0.263,3.65882823309144e-12,"0","VEZF1"
1.24589520910653e-16,0.753280593748456,0.243,0.277,4.17848335230149e-12,"0","NIN"
1.5110316564744e-16,1.09735009934047,0.272,0.213,5.06769796948385e-12,"0","PER3"
1.6274050930111e-16,0.333277535179947,0.299,0.372,5.45799120094062e-12,"0","BIRC6"
1.93279424574206e-16,0.413553897623931,0.421,0.474,6.48220534136972e-12,"0","RBM6"
2.40751529146981e-16,0.579347021512445,0.311,0.355,8.07432478453143e-12,"0","TEAD1"
2.4883957021193e-16,1.23644508882492,0.299,0.207,8.3455815057677e-12,"0","ZDHHC17"
3.02784288666919e-16,0.312834681542757,0.217,0.308,1.01547794733111e-11,"0","EXOC5"
3.11636454345833e-16,0.560874143829464,0.3,0.352,1.04516634058505e-11,"0","LARP1"
3.34849453080986e-16,0.701619264299895,0.306,0.327,1.12301809574301e-11,"0","MAP2"
3.59173603658392e-16,1.54600499501672,0.257,0.144,1.20459643194952e-11,"0","ZHX3"
3.60965887649271e-16,0.913394953165986,0.321,0.287,1.21060739399813e-11,"0","AC005261.1"
3.64273215826979e-16,0.476504328317729,0.335,0.374,1.22169951124052e-11,"0","ARL6IP1"
4.75659668443865e-16,0.939292360929874,0.375,0.334,1.59526739602704e-11,"0","ATXN2"
4.91788850791098e-16,0.616382338814654,0.379,0.384,1.64936144778318e-11,"0","ERBIN"
4.96234745956244e-16,0.263070731443221,0.19,0.27,1.66427209098805e-11,"0","RASSF8"
6.16527522504366e-16,0.679924870836457,0.328,0.34,2.06771000497514e-11,"0","BRWD1"
6.45838460488823e-16,0.442758215407732,0.356,0.407,2.16601302878741e-11,"0","TCF25"
6.68505914812123e-16,0.665137735638264,0.257,0.283,2.2420351370969e-11,"0","STARD7"
9.52604772913884e-16,0.340425060295486,0.178,0.268,3.19484588739859e-11,"0","ATP6V0B"
1.01994687055381e-15,1.2044519619599,0.319,0.239,3.42069781446336e-11,"0","BAALC"
1.10259662170008e-15,0.60268690361119,0.36,0.403,3.69788854985772e-11,"0","MAP4K4"
1.1293556539363e-15,0.754624070333236,0.374,0.333,3.78763299217158e-11,"0","PABPN1"
1.14863385280242e-15,0.734848086598142,0.262,0.294,3.85228821552876e-11,"0","LMBRD1"
1.17348332320652e-15,0.304989549384678,0.393,0.468,3.93562836937001e-11,"0","ZNF638"
1.24262981310843e-15,0.397654089715834,0.272,0.354,4.16753186720304e-11,"0","MPDZ"
1.35241850135942e-15,0.783180171416513,0.271,0.273,4.53574116985923e-11,"0","PALM"
1.48491645690004e-15,0.326603474645349,0.211,0.288,4.98011281315137e-11,"0","TMEM184B"
1.79257572320746e-15,1.0033869444333,0.272,0.239,6.01194046049318e-11,"0","THRA"
2.0291124862539e-15,1.03429743853989,0.256,0.238,6.80523745639834e-11,"0","CHN1"
2.06042653134206e-15,0.573052134591518,0.346,0.364,6.91025850081499e-11,"0","MAPK1"
2.0852278095138e-15,0.472962771088853,0.215,0.264,6.99343702754737e-11,"0","ELOVL5"
2.10199612361024e-15,0.562536085741786,0.317,0.351,7.04967459936404e-11,"0","MYCBP2"
2.25342725136255e-15,0.265948822261216,0.176,0.255,7.55754431561973e-11,"0","SDHC"
2.51545008615265e-15,0.284782456782873,0.567,0.648,8.43631649893874e-11,"0","RTN4"
2.68837822638546e-15,0.870886008958493,0.238,0.253,9.01628289565155e-11,"0","RHEB"
3.5392944965419e-15,0.401918794504396,0.274,0.352,1.18700858825022e-10,"0","NUMA1"
3.92477567988699e-15,0.70242431576,0.322,0.327,1.3162912675205e-10,"0","CLSTN1"
3.97449351292414e-15,0.512999863244193,0.269,0.333,1.3329656343645e-10,"0","PGAM1"
4.50803781329257e-15,0.424867249285575,0.183,0.254,1.51190572182206e-10,"0","SSR4"
5.45112577728982e-15,0.257035186171287,0.222,0.314,1.82819856318746e-10,"0","SERP1"
7.01719398547094e-15,0.42825295544235,0.231,0.295,2.35342651884724e-10,"0","DNAJC10"
7.06389563359276e-15,0.874465391297469,0.294,0.252,2.36908931759434e-10,"0","ZNF451"
7.54293361375798e-15,0.268355075971814,0.244,0.325,2.52974907538215e-10,"0","ZHX1"
7.65104762021256e-15,0.958819527912987,0.276,0.241,2.56600835086689e-10,"0","TOB2"
7.79748692435139e-15,1.0690206151383,0.251,0.203,2.61512116468897e-10,"0","RXRA"
8.26268170986407e-15,0.633904123786966,0.293,0.319,2.77113819185421e-10,"0","WBP2"
9.21725298694561e-15,0.435802283166002,0.236,0.308,3.09128230676182e-10,"0","HSBP1"
9.76494375328314e-15,1.31867328971254,0.281,0.165,3.2749668359761e-10,"0","ANKRD26"
1.20557976971242e-14,0.96324616412546,0.282,0.25,4.04327343166152e-10,"0","UBE2G2"
1.23670619060002e-14,0.539503452961406,0.665,0.654,4.14766522203434e-10,"0","CST3"
1.43253381711338e-14,0.481877663699007,0.19,0.256,4.80443191583485e-10,"0","SNX13"
1.49515022104299e-14,0.661836041652735,0.215,0.251,5.01443481133399e-10,"0","RETREG2"
1.52879866333112e-14,0.674150733667137,0.301,0.319,5.12728495707991e-10,"0","LONP2"
1.74881254453409e-14,0.760025499149104,0.274,0.288,5.86516751185842e-10,"0","NUPR1"
1.85729200963592e-14,1.1593275769223,0.251,0.174,6.22898594191695e-10,"0","PLXNB2"
2.04767202949265e-14,0.350034861453203,0.396,0.453,6.86748245251244e-10,"0","CHD9"
2.1103096392668e-14,0.405919620714349,0.289,0.372,7.07755646817298e-10,"0","CHCHD2"
2.1483025467331e-14,0.541773325747496,0.353,0.372,7.20497708123346e-10,"0","MXI1"
2.56967415049525e-14,0.754093317371493,0.283,0.297,8.61817316593097e-10,"0","HSPA9"
2.65657860197602e-14,0.396262406593712,0.283,0.338,8.90963331530717e-10,"0","CHD2"
3.64459390445512e-14,0.284394429384704,0.256,0.319,1.22232390367616e-09,"0","CHD6"
3.78901744574675e-14,0.51474990795532,0.265,0.315,1.27076067095454e-09,"0","WDFY3"
3.94431170273877e-14,0.459686074714821,0.376,0.406,1.32284325886453e-09,"0","TTC14"
4.45035857903549e-14,0.480387325141347,0.211,0.267,1.49256126023692e-09,"0","EPHX1"
4.53876820900319e-14,0.420247689519117,0.186,0.256,1.52221208193549e-09,"0","TUFM"
4.91715535573792e-14,0.722778654743585,0.362,0.334,1.64911556320738e-09,"0","NPEPPS"
6.21082597679362e-14,0.403492934275157,0.176,0.257,2.08298681609704e-09,"0","LAMTOR5"
7.17029906296115e-14,0.410438013121348,0.235,0.294,2.40477489973591e-09,"0","USP47"
8.202243470953e-14,0.7653279292937,0.314,0.263,2.75086841528822e-09,"0","KANK1"
8.6253265794659e-14,0.427264043919654,0.221,0.275,2.89276202822127e-09,"0","LARP7"
1.00683608788113e-13,0.408166772584491,0.347,0.388,3.37672687153572e-09,"0","U2SURP"
1.12798170413739e-13,0.482867216081181,0.214,0.265,3.78302503933598e-09,"0","GPX4"
1.43784663668094e-13,0.443033668091727,0.399,0.42,4.82225005010053e-09,"0","KIDINS220"
1.4656670303376e-13,0.439333095334576,0.236,0.297,4.91555408634625e-09,"0","ATP6AP2"
1.49632373956994e-13,0.258411471749996,0.186,0.264,5.01837055776968e-09,"0","PNPLA8"
2.36889906059544e-13,0.256899696249563,0.331,0.404,7.94481366942499e-09,"0","RBM5"
2.44935307714001e-13,0.572657847764492,0.226,0.256,8.21464035011215e-09,"0","UBR4"
2.48773913799187e-13,1.02043846417137,0.368,0.337,8.34337952099712e-09,"0","SCD"
2.52873388138058e-13,0.80860699463688,0.272,0.252,8.4808676913742e-09,"0","NPDC1"
2.99410625131729e-13,0.271522941034232,0.226,0.301,1.00416335456679e-08,"0","TERF2IP"
3.19535489494813e-13,0.698642327404206,0.343,0.342,1.0716581246677e-08,"0","NDUFA4"
3.9582742869711e-13,0.284426700642604,0.338,0.418,1.32752603036437e-08,"0","CELF1"
4.05583250062338e-13,0.496539952061316,0.204,0.254,1.36024510405907e-08,"0","DARS"
4.30512980098549e-13,0.801751522138915,0.265,0.251,1.44385443265451e-08,"0","ABI1"
4.54548782679544e-13,0.396982226886265,0.282,0.334,1.52446570735065e-08,"0","LNPEP"
4.62200378985041e-13,0.784797880074605,0.275,0.262,1.55012763104003e-08,"0","ZNF518A"
5.77167185053617e-13,0.470828838723438,0.265,0.308,1.93570330523282e-08,"0","RHOQ"
6.61752747096171e-13,1.14587624249238,0.261,0.165,2.21938636321114e-08,"0","KAT2A"
6.67355968709562e-13,0.754272963203863,0.321,0.297,2.23817844785813e-08,"0","TSPAN7"
6.88205021051781e-13,0.367206928280784,0.199,0.261,2.30810199960346e-08,"0","ZNF706"
7.86774523376743e-13,0.465148623449078,0.5,0.543,2.63868439650092e-08,"0","MAP1B"
7.89102306445748e-13,1.17632362378264,0.25,0.189,2.64649131535775e-08,"0","RCN2"
9.20252865669912e-13,0.394952544320506,0.193,0.257,3.08634406088375e-08,"0","TMCO1"
1.00931039806654e-12,0.402358885940469,0.199,0.26,3.38502521303555e-08,"0","ARMCX3"
1.24045300148213e-12,0.660071875049331,0.254,0.268,4.16023127637077e-08,"0","VGLL4"
1.4046849926967e-12,0.434869127006387,0.226,0.276,4.7110325285062e-08,"0","EPS15"
1.47796551960073e-12,0.619088742208965,0.289,0.302,4.95680075963693e-08,"0","AGO2"
1.65640346839882e-12,0.517891272154395,0.664,0.658,5.55524595231595e-08,"0","NDRG2"
1.87181742630398e-12,0.414276725415538,0.319,0.353,6.27770128433829e-08,"0","ZFYVE16"
1.90773702285259e-12,0.61024419036523,0.339,0.321,6.398168427243e-08,"0","STX16"
2.05006194257996e-12,0.293960512003491,0.354,0.414,6.87549774302466e-08,"0","MDM4"
2.41947761063015e-12,0.370970386968378,0.211,0.281,8.11444401053139e-08,"0","SBNO1"
2.75407932819674e-12,0.923273490934116,0.319,0.274,9.23663125090622e-08,"0","ATP9A"
3.13385241950177e-12,0.57167108828635,0.231,0.266,1.0510314244525e-07,"0","OSBPL1A"
3.77788197577064e-12,0.712194038920775,0.326,0.297,1.26702605703396e-07,"0","MARK3"
4.11306999863132e-12,0.330185275164213,0.279,0.34,1.37944141614097e-07,"0","ATN1"
4.71788081022467e-12,0.38760318977055,0.197,0.254,1.58228286613315e-07,"0","DNM1L"
4.73558777272976e-12,0.600883751420795,0.319,0.334,1.58822142721811e-07,"0","NF1"
4.76350518085386e-12,0.46185126784745,0.258,0.288,1.59758436755477e-07,"0","BEX3"
7.02120712531091e-12,0.828459726185331,0.25,0.242,2.35477244568677e-07,"0","HMGN3"
1.2583677743703e-11,0.602059374353936,0.281,0.301,4.22031384168311e-07,"0","PDLIM5"
1.62825007374428e-11,0.441300330219252,0.212,0.251,5.46082509732357e-07,"0","GDI1"
1.82465374502081e-11,0.461564591236425,0.312,0.356,6.11952373005079e-07,"0","MT1X"
1.91954307345415e-11,0.442304403926647,0.207,0.26,6.43776355975053e-07,"0","ZBTB18"
2.09509075871609e-11,0.665786055626379,0.267,0.27,7.02651538658202e-07,"0","RBBP6"
2.23290660254049e-11,0.736467890502965,0.274,0.25,7.4887221636003e-07,"0","ARNT2"
2.35987254714386e-11,0.450099532083118,0.268,0.307,7.91454054861108e-07,"0","HSD17B12"
2.58431726370895e-11,0.540236287965105,0.304,0.309,8.66728323902708e-07,"0","CLIP1"
2.64597333214312e-11,0.276550067930177,0.829,0.901,8.8740653613416e-07,"0","SPARCL1"
3.16464774479638e-11,0.849319356313975,0.286,0.256,1.06135956064981e-06,"0","NASP"
3.57762802277226e-11,0.400255847965621,0.204,0.263,1.19986488627736e-06,"0","DDIT4"
4.4664234074901e-11,0.583039934865539,0.279,0.293,1.49794908240403e-06,"0","ALDH2"
4.49489509672022e-11,0.356844967525284,0.21,0.264,1.50749791753803e-06,"0","SEL1L"
4.53938699222109e-11,0.60289590914921,0.231,0.259,1.52241960945111e-06,"0","PCYOX1"
4.5914776377577e-11,0.250925497290474,0.247,0.32,1.53988977015118e-06,"0","TNPO1"
5.21147635325659e-11,0.319928249836085,0.214,0.27,1.7478249393552e-06,"0","INTS6"
5.22806866778077e-11,0.360650041749839,0.262,0.305,1.75338966980031e-06,"0","GATAD1"
5.5281225256523e-11,0.426329673326449,0.228,0.279,1.85402173265327e-06,"0","ZMYM2"
6.97779457722114e-11,0.461449825360228,0.221,0.258,2.34021274530843e-06,"0","SNRPN"
7.60220546484289e-11,0.520260043801271,0.222,0.261,2.54962766879901e-06,"0","SLC25A36"
8.22718238194163e-11,0.694901303232189,0.281,0.258,2.75923242725559e-06,"0","AK3"
8.30197911230194e-11,0.668020680158254,0.324,0.329,2.78431775468382e-06,"0","POLR2J3.1"
8.81461378997172e-11,1.04230890973851,0.254,0.191,2.95624517288072e-06,"0","AKT2"
1.18777992243718e-10,0.929466723249073,0.306,0.237,3.9835763038698e-06,"0","LENG8"
1.29212386899611e-10,0.43380433403544,0.219,0.26,4.33352503183915e-06,"0","AMFR"
1.47125115617361e-10,0.565925060044618,0.253,0.265,4.93428212757505e-06,"0","CEP170"
1.51919972309986e-10,0.260496076072544,0.44,0.493,5.09509203133232e-06,"0","BPTF"
1.68739802572636e-10,0.368682516289955,0.274,0.323,5.65919549868108e-06,"0","SSR1"
2.45566077202503e-10,1.01332963979009,0.307,0.199,8.23579509721754e-06,"0","IGFBP5"
2.50575308362756e-10,0.366096204446704,0.221,0.277,8.40379469187012e-06,"0","TNKS2"
2.63648212844038e-10,0.511702870487227,0.428,0.429,8.84223376236336e-06,"0","NFIB"
2.79333207454833e-10,0.313282828968009,0.282,0.331,9.36827711162018e-06,"0","AKAP11"
3.50022083854323e-10,0.387334198975356,0.306,0.337,1.17390406483063e-05,"0","PBX1"
3.54013114801258e-10,0.585502869402741,0.306,0.3,1.18728918442046e-05,"0","PAQR8"
5.66658377584668e-10,0.859719722755315,0.258,0.221,1.90045886674346e-05,"0","CPLANE1"
5.72410000565212e-10,0.48574541134744,0.307,0.316,1.91974865989561e-05,"0","CCNL2"
5.8776742501543e-10,0.374406259265227,0.243,0.287,1.97125439001675e-05,"0","DNAJB2"
8.49076495565223e-10,0.68116787066138,0.26,0.263,2.84763275082664e-05,"0","ENAH"
9.17952154639076e-10,0.378239412452243,0.222,0.272,3.07862793622853e-05,"0","PFKL"
1.28929480605409e-09,0.422359455464653,0.225,0.264,4.3240369205442e-05,"0","SPART"
1.42149104058839e-09,0.398787274417108,0.228,0.266,4.76739665192535e-05,"0","PLSCR4"
1.63371289595161e-09,0.406487251714307,0.265,0.298,5.47914631044252e-05,"0","SEPT8"
2.01572680360365e-09,0.90602016859209,0.256,0.192,6.76034455392592e-05,"0","TLR4"
2.29976506350381e-09,0.546225696768769,0.412,0.347,7.71295206997909e-05,"0","LRP1"
2.50906045564985e-09,0.483662744723367,0.242,0.268,8.41488695615846e-05,"0","UBN2"
6.01534080455135e-09,0.363177151091926,0.265,0.3,0.000201742499903043,"0","ARID1A"
6.6393043790213e-09,0.286954109874084,0.221,0.28,0.000222668990263617,"0","NOTCH1"
6.82788977503154e-09,0.303246330905439,0.244,0.295,0.000228993767275008,"0","PMP22"
7.91396914841368e-09,0.484989324344944,0.243,0.267,0.000265418697299498,"0","MAP1A"
8.36201225783561e-09,0.522168582335324,0.236,0.256,0.000280445167103291,"0","SRSF6"
9.14449726818368e-09,0.414688944935413,0.218,0.25,0.000306688149380344,"0","TNRC6C"
9.28746904534564e-09,0.301240660311052,0.225,0.273,0.000311483136842802,"0","HIF1A"
1.00392179978795e-08,0.332921952752426,0.192,0.25,0.000336695293212882,"0","BTBD7"
1.35678242176162e-08,0.288694732434114,0.324,0.368,0.000455037688610414,"0","MYO10"
1.48638419853167e-08,0.498834445988159,0.312,0.317,0.000498503532503553,"0","MUM1"
2.99929973601898e-08,0.252412112375897,0.218,0.26,0.00100590514546605,"0","LRRC58"
4.76700843411831e-08,0.364916777692952,0.321,0.342,0.0015987592886346,"0","SREK1"
5.04934426103541e-08,0.334152127311296,0.281,0.321,0.00169344907826605,"0","PPP3CA"
5.23116259104702e-08,0.360158257473255,0.232,0.261,0.00175442730978535,"0","AKAP1"
7.78591687257752e-08,0.260543151199231,0.276,0.32,0.00261124080072505,"0","KLHL24"
4.32421161967985e-07,0.432440677773578,0.306,0.301,0.0145025409300823,"0","ATM"
7.02593656844459e-07,0.640876739505883,0.25,0.231,0.0235635860632495,"0","HIBCH"
8.96378430990074e-07,0.701040943480692,0.25,0.208,0.0300627398185451,"0","OFD1"
1.18651699683105e-05,0.547453667313215,0.256,0.226,0.397934070397198,"0","SLC25A37"
1.59718442717373e-150,2.4870653585378,0.933,0.294,5.35663713185527e-146,"1","FLT1"
1.58766723220399e-140,2.39669397588636,0.914,0.301,5.32471836336573e-136,"1","PODXL"
1.87218384072829e-127,2.09220163548456,0.948,0.382,6.27893016503455e-123,"1","A2M"
9.67138518488354e-124,2.46123156120904,0.86,0.263,3.24358916330624e-119,"1","VWF"
6.3695464312311e-116,2.23261565127368,0.877,0.382,2.13621848210629e-111,"1","SLC7A5"
4.91004107504393e-115,2.58419261047204,0.791,0.242,1.64672957574823e-110,"1","ABCB1"
3.42166575350479e-112,2.03552023215763,0.894,0.329,1.14755826041044e-107,"1","CLDN5"
7.43890436231768e-112,2.42710494422602,0.83,0.264,2.4948597450341e-107,"1","ITM2A"
2.07288307704468e-109,2.40625053720366,0.823,0.26,6.95203526379246e-105,"1","ABCG2"
6.79003100555526e-105,1.750169204261,0.924,0.494,2.27724059864312e-100,"1","HLA-E"
1.9261541793415e-104,2.1005306582226,0.867,0.319,6.45993588667553e-100,"1","IFI27"
1.22465269574709e-103,1.90738608978746,0.924,0.526,4.10724021099659e-99,"1","BSG"
1.27326763027783e-103,2.40207346317644,0.793,0.245,4.27028497842577e-99,"1","ETS2"
5.84757481745924e-101,2.58921299561582,0.746,0.245,1.96115964227948e-96,"1","SLC7A1"
3.18979111207136e-100,2.15489307886583,0.852,0.396,1.06979214316649e-95,"1","SPOCK2"
2.13040056502457e-96,2.15493557529764,0.823,0.324,7.1449374149794e-92,"1","SLC2A1"
8.83913552461942e-95,2.4895274590471,0.741,0.236,2.96446927224686e-90,"1","SLCO2B1"
2.01541585529641e-90,1.44371409422148,0.973,0.631,6.75930169549308e-86,"1","B2M"
1.49230466649421e-88,1.64359063975101,0.892,0.381,5.00489139048828e-84,"1","EPAS1"
4.76329641941395e-88,2.26901889364135,0.749,0.247,1.59751435314305e-83,"1","TGM2"
2.07453333773e-84,1.67813588683118,0.901,0.485,6.95756990807888e-80,"1","TMSB10"
1.26263646762267e-78,1.86112352279223,0.798,0.375,4.23463018511292e-74,"1","HLA-B"
2.89420238751091e-78,2.14643895302961,0.724,0.278,9.70657596723408e-74,"1","DOCK9"
1.83125528103505e-77,2.75775775470137,0.603,0.166,6.14166396153533e-73,"1","ADGRL4"
2.7744348408913e-76,2.03796751029447,0.717,0.236,9.30489956938126e-72,"1","PTPRB"
9.48667132706426e-76,2.7102697069913,0.631,0.191,3.18163982967081e-71,"1","MFSD2A"
5.78797851942e-75,2.10296164954946,0.749,0.341,1.94117223584308e-70,"1","SLC39A10"
2.28103986001503e-73,2.09320329919172,0.695,0.236,7.65015148251839e-69,"1","PECAM1"
3.63756426247287e-72,2.66080537976357,0.631,0.255,1.21996630234815e-67,"1","SLC16A1"
5.39991463967221e-72,2.31296181270794,0.714,0.255,1.81102337185327e-67,"1","APOLD1"
3.34227159211392e-71,1.88354410316038,0.791,0.394,1.12093104656317e-66,"1","HERC2"
3.9380729151312e-70,2.7497410080215,0.557,0.155,1.3207508942767e-65,"1","TM4SF18"
6.68737356891263e-68,1.70936769569008,0.766,0.299,2.24281134754192e-63,"1","ADGRF5"
1.07644273040407e-67,2.55705817647849,0.584,0.165,3.61017362922916e-63,"1","ATP10A"
2.12617658041625e-67,2.31308513250235,0.643,0.229,7.13077101540002e-63,"1","CAVIN2"
3.43215356011095e-67,2.65220200762612,0.571,0.163,1.15107566099001e-62,"1","CEMIP2"
6.73983971595232e-67,2.19999208775038,0.663,0.241,2.26040744393609e-62,"1","LMO2"
2.50454008361231e-66,1.75944360309891,0.764,0.337,8.39972653241897e-62,"1","PPFIBP1"
9.08737188687815e-66,2.80558421190737,0.537,0.151,3.04772278342119e-61,"1","TIE1"
1.92875119538706e-65,1.24535225391626,0.855,0.384,6.46864575908914e-61,"1","RGS5"
1.12908564479056e-63,2.74712208674636,0.539,0.147,3.78672743549858e-59,"1","SRARP"
3.28722107997633e-63,2.21635681877132,0.606,0.208,1.10246820580246e-58,"1","TBC1D4"
1.05050197219546e-62,2.34408651364623,0.594,0.185,3.52317351434914e-58,"1","BTNL9"
1.17165071145138e-62,2.46791931358003,0.584,0.176,3.92948215606564e-58,"1","SLC38A5"
4.01142993119395e-62,1.41838457172186,0.879,0.568,1.34535337032383e-57,"1","TSC22D1"
4.02788869708875e-62,2.00782505048452,0.667,0.249,1.35087331122962e-57,"1","ENG"
6.81360523426145e-60,2.45375050277682,0.554,0.169,2.28514692346661e-55,"1","ICAM2"
6.89958121767126e-60,2.26885440120762,0.589,0.194,2.31398154878259e-55,"1","CD34"
1.86355908793793e-59,1.87157147730786,0.677,0.29,6.25000446912623e-55,"1","BST2"
7.74585243149775e-59,2.15113757292811,0.628,0.233,2.59780398847571e-54,"1","ESAM"
2.02868903659432e-57,2.12876221342763,0.635,0.251,6.80381729093003e-53,"1","TFRC"
3.10706929492312e-57,2.96256532905895,0.468,0.129,1.04204890013132e-52,"1","GPR85"
3.34726530856612e-57,2.02434801276209,0.653,0.286,1.1226058391869e-52,"1","SLC30A1"
4.98945427320201e-55,2.29226799530671,0.539,0.182,1.67336317414649e-50,"1","ROBO4"
1.36210615774693e-54,1.95624863156526,0.633,0.248,4.56823163185167e-50,"1","SLC9A3R2"
3.68813036018552e-54,1.27191519670664,0.867,0.581,1.23692516019902e-49,"1","RPS28"
3.94582947663776e-54,2.4481098609408,0.507,0.16,1.32335228987477e-49,"1","NOTCH4"
1.90773351353421e-53,1.4822419903512,0.793,0.426,6.39815665769103e-49,"1","HLA-C"
2.07587976260172e-53,2.32917231075992,0.537,0.168,6.96208554781366e-49,"1","CDH5"
8.31042283024094e-53,1.36411212833619,0.8,0.413,2.78714960880621e-48,"1","IFITM3"
8.65794941061385e-53,1.85741695568766,0.65,0.261,2.90370307333167e-48,"1","JCAD"
1.76984982157218e-51,2.30267658573624,0.591,0.229,5.93572233158879e-47,"1","GPCPD1"
2.71144954524228e-51,2.7260315037524,0.458,0.121,9.09365948483357e-47,"1","SLCO4A1"
5.51098582024865e-51,1.76315644551998,0.665,0.292,1.84827442439499e-46,"1","ESYT2"
5.57771169565896e-51,2.08788355779698,0.591,0.207,1.8706529484901e-46,"1","EGFL7"
9.05208951862262e-51,1.321870506676,0.825,0.515,3.03588978275565e-46,"1","HLA-A"
1.38777020096205e-50,1.66390452727854,0.682,0.347,4.65430369998652e-46,"1","SDCBP"
2.42874566878816e-49,1.96132368460634,0.584,0.211,8.14552722398172e-45,"1","SRGN"
4.03420051771958e-49,2.23111084185992,0.534,0.185,1.35299016963279e-44,"1","GBP4"
5.72615090846752e-49,1.94149708097076,0.586,0.241,1.92043649168184e-44,"1","NAMPT"
4.51454247849097e-48,2.15921906814964,0.569,0.212,1.5140872564363e-43,"1","NET1"
5.40950420773798e-48,1.74530867197294,0.653,0.3,1.81423952119116e-43,"1","SEC14L1"
1.62342762268163e-47,2.04644676911851,0.557,0.215,5.44465156094964e-43,"1","SCARB1"
6.07741931122768e-45,1.99576817275301,0.515,0.185,2.03824488859954e-40,"1","TM4SF1"
7.16618990285318e-45,1.63561864697237,0.64,0.301,2.4033967696189e-40,"1","HEG1"
1.51245028057246e-44,1.33733060762226,0.842,0.625,5.07245575098393e-40,"1","MT2A"
2.12457601815435e-44,2.31915080094301,0.483,0.164,7.12540304968606e-40,"1","MECOM"
3.75679184615775e-44,2.78993667891288,0.377,0.116,1.25995284936438e-39,"1","PCAT19"
5.10233282107622e-44,2.32883893287367,0.473,0.158,1.71122038153254e-39,"1","NOSTRIN"
6.84750552853828e-44,2.72835923046904,0.424,0.127,2.29651640416117e-39,"1","SLC5A6"
1.61221843754928e-43,1.32075868249135,0.746,0.434,5.40705819585278e-39,"1","TMEM123"
3.86907875959904e-43,1.94596440471849,0.584,0.296,1.29761163439433e-38,"1","NPIPB5"
4.48736446008733e-43,1.90954707159031,0.554,0.222,1.50497229262409e-38,"1","ELOVL7"
1.32741997578716e-42,2.15178901364403,0.502,0.167,4.45190111479499e-38,"1","SLCO1A2"
1.80808291182114e-42,2.20910968823313,0.488,0.193,6.06394846966575e-38,"1","LIMS2"
4.79612111633621e-42,1.43195964993944,0.697,0.34,1.60852309999684e-37,"1","COBLL1"
1.16250561062593e-41,0.9465163533441,0.899,0.664,3.89881131691723e-37,"1","TMSB4X"
1.3838579698856e-41,1.66458458020026,0.601,0.274,4.64118285940234e-37,"1","CPD"
1.43278242301422e-41,1.88116291210672,0.544,0.237,4.80526569030509e-37,"1","ADIPOR2"
3.58149196865066e-41,1.72197051294612,0.549,0.205,1.20116077644606e-36,"1","SORBS2"
3.68683478465304e-41,3.18196819273331,0.32,0.062,1.23649065007694e-36,"1","PMAIP1"
8.39280084110033e-41,2.68194017330918,0.382,0.111,2.81477754608823e-36,"1","PDGFB"
2.71804471710046e-40,2.65941755922255,0.379,0.105,9.11577837221151e-36,"1","CXorf36"
3.83497476259458e-40,1.85212988477727,0.559,0.225,1.28617383587897e-35,"1","LY6E"
4.58342744226904e-40,2.21915629923571,0.446,0.146,1.53718989558819e-35,"1","TNFSF10"
9.87401643934889e-40,2.04053043321375,0.485,0.18,3.31154763342883e-35,"1","PALMD"
4.31446705604722e-39,2.39914898752228,0.419,0.136,1.44698596125712e-34,"1","LRP8"
1.48094863601402e-38,0.99696439381312,0.887,0.671,4.96680553546382e-34,"1","SPTBN1"
2.11332982646585e-38,2.06534486187416,0.475,0.19,7.08768557200117e-34,"1","ST6GAL1"
5.75974613542964e-38,2.18128939483818,0.453,0.166,1.93170365890039e-33,"1","EMCN"
2.1204664381082e-37,2.37093598526355,0.409,0.136,7.1116203401273e-33,"1","RNF144B"
4.37452434542958e-37,2.02015741298672,0.461,0.166,1.46712797497017e-32,"1","RNASE1"
1.18052201752215e-36,2.19444415543542,0.431,0.155,3.95923474236579e-32,"1","FLI1"
1.22053344107333e-36,1.42729818389079,0.655,0.328,4.09342505467173e-32,"1","EMP2"
1.42480396333141e-36,2.18436883969195,0.431,0.153,4.77850753222087e-32,"1","MCF2L"
2.39762957544674e-36,1.21308046308424,0.766,0.476,8.04117007013329e-32,"1","RPS23"
3.042887940309e-36,1.37217269355256,0.653,0.35,1.02052375742083e-31,"1","TAGLN2"
3.61102924642447e-36,1.4566895092727,0.653,0.367,1.21106698866584e-31,"1","HERPUD1"
5.42250651792032e-36,1.72123820059461,0.559,0.247,1.81860023598012e-31,"1","CGNL1"
7.87584202175279e-36,2.26730030952872,0.401,0.132,2.64139989725545e-31,"1","CLEC14A"
1.0171409055129e-35,0.89129339111807,0.865,0.653,3.41128716890917e-31,"1","PTMA"
1.53412856007814e-35,1.88529331955843,0.453,0.163,5.14516036479006e-31,"1","LEPR"
1.85686271444853e-35,2.14085217448359,0.416,0.151,6.22754617171747e-31,"1","GIMAP7"
1.90561753283533e-35,0.983709444874405,0.842,0.553,6.39106008162311e-31,"1","RPL3"
3.52013591357426e-35,1.79625610979537,0.515,0.223,1.18058318269453e-30,"1","TSPAN14"
4.28806265357354e-35,2.85193878335424,0.313,0.089,1.43813045275549e-30,"1","SHROOM4"
1.10376997447343e-34,2.22662864373977,0.397,0.127,3.70182374038899e-30,"1","ERG"
1.80457499134792e-34,2.73294834266768,0.333,0.099,6.05218360598266e-30,"1","SLC52A3"
2.33593485567996e-34,1.11768826440991,0.751,0.422,7.83425831897944e-30,"1","SYNE2"
4.2242506589489e-34,2.04911402149246,0.431,0.151,1.41672918599828e-29,"1","RAMP2"
4.40245381860759e-34,1.31164755097872,0.709,0.423,1.47649496168461e-29,"1","SAT1"
5.30619834714617e-34,1.5117614880215,0.618,0.332,1.77959280166588e-29,"1","PDXK"
1.21228008483664e-33,0.747326739316165,0.933,0.79,4.06574494852513e-29,"1","EEF1A1"
1.22940162311807e-33,1.68012738690438,0.581,0.293,4.12316716361337e-29,"1","NFKBIA"
1.37529740452805e-33,1.39109935934529,0.628,0.365,4.61247243530617e-29,"1","SERPINB6"
1.82015364261121e-33,1.47378667094802,0.596,0.296,6.10443128658949e-29,"1","IQGAP1"
2.50748025452925e-33,1.26965696271669,0.69,0.426,8.40958727764019e-29,"1","ABLIM1"
2.70995378705778e-33,2.64548651932475,0.328,0.089,9.0886430110344e-29,"1","ANXA3"
2.98927269031241e-33,1.55896884926579,0.591,0.285,1.00254227487698e-28,"1","XAF1"
5.2736899816856e-33,1.8001686607099,0.5,0.215,1.76869014605772e-28,"1","MGAT1"
9.60467792904877e-33,1.97065727262474,0.453,0.179,3.22121688384438e-28,"1","KLF2"
1.03396714618998e-32,1.37305415492647,0.626,0.331,3.46771901489196e-28,"1","CD46"
1.08350164117759e-32,1.84709494992496,0.468,0.183,3.63384780418139e-28,"1","PLAT"
1.21913938095927e-32,2.10548889723102,0.426,0.173,4.08874965586121e-28,"1","ACVRL1"
2.70783565605679e-32,2.34353757290942,0.345,0.117,9.08153922328326e-28,"1","GIMAP6"
1.12226547558989e-31,2.61929111425518,0.325,0.093,3.76385395203338e-27,"1","ACSL5"
1.41244363866246e-31,1.81999670332245,0.453,0.172,4.73705347534617e-27,"1","RBMS2"
1.53644155988481e-31,2.43374551270296,0.352,0.119,5.15291770354169e-27,"1","SOX18"
1.54689030506084e-31,2.55594973536059,0.335,0.102,5.18796070511305e-27,"1","EDN1"
1.99599980203482e-31,1.2411450048237,0.687,0.41,6.69418413606437e-27,"1","MTUS1"
3.02079873167061e-31,1.95741844961399,0.461,0.197,1.01311547862769e-26,"1","SLC2A3"
3.56305677943697e-31,1.89556384795116,0.438,0.178,1.19497798268757e-26,"1","OCLN"
3.79087649345067e-31,2.08548274821014,0.406,0.146,1.27138415837349e-26,"1","SLC39A8"
7.80958283749494e-31,2.37896653698999,0.345,0.115,2.61917789203905e-26,"1","CYYR1"
8.67736437648881e-31,0.912487800085128,0.83,0.59,2.91021446458682e-26,"1","RPL10"
9.05589226339088e-31,1.94997074574738,0.436,0.172,3.03716514729603e-26,"1","CD320"
1.78921131331415e-30,2.39217122981616,0.355,0.123,6.00065690259299e-26,"1","GRASP"
3.29633702032807e-30,2.12220065480127,0.394,0.148,1.10552550987763e-25,"1","NEDD9"
7.1274360111481e-30,2.58278240259945,0.305,0.092,2.39039948941885e-25,"1","FOXF1"
1.01155862237668e-29,1.31386581126097,0.631,0.361,3.39256530772692e-25,"1","BMPR2"
1.15775331034766e-29,2.22455736680014,0.367,0.128,3.88287305224399e-25,"1","LSR"
1.3414362803618e-29,0.890933659241394,0.828,0.607,4.49890899707742e-25,"1","TPT1"
1.87155317882489e-29,1.24686897285674,0.653,0.388,6.27681505114293e-25,"1","CFLAR"
1.88180011345543e-29,2.28855290872619,0.345,0.122,6.31118122050682e-25,"1","RUNDC3B"
2.40885931895811e-29,2.19778775264262,0.345,0.117,8.07883238392171e-25,"1","GIMAP4"
2.69347996037209e-29,2.22606738179822,0.352,0.114,9.03339309109591e-25,"1","ALPL"
2.88099653301401e-29,2.1632703828167,0.369,0.141,9.66228617242239e-25,"1","MGST2"
3.08601974559795e-29,1.28023165173682,0.638,0.35,1.03498930227864e-24,"1","CRIM1"
3.42691486654117e-29,2.66527437229472,0.33,0.109,1.14931870794058e-24,"1","ANGPT2"
1.60922105557024e-28,2.69531782047116,0.293,0.084,5.39700557617147e-24,"1","IL32"
2.03467966758955e-28,1.55869454675514,0.557,0.313,6.82390866916184e-24,"1","INSR"
3.84343855121564e-28,2.24026870048818,0.345,0.122,1.2890124213067e-23,"1","MYCT1"
3.97223814599158e-28,2.82430229022991,0.256,0.066,1.33220922940265e-23,"1","IL3RA"
4.00436376534336e-28,0.868252886789511,0.813,0.566,1.34298351962086e-23,"1","RPS27"
5.00599568788389e-28,0.408699049756975,0.727,0.426,1.6789108338025e-23,"1","FN1"
5.08514716423851e-28,1.56634845750603,0.534,0.274,1.70545665594231e-23,"1","IFI44L"
6.38496420200126e-28,1.26499600312452,0.613,0.327,2.14138929406718e-23,"1","CAVIN1"
1.38823442027296e-27,2.00645853444062,0.379,0.141,4.65586059871146e-23,"1","MMRN2"
1.43194443001482e-27,0.902152854886605,0.805,0.577,4.80245522938369e-23,"1","RPLP1"
1.43545752235348e-27,2.26161553557759,0.347,0.13,4.81423743846912e-23,"1","DUSP6"
1.85479568542433e-27,1.73528468139382,0.441,0.204,6.22061376977613e-23,"1","IFNGR1"
3.76891852100744e-27,2.16108394138851,0.328,0.111,1.26401989357548e-22,"1","RASIP1"
5.15988390892876e-27,1.41537931730398,0.534,0.261,1.73052186537653e-22,"1","MYL12B"
5.58621900907016e-27,0.767119395545767,0.865,0.644,1.87350613126195e-22,"1","GNAS"
6.68189263127197e-27,1.13452120905837,0.665,0.425,2.24097315067599e-22,"1","GNAI2"
7.27814614359021e-27,1.37350407773113,0.554,0.28,2.44094465363728e-22,"1","ID1"
8.99758713920606e-27,2.146922127745,0.335,0.128,3.01761077474693e-22,"1","INPP5D"
9.63310361786768e-27,1.00958881505116,0.707,0.419,3.23075029136046e-22,"1","ITGB1"
1.08447301282469e-26,1.82307919844923,0.411,0.179,3.63710559041143e-22,"1","FOSL2"
1.4163099497769e-26,0.693476844493893,0.961,0.821,4.75002030956176e-22,"1","MT-CO1"
1.74134833414419e-26,1.9455476616228,0.347,0.125,5.8401340430528e-22,"1","PLLP"
2.1879311683934e-26,0.58003134802229,0.985,0.884,7.33788355255777e-22,"1","MT-ATP6"
2.28632005101884e-26,1.64983609073572,0.453,0.209,7.66786018710698e-22,"1","RGCC"
2.67264964290213e-26,2.34104703856037,0.3,0.091,8.96353237236517e-22,"1","SH3BP4"
3.94811227145068e-26,2.23047890650598,0.32,0.111,1.32411789359913e-21,"1","TEK"
4.42405120113906e-26,1.83864427750659,0.426,0.187,1.48373829183802e-21,"1","HYAL2"
6.00044283979901e-26,2.09681532602007,0.347,0.137,2.01242851961179e-21,"1","NXN"
7.52614009062928e-26,2.32452593168117,0.296,0.094,2.52411686359525e-21,"1","CASP10"
8.15282962545818e-26,1.86328250598371,0.382,0.153,2.73429599978617e-21,"1","ARL4A"
1.18453060106112e-25,2.74785356865188,0.268,0.078,3.97267872983879e-21,"1","PRX"
1.36430135606672e-25,1.7390904730061,0.424,0.191,4.57559388797657e-21,"1","RPS6KA3"
2.25008642543548e-25,1.24383656506102,0.653,0.423,7.5463398536255e-21,"1","ITGA6"
2.64141371677438e-25,0.906397204523897,0.759,0.492,8.85877332331792e-21,"1","TACC1"
2.77434920588857e-25,2.69326771141927,0.261,0.075,9.3046123667091e-21,"1","SOX7"
3.11310300323319e-25,2.22040377300922,0.335,0.14,1.04407248522435e-20,"1","IVNS1ABP"
6.20111835055314e-25,1.8972944972712,0.36,0.151,2.07973107240851e-20,"1","NECTIN2"
8.51271590669954e-25,0.952366562748551,0.658,0.363,2.85499466078889e-20,"1","MYH9"
1.18546386392467e-24,1.24955956670278,0.539,0.258,3.97580870683054e-20,"1","GNG11"
1.37057819838047e-24,1.04344049458345,0.682,0.469,4.59664516172842e-20,"1","STOM"
1.42314488017992e-24,1.32510019653899,0.512,0.267,4.77294329914742e-20,"1","NDRG1"
2.00834345568986e-24,0.984859235127902,0.682,0.4,6.73558228169264e-20,"1","ACTN4"
3.6993687318586e-24,2.2197106786113,0.288,0.085,1.24069428529074e-19,"1","TMCC3"
4.0914062814604e-24,1.44460131367769,0.493,0.259,1.37217583867619e-19,"1","RHOC"
6.74452644682035e-24,1.8406391552999,0.357,0.141,2.26197927973461e-19,"1","PRKCH"
7.55048041575507e-24,1.9609002116254,0.355,0.15,2.53228012183593e-19,"1","TCN2"
1.17545065580674e-23,1.09962274737441,0.663,0.41,3.94222640944463e-19,"1","RPS6"
1.28845328868316e-23,1.38845048579473,0.488,0.248,4.3212146395856e-19,"1","CCDC50"
1.42886072666223e-23,1.25043120103985,0.581,0.353,4.79211310507979e-19,"1","KLF6"
1.83047751307576e-23,2.56268970943969,0.276,0.087,6.1390554833535e-19,"1","CLIC5"
2.06963472253347e-23,1.06734991693451,0.667,0.459,6.94114093243276e-19,"1","MT1E"
2.30400887805987e-23,1.30306894791403,0.525,0.268,7.72718497523718e-19,"1","TGFBR2"
3.69027187409827e-23,1.90563685077411,0.36,0.147,1.23764338113508e-18,"1","KANK3"
3.89974842903303e-23,1.54153111934618,0.461,0.236,1.3078976281291e-18,"1","CNOT6L"
9.36555175876367e-23,2.34429680383656,0.268,0.09,3.14101874885416e-18,"1","LMCD1"
1.06519584049658e-22,1.75908891634973,0.387,0.179,3.57245380985743e-18,"1","IL13RA1"
1.1196181059933e-22,2.39590252479507,0.268,0.086,3.75497520388033e-18,"1","PROM1"
2.1247842739708e-22,1.81063254740484,0.352,0.145,7.12610149804326e-18,"1","NRP1"
2.21541041928772e-22,0.776753174148694,0.65,0.369,7.43004346420717e-18,"1","ARHGAP29"
2.30796413699387e-22,2.42867828994499,0.259,0.083,7.74045012265006e-18,"1","SLC19A3"
2.48322222248827e-22,1.92128930881002,0.34,0.136,8.32823068978116e-18,"1","FZD4"
2.61806949907023e-22,0.970960862909782,0.732,0.483,8.78048148598175e-18,"1","RPS18"
2.8853604459529e-22,0.95963717210644,0.665,0.39,9.67692186363684e-18,"1","RPS7"
3.25632569523483e-22,2.28812289208335,0.303,0.115,1.09210651166786e-17,"1","ANKRD37"
4.05365604649701e-22,0.487331745118936,0.946,0.758,1.35951516487417e-17,"1","MT-ND1"
4.32154615137343e-22,1.60058720582642,0.387,0.178,1.44936014824762e-17,"1","SLC38A3"
4.35175981113774e-22,1.57610889191151,0.401,0.178,1.45949320545938e-17,"1","TPST2"
5.56410488730774e-22,1.33143139880421,0.507,0.279,1.86608949710527e-17,"1","VSIR"
5.84096614768344e-22,1.00405892593092,0.687,0.457,1.95894322661007e-17,"1","CD59"
7.50713043145382e-22,2.07031327430441,0.293,0.095,2.51774140410098e-17,"1","SPOCK3"
8.16012701784821e-22,1.16710645688512,0.603,0.372,2.73674339924593e-17,"1","KIF5B"
1.06278566293125e-21,1.48929868661594,0.441,0.222,3.56437055633883e-17,"1","MKL2"
1.15943705817819e-21,1.25691608408052,0.507,0.274,3.88852000571802e-17,"1","IGF1R"
1.28117792464089e-21,2.30537439306587,0.266,0.095,4.29681452366062e-17,"1","SLC1A1"
1.38480913135821e-21,1.73031333972337,0.384,0.17,4.64437286474916e-17,"1","TMEM204"
1.43945429299624e-21,1.25227597761027,0.539,0.309,4.82764180785078e-17,"1","PARP14"
1.69632469435625e-21,1.76463365638488,0.36,0.158,5.689133759932e-17,"1","CNOT8"
1.74436398962415e-21,1.50777715667468,0.421,0.201,5.85024794840147e-17,"1","IFI16"
3.74442772427682e-21,1.50812536667379,0.433,0.225,1.25580617016796e-16,"1","USP54"
4.46387182233655e-21,1.50647273099297,0.411,0.188,1.49709333177523e-16,"1","NRP2"
7.28920572963744e-21,1.24756578055725,0.485,0.24,2.4446538176058e-16,"1","JAM2"
8.07410821468642e-21,1.4707312345063,0.387,0.159,2.70789441304153e-16,"1","AIF1L"
8.81294930990121e-21,1.72957488491572,0.347,0.143,2.95568693955467e-16,"1","PERP"
9.48789346564944e-21,1.21719359506378,0.507,0.271,3.18204971050951e-16,"1","LIMCH1"
9.93354900098983e-21,1.2548440045931,0.485,0.245,3.33151366395197e-16,"1","FKBP1A"
1.40570992811832e-20,1.70111732165334,0.36,0.153,4.71446995692322e-16,"1","LRRC8C"
2.15611731071191e-20,1.84735556361336,0.323,0.139,7.23118623666562e-16,"1","ACVR1"
2.50068975621755e-20,0.842399089627177,0.803,0.615,8.38681330440243e-16,"1","MTRNR2L12"
3.54500541244538e-20,2.26367120127327,0.264,0.109,1.18892391522593e-15,"1","GPD1L"
4.950799027877e-20,1.52025533013536,0.401,0.195,1.66039897796939e-15,"1","SRGAP2C"
5.99691305285155e-20,1.78736600257892,0.36,0.176,2.01124469966535e-15,"1","DEPP1"
6.40048725549359e-20,1.30198704625698,0.5,0.29,2.14659541574744e-15,"1","CRIP2"
6.51074129134715e-20,1.5759120393164,0.392,0.179,2.18357241429201e-15,"1","LRRC32"
8.18257445744481e-20,1.60583439731939,0.365,0.17,2.74427182153784e-15,"1","HOPX"
8.55116081404032e-20,1.27893018746167,0.48,0.254,2.86788831381284e-15,"1","PINK1"
9.22114676656063e-20,1.01907220643637,0.581,0.35,3.0925882025691e-15,"1","RPS12"
1.13395474205762e-19,1.8829193892061,0.325,0.157,3.80305741391285e-15,"1","PPARD"
1.76448306100659e-19,2.1905564437451,0.278,0.109,5.91772329000389e-15,"1","GATA2"
1.86802666676943e-19,2.12640941226552,0.256,0.084,6.26498783501131e-15,"1","CLEC2B"
2.23410942945557e-19,0.821681459740712,0.744,0.527,7.49275620450809e-15,"1","RPS19"
2.52810875532539e-19,1.14992224876905,0.53,0.299,8.4787711436103e-15,"1","ITGA1"
3.07373577838252e-19,1.49405529770899,0.409,0.204,1.03086950535393e-14,"1","FOXC1"
3.57616631610115e-19,1.08902385491416,0.522,0.283,1.199374659094e-14,"1","NES"
4.7269034762857e-19,0.480311027166387,0.975,0.913,1.5853088878767e-14,"1","MT-CO3"
5.20472487307257e-19,1.76366305040935,0.315,0.124,1.74556062793108e-14,"1","THSD4"
6.82879655715856e-19,1.31414520999712,0.451,0.236,2.29024178933984e-14,"1","AGFG1"
7.09872413322355e-19,2.02752307852977,0.278,0.103,2.38077009980051e-14,"1","KDR"
9.35688393932672e-19,1.28479942417091,0.443,0.226,3.1381117355714e-14,"1","IFITM2"
1.23078294880323e-18,0.929957973939769,0.653,0.432,4.12779985369626e-14,"1","RAC1"
2.0730586478427e-18,1.98839408764898,0.278,0.11,6.95262409313484e-14,"1","HLA-F"
2.40773779538566e-18,1.01250395423496,0.562,0.32,8.07507101816443e-14,"1","PTPRG"
2.41630031656152e-18,1.99439853576906,0.296,0.122,8.10378800168402e-14,"1","PIK3R3"
2.64693095054938e-18,1.65873728591752,0.352,0.171,8.87727702195252e-14,"1","LEF1"
3.07675032814841e-18,0.732487165729328,0.741,0.519,1.03188052505441e-13,"1","APP"
3.82438523784928e-18,0.63623160862081,0.85,0.701,1.28262232106989e-13,"1","CALM1"
4.51589825363578e-18,1.41430832269754,0.379,0.18,1.51454195630437e-13,"1","FLNB"
4.55455273654294e-18,0.827981842653609,0.704,0.501,1.52750589678177e-13,"1","RPS27A"
4.73145714103099e-18,1.29937348120261,0.433,0.255,1.58683609595897e-13,"1","MCL1"
8.73071685405711e-18,1.79166289640055,0.308,0.149,2.92810781851367e-13,"1","DENND3"
8.74167878171766e-18,0.848337897973839,0.621,0.4,2.93178422981247e-13,"1","ID3"
9.1403109955161e-18,1.22718144609273,0.441,0.236,3.06547750167619e-13,"1","IFNAR1"
1.72667550754279e-17,1.62768589955719,0.328,0.15,5.790924317197e-13,"1","S100A16"
1.74500403666776e-17,1.7805515243197,0.305,0.142,5.85239453817632e-13,"1","IRAK3"
2.06428136248133e-17,1.73429161328464,0.288,0.115,6.92318683348987e-13,"1","F11R"
2.09252433543307e-17,1.41944635969622,0.397,0.223,7.01790811617543e-13,"1","CCNY"
2.31964149153279e-17,1.88014435287932,0.256,0.091,7.77961363430269e-13,"1","DSP"
2.42323357140445e-17,0.95278587634455,0.557,0.321,8.12704075177624e-13,"1","FOXP1"
2.90232435349714e-17,1.25417311538212,0.411,0.21,9.73381541675872e-13,"1","ANKS1A"
3.00334045881645e-17,0.38387339579956,0.695,0.456,1.00726032307786e-12,"1","ITIH5"
3.10954700410978e-17,0.835425236893463,0.66,0.447,1.04287987423834e-12,"1","RPL36"
3.45682081756472e-17,1.41432420466145,0.392,0.189,1.15934856579485e-12,"1","MX1"
3.5181112301276e-17,0.788573926852196,0.685,0.47,1.17990414436019e-12,"1","RPL15"
3.58931829906485e-17,1.81221124817162,0.315,0.144,1.20378557114037e-12,"1","SRGAP2B"
5.44779658098892e-17,1.64325964375693,0.298,0.117,1.82708201733206e-12,"1","ADGRL2"
7.20668601664116e-17,1.41435355140354,0.397,0.2,2.41697835626111e-12,"1","PPA1"
8.19640216394825e-17,1.5647624498425,0.345,0.163,2.74890935774497e-12,"1","PAPSS2"
8.30062370189374e-17,1.00897946789589,0.601,0.388,2.78386317714112e-12,"1","CTNNB1"
9.02122368367743e-17,1.08649618983295,0.498,0.288,3.02553799903174e-12,"1","TPM4"
1.14232991325035e-16,1.31181326468617,0.429,0.236,3.83114606305904e-12,"1","TMOD3"
1.15598489100454e-16,0.812536713178607,0.665,0.46,3.87694212745101e-12,"1","RPL11"
1.24015676760416e-16,0.400237449434627,0.948,0.814,4.15923776719084e-12,"1","MT-CYB"
2.07270151995025e-16,1.01478273585972,0.5,0.281,6.95142635760914e-12,"1","RPL27"
2.49573075505063e-16,0.674777640615928,0.68,0.448,8.37018180628879e-12,"1","RPL19"
3.28782670358388e-16,1.78856657111414,0.261,0.106,1.10267131984796e-11,"1","EFNA1"
3.76954741174561e-16,1.8034166658784,0.296,0.142,1.26423081095124e-11,"1","CREM"
4.53877293371673e-16,1.0984112670149,0.458,0.251,1.52221366650992e-11,"1","KCTD12"
4.68402005848419e-16,1.45620649649097,0.34,0.158,1.57092664721443e-11,"1","YES1"
5.4152630385385e-16,1.31664137280506,0.335,0.15,1.81617091786504e-11,"1","RAB13"
5.95410747344504e-16,1.45298218441832,0.357,0.19,1.996888564444e-11,"1","ZIC2"
7.24397973683289e-16,0.729688967575666,0.67,0.448,2.42948592413901e-11,"1","RPS14"
7.38115592547759e-16,1.81383619055859,0.254,0.095,2.47549207428668e-11,"1","EOGT"
9.86136367175728e-16,0.78320642265507,0.687,0.473,3.30730414823396e-11,"1","RPS9"
1.20038614601569e-15,1.24116480354454,0.357,0.166,4.02585505650742e-11,"1","TSPAN5"
1.44222348768848e-15,1.79937166075962,0.276,0.127,4.83692913300962e-11,"1","TNFRSF1B"
1.47082905681282e-15,0.62749546568625,0.776,0.57,4.93286649073884e-11,"1","RPL13A"
1.58174469155111e-15,1.47115538364925,0.362,0.191,5.30485534652411e-11,"1","CAV1"
1.5915554884152e-15,1.42041864429392,0.387,0.193,5.3377587970469e-11,"1","KIAA0355"
1.60505388117661e-15,1.79995705231461,0.261,0.111,5.38302970669012e-11,"1","PKP4"
1.67383411110744e-15,0.443399985682612,0.956,0.872,5.61370484183213e-11,"1","MT-CO2"
2.17809674637174e-15,0.982889483436776,0.537,0.382,7.30490086798154e-11,"1","ZKSCAN1"
2.49671161970546e-15,1.39091457613976,0.35,0.169,8.37347143016819e-11,"1","SRGAP2"
2.59232589959133e-15,1.05856297554884,0.488,0.295,8.69414260204942e-11,"1","PICALM"
2.68376341596126e-15,0.863006776007711,0.596,0.376,9.00080574445086e-11,"1","TNS1"
3.08860899215063e-15,0.830940118304785,0.645,0.441,1.03585768378748e-10,"1","RPL28"
3.61620824916872e-15,1.36703587833947,0.335,0.163,1.2128039226062e-10,"1","LAP3"
3.68191764121951e-15,0.386349179114683,0.97,0.886,1.2348415385122e-10,"1","MT-ND4"
3.72810145972421e-15,1.13304897766087,0.431,0.242,1.2503306675623e-10,"1","S1PR1"
3.96362254140129e-15,1.10073300645593,0.429,0.23,1.32931972793517e-10,"1","TPM3"
4.11784900943772e-15,1.19593669939743,0.411,0.223,1.38104420078522e-10,"1","CLIC1"
4.9102287919504e-15,1.40004078390907,0.365,0.205,1.64679253224432e-10,"1","SHC2"
5.60546612245604e-15,1.21589600721359,0.411,0.242,1.87996122814931e-10,"1","RAPGEF2"
5.74492235960302e-15,1.11167025830847,0.453,0.294,1.92673206096366e-10,"1","SOS1"
6.06896680028988e-15,1.90443409273858,0.254,0.105,2.03541008548122e-10,"1","SAMM50"
6.42642073620123e-15,1.57180261088333,0.296,0.128,2.15529298650717e-10,"1","GALNT18"
6.66004126797874e-15,1.14258287264201,0.429,0.236,2.23364464045471e-10,"1","ETS1"
7.41041717845968e-15,1.45912067255653,0.335,0.161,2.48530571331181e-10,"1","PLEKHG1"
7.56325072364855e-15,0.812797013922484,0.623,0.416,2.53656302769725e-10,"1","RPL34"
1.0881166123944e-14,1.21980365179696,0.426,0.25,3.64932549464832e-10,"1","POMP"
1.1721018930318e-14,1.23255556831527,0.365,0.191,3.93099532885006e-10,"1","IFI6"
1.23008125115616e-14,1.70042383591834,0.276,0.115,4.12544650012753e-10,"1","PLPPR4"
1.2760721901758e-14,0.822198753783949,0.603,0.405,4.2796909114116e-10,"1","RPL29"
1.70483960024484e-14,1.17572041218525,0.414,0.235,5.71769105130116e-10,"1","CCDC186"
1.75150797010032e-14,1.09847468661083,0.468,0.292,5.87420743012244e-10,"1","AUTS2"
1.8991726122974e-14,1.72718366210022,0.278,0.128,6.36944510712301e-10,"1","TRIM38"
1.96465410949335e-14,1.48500864166503,0.293,0.128,6.58905695241879e-10,"1","SHE"
2.04571181085418e-14,1.19523245647616,0.394,0.212,6.86090827124275e-10,"1","FKBP9"
2.09976935142313e-14,1.17140697084969,0.438,0.247,7.04220645080291e-10,"1","MYL12A"
2.27322342927148e-14,0.939782832699776,0.539,0.328,7.6239367370907e-10,"1","ZEB1"
2.65618415042901e-14,0.572310091651724,0.796,0.618,8.9083104037088e-10,"1","RPL41"
2.84191528382405e-14,0.80373951139809,0.621,0.441,9.53121547888909e-10,"1","OAZ1"
3.59100933138599e-14,0.841808475880082,0.603,0.404,1.20435270956023e-09,"1","GNB1"
3.88954214662514e-14,1.56308887573766,0.305,0.166,1.30447464513514e-09,"1","AP3S1"
4.52859594593833e-14,1.53177768468108,0.281,0.134,1.5188005083488e-09,"1","STAT1"
4.55853229316728e-14,1.46652642496208,0.3,0.138,1.52884056048244e-09,"1","CARD8"
5.28966892453612e-14,1.60021297321887,0.283,0.138,1.77404916391092e-09,"1","CD2AP"
5.40282284189317e-14,1.25193484172059,0.369,0.2,1.81199872471413e-09,"1","SP100"
7.0480699341429e-14,1.49207108076812,0.296,0.145,2.36378169451284e-09,"1","ARHGAP31"
7.49837363857783e-14,0.813961844120359,0.638,0.454,2.51480455090623e-09,"1","RPL27A"
7.66628247001438e-14,0.823269476799066,0.596,0.398,2.57111781479342e-09,"1","RPS3A"
8.49148929249984e-14,1.62230409937829,0.271,0.118,2.8478756789186e-09,"1","ELK3"
9.04103700353842e-14,0.794595085592564,0.596,0.391,3.03218299024672e-09,"1","RPL14"
9.49722453101286e-14,1.79183193053615,0.259,0.113,3.18517916321109e-09,"1","KDM7A"
9.51978069280588e-14,1.15157629933109,0.431,0.268,3.19274404875324e-09,"1","SORT1"
9.98503482060887e-14,1.28706896487494,0.372,0.206,3.3487809781358e-09,"1","STX12"
1.21463599608497e-13,1.48488094726239,0.33,0.161,4.07364620366976e-09,"1","CCND3"
1.47571265026735e-13,1.1317547198032,0.333,0.154,4.94924508646664e-09,"1","SHROOM1"
1.52607502974937e-13,1.07681359620084,0.441,0.255,5.11815043477345e-09,"1","GALNT15"
1.54870992342907e-13,0.863719016822037,0.549,0.402,5.19406334119643e-09,"1","SLC3A2"
1.66619675665441e-13,0.731115470624994,0.623,0.417,5.58809068246756e-09,"1","FAU"
2.05199275483799e-13,0.719969673306855,0.663,0.47,6.88197330117566e-09,"1","RPL21"
2.1086455352931e-13,0.881757448482589,0.537,0.347,7.071975396266e-09,"1","RPS15A"
2.11247178513982e-13,1.7682733129117,0.259,0.128,7.08480787300193e-09,"1","SLFN5"
2.11516691626714e-13,1.73972040105943,0.251,0.12,7.09384680377673e-09,"1","PARVB"
3.11521079122865e-13,1.42678482521623,0.271,0.114,1.04477939516226e-08,"1","EPHA4"
3.31805162341377e-13,1.54522380797895,0.268,0.13,1.11280815346051e-08,"1","IFNAR2"
3.38058340919072e-13,1.39984025550896,0.291,0.138,1.13378006377438e-08,"1","OSMR"
3.5080109203345e-13,0.563391390379437,0.796,0.632,1.17651670246179e-08,"1","EIF1"
3.69964592186965e-13,0.741481301649876,0.648,0.457,1.24078724927664e-08,"1","RPLP2"
3.93140894810348e-13,1.08163989124385,0.424,0.264,1.31851593301495e-08,"1","CTNND1"
4.31813257092745e-13,0.854754952164391,0.567,0.387,1.44821530163765e-08,"1","SMARCA2"
4.59281304716349e-13,1.48018298556018,0.303,0.15,1.54033763975769e-08,"1","AFAP1L2"
4.97110223571015e-13,0.820197986602879,0.599,0.403,1.66720826781247e-08,"1","RPS4X"
5.43514572857556e-13,1.37295417584197,0.296,0.141,1.82283917444967e-08,"1","LPAR6"
6.26778463737164e-13,1.3001539458932,0.323,0.154,2.1020896116817e-08,"1","DAB2"
6.46197675993265e-13,0.320479783108305,0.983,0.926,2.16721776574621e-08,"1","MT-ND3"
6.77260438111234e-13,1.22625385202078,0.379,0.21,2.27139605733746e-08,"1","PLSCR1"
7.50806150617097e-13,0.624998996947363,0.67,0.467,2.51805366793962e-08,"1","RPL35"
7.61561736430358e-13,1.53515749160607,0.266,0.117,2.55412575164013e-08,"1","EXOC6"
8.86344069042313e-13,1.19975568457864,0.411,0.257,2.97262073875411e-08,"1","MIDN"
9.66855553693493e-13,1.32054055574674,0.328,0.169,3.24264015597724e-08,"1","IFI44"
9.80643252093052e-13,1.06257671051631,0.414,0.239,3.28888133886968e-08,"1","FRY"
1.09740136280303e-12,1.67733085111009,0.303,0.158,3.68046469056882e-08,"1","CTGF"
1.9228786605756e-12,1.08636542445024,0.416,0.242,6.44895045183845e-08,"1","ADAM10"
1.98941148583568e-12,1.29163753902413,0.328,0.179,6.67208824119569e-08,"1","SYNGR2"
2.06552052044124e-12,1.53163620172302,0.296,0.155,6.92734272145584e-08,"1","MAP4K2"
2.08613756508957e-12,0.803660420644724,0.581,0.397,6.99648816579741e-08,"1","RPL6"
2.12724170114482e-12,0.741879067219527,0.626,0.441,7.13434321729951e-08,"1","RPL37"
2.34790768520727e-12,0.722235379772412,0.611,0.413,7.87441279464814e-08,"1","RPS3"
2.51950659464992e-12,1.06001756938812,0.414,0.252,8.44992121713692e-08,"1","RAB11A"
2.97903413122116e-12,0.972064835391516,0.475,0.311,9.99108466928953e-08,"1","RPL26"
3.26879410147761e-12,1.23786697276336,0.33,0.176,1.09628816575356e-07,"1","MAP3K11"
3.80610779896098e-12,0.768357634566248,0.581,0.388,1.27649243361553e-07,"1","RPS8"
4.22143275485894e-12,0.707855240007744,0.638,0.445,1.41578411732459e-07,"1","RPL8"
4.38468448088339e-12,1.55568933177018,0.268,0.16,1.47053548119867e-07,"1","FMNL3"
5.38973096453224e-12,0.602267390252783,0.675,0.482,1.80760797088482e-07,"1","RPL9"
6.33192395640876e-12,1.25193923444275,0.347,0.199,2.12360065650037e-07,"1","VAMP5"
6.45299931641807e-12,0.949306306932544,0.436,0.261,2.16420691074029e-07,"1","BCAP31"
7.17623727737256e-12,1.28116709144361,0.318,0.185,2.40676645808521e-07,"1","LGALS3"
7.74237671312329e-12,1.45414370889807,0.283,0.149,2.59663830204729e-07,"1","FOXQ1"
9.10670926244034e-12,0.614377953081663,0.667,0.476,3.05420815243724e-07,"1","H3F3A"
1.16580044408978e-11,1.60244139087222,0.259,0.129,3.9098615293883e-07,"1","AL390728.6"
1.7361088242791e-11,0.789324208538792,0.53,0.358,5.82256177486725e-07,"1","CLIC4"
1.86663470577316e-11,0.699378798101231,0.591,0.432,6.26031947622203e-07,"1","LAPTM4A"
2.0837886406824e-11,1.48381816714931,0.273,0.144,6.98861034312062e-07,"1","TAP1"
2.22002889939029e-11,1.02331325417492,0.446,0.289,7.44553292277514e-07,"1","YBX3"
2.22332416718196e-11,1.4412846292207,0.264,0.129,7.45658459189487e-07,"1","IFIT3"
2.29232952485271e-11,1.16647691886029,0.406,0.267,7.68801476045103e-07,"1","SOD2"
2.55488282153915e-11,1.34950326792409,0.298,0.169,8.56856600687801e-07,"1","WARS"
2.91731308401247e-11,0.34651561831291,0.897,0.752,9.78408462116103e-07,"1","MT-ND2"
3.06780527739205e-11,0.979522723485222,0.419,0.268,1.02888053393175e-06,"1","CYLD"
3.22148868819101e-11,0.94149095570106,0.387,0.221,1.0804228762455e-06,"1","HLF"
3.36515758885911e-11,0.327590143311881,0.894,0.747,1.12860655215157e-06,"1","ACTB"
4.31661670711344e-11,0.534724292239787,0.8,0.678,1.4477069112317e-06,"1","TCF4"
4.75457933019144e-11,0.648504547169273,0.631,0.464,1.5945908157596e-06,"1","RPS11"
5.08405688718931e-11,0.656357906486698,0.658,0.495,1.70509099882555e-06,"1","EIF4G2"
5.36003825815773e-11,1.41626697039416,0.276,0.145,1.79764963102094e-06,"1","TMPO"
5.43456120337708e-11,0.965372334772976,0.409,0.251,1.82264313638861e-06,"1","PLA2G16"
5.52816995578678e-11,1.49564100066529,0.254,0.129,1.85403763977177e-06,"1","CPNE8"
5.70412129905863e-11,1.30473582230105,0.3,0.166,1.91304820127828e-06,"1","SGMS1"
6.6486508238833e-11,0.689405876585596,0.562,0.372,2.22982451331398e-06,"1","RACK1"
6.84395859552627e-11,1.49126430535564,0.264,0.128,2.2953268337676e-06,"1","TNFAIP1"
7.51378037022637e-11,0.737652849796614,0.621,0.475,2.51997166056652e-06,"1","RPL7A"
7.63043135521374e-11,0.744118635357789,0.547,0.37,2.55909406791158e-06,"1","UBA52"
9.28664261754292e-11,1.28144656006137,0.303,0.163,3.11455420107155e-06,"1","IKBKB"
1.00078472867095e-10,0.569354911772142,0.751,0.604,3.35643182301662e-06,"1","RPL37A"
1.01679449205139e-10,0.63738285532272,0.608,0.422,3.41012536744196e-06,"1","YWHAB"
1.1576468928208e-10,1.31422468334261,0.278,0.141,3.88251614914239e-06,"1","CASKIN2"
1.22870789916848e-10,1.24137891378349,0.34,0.195,4.12084055223126e-06,"1","RIPOR1"
1.22894539957068e-10,1.07324125505719,0.399,0.252,4.12163708108016e-06,"1","SESTD1"
1.26266028795134e-10,1.31423385502928,0.283,0.151,4.23471007373119e-06,"1","GFOD1"
1.30858862392603e-10,1.39306945853063,0.268,0.145,4.38874452692312e-06,"1","IFIT1"
1.31296734226972e-10,1.21737333886109,0.315,0.181,4.40342987250418e-06,"1","DAB2IP"
1.35585296574037e-10,0.703101346901136,0.567,0.396,4.54725967650005e-06,"1","RPL30"
1.3625098283597e-10,0.718620018451179,0.559,0.378,4.56958546235275e-06,"1","TNS2"
1.52714802343912e-10,1.26182783607238,0.31,0.176,5.12174904101011e-06,"1","AKAP12"
1.5540736927518e-10,1.16610974831607,0.313,0.171,5.21205235075099e-06,"1","FAXDC2"
1.55841866203234e-10,0.642773866926933,0.567,0.38,5.22662450872407e-06,"1","AES"
1.93041893093852e-10,0.783694504422355,0.498,0.329,6.47423901058159e-06,"1","RPL22"
2.01830851013462e-10,0.604847819339376,0.648,0.476,6.76900308128948e-06,"1","EEF2"
2.28220868801166e-10,1.18010181283029,0.318,0.174,7.65407149785351e-06,"1","CAV2"
2.35886016940057e-10,1.28107262081845,0.293,0.157,7.91114523613562e-06,"1","FAM129B"
3.37819337668734e-10,1.03065964222268,0.389,0.243,1.1329784946734e-05,"1","SLK"
3.39102326279796e-10,0.602774476063701,0.667,0.499,1.13728138187718e-05,"1","IL6ST"
3.4111875403768e-10,1.16773053203065,0.313,0.171,1.14404407729157e-05,"1","IER2"
3.43803504508723e-10,0.307554718683808,0.744,0.565,1.15304819342135e-05,"1","IGFBP7"
4.08323203654779e-10,0.537300620212653,0.493,0.314,1.3694343604174e-05,"1","WWTR1"
4.32731223210275e-10,0.894300205074827,0.401,0.242,1.45129397640262e-05,"1","ATP1A1"
4.91053337055819e-10,1.15426195318639,0.335,0.203,1.64689468181781e-05,"1","PDCD4"
5.12778833470203e-10,1.04763288683459,0.379,0.226,1.71975765169237e-05,"1","HDAC7"
5.90014407340057e-10,0.676197241107554,0.611,0.449,1.97879031933708e-05,"1","TUBA1B"
6.16878215481018e-10,1.43753170785419,0.256,0.136,2.06888615908024e-05,"1","SMIM3"
6.60419914546653e-10,1.06979114354366,0.313,0.171,2.21491630940656e-05,"1","FCHO2"
7.00314675975649e-10,0.676649431330378,0.594,0.435,2.34871536028713e-05,"1","CSDE1"
7.77070998034699e-10,1.2615426604457,0.288,0.182,2.60614071320877e-05,"1","WWC2"
7.8739634058357e-10,0.626624986437663,0.522,0.343,2.64076984704918e-05,"1","ADIRF"
7.92170567710401e-10,1.02787212473228,0.333,0.186,2.65678164998714e-05,"1","PTPN14"
7.92448978015413e-10,0.814442452749571,0.567,0.47,2.65771538246809e-05,"1","SMG1"
8.3156140147786e-10,0.983461369576423,0.362,0.215,2.78889062827645e-05,"1","LUZP1"
8.56225868840417e-10,0.721444253476497,0.51,0.331,2.87161031891699e-05,"1","SLC12A2"
9.59892021410291e-10,0.641774358188083,0.571,0.4,3.21928586140583e-05,"1","RHOA"
9.87095429343332e-10,0.562936133386041,0.645,0.473,3.31052065093167e-05,"1","RPL18"
1.00576088269586e-09,1.15601447503621,0.296,0.164,3.37312084838537e-05,"1","KLF3"
1.13161620095498e-09,0.713797719494629,0.498,0.334,3.79521441476281e-05,"1","MTRNR2L8"
1.14440629154485e-09,0.699131097414795,0.522,0.358,3.83810982058312e-05,"1","UACA"
1.15610661189288e-09,1.08494944161745,0.369,0.253,3.87735035496635e-05,"1","CNDP2"
1.17298332072627e-09,1.21381849218635,0.325,0.192,3.93395146105177e-05,"1","BCL2L1"
1.18137594097885e-09,0.895652047144027,0.51,0.372,3.96209863085486e-05,"1","DNAJA1"
1.20530272020639e-09,1.24037185016795,0.278,0.15,4.04234426302819e-05,"1","ARF6"
1.22318010650736e-09,0.862571769539448,0.399,0.248,4.10230144120439e-05,"1","CDC37"
1.38963804380947e-09,1.05046983687689,0.337,0.196,4.6605680713282e-05,"1","TBX3"
1.46056005403324e-09,0.860508752519044,0.424,0.273,4.89842630921667e-05,"1","GUK1"
1.46840735168269e-09,1.10775641877027,0.333,0.207,4.92474457607341e-05,"1","CAPNS1"
1.63840509698724e-09,0.830739315409959,0.47,0.298,5.49488301427581e-05,"1","DUSP1"
1.71736904802871e-09,0.853771053111501,0.441,0.277,5.75971231327867e-05,"1","HIPK3"
1.82770739694374e-09,1.08135125746961,0.328,0.191,6.12976506786991e-05,"1","PARP9"
1.83941868392469e-09,1.29447450986664,0.268,0.141,6.16904238214664e-05,"1","ARFGEF2"
1.88096276326841e-09,0.529044113257737,0.655,0.485,6.3083729154496e-05,"1","RPL13"
2.25169112186781e-09,1.28304287633502,0.268,0.155,7.55172168452025e-05,"1","ISG15"
2.25631367507898e-09,0.609526667173399,0.599,0.453,7.56722480347989e-05,"1","PTTG1IP"
2.51375701727368e-09,1.2444952124476,0.266,0.145,8.43063828453247e-05,"1","UBE2J1"
2.78352844826752e-09,1.18541943940458,0.271,0.147,9.33539770979961e-05,"1","ELF1"
3.00440875444379e-09,1.04508367596094,0.337,0.206,0.000100761860806536,"1","PRKD3"
3.22285086680956e-09,0.712961507366001,0.532,0.374,0.000108087972371059,"1","RPL18A"
3.43383066141412e-09,0.857961247072294,0.456,0.316,0.000115163812722507,"1","FOXN3"
3.73705255505755e-09,1.09885766850113,0.305,0.166,0.00012533326859152,"1","PLXNA2"
3.82689247935431e-09,0.780242507051567,0.48,0.322,0.000128346319972585,"1","NR3C1"
4.27438536926918e-09,1.25007790475157,0.281,0.169,0.00014335433651455,"1","IL4R"
4.90332689616166e-09,0.737715254612809,0.52,0.368,0.00016444777744347,"1","ZBTB38"
5.20225121750983e-09,0.934532692644515,0.357,0.212,0.000174473101332845,"1","S100A10"
5.36868389806547e-09,0.936320092729686,0.374,0.242,0.00018005492057332,"1","MEF2A"
5.484507092683e-09,0.828072605862646,0.426,0.282,0.000183939398874402,"1","AFDN"
6.04627459241013e-09,0.916834532840328,0.438,0.306,0.000202779957280251,"1","RPL10A"
6.16977569224261e-09,0.685655965634369,0.495,0.337,0.000206921937166433,"1","SERPINH1"
7.71204314252446e-09,0.747567568429484,0.433,0.295,0.000258646502913985,"1","RBM17"
8.12024082397063e-09,0.844645421270903,0.34,0.192,0.000272336636754327,"1","TINAGL1"
8.56253566986836e-09,1.15483827862614,0.291,0.185,0.000287170321296045,"1","ELK4"
1.01619429040587e-08,0.916161567659923,0.414,0.28,0.000340811241116322,"1","RPS26"
1.03095798536027e-08,0.96405271175351,0.387,0.246,0.000345762689130128,"1","MT1M"
1.0533420227848e-08,1.07593351372809,0.333,0.204,0.000353269847601567,"1","S100A13"
1.05696687258591e-08,0.789921643334485,0.47,0.318,0.000354485549727861,"1","RPL23"
1.10935462854602e-08,1.30078291738752,0.251,0.147,0.000372055355321764,"1","WDFY1"
1.21609904398759e-08,0.734951183056793,0.547,0.396,0.000407855297372559,"1","SERINC3"
1.3390755469294e-08,0.827203056895409,0.399,0.249,0.000449099156929181,"1","PRKACB"
1.4211688764861e-08,0.595412389058983,0.633,0.489,0.000476631617795909,"1","RPS24"
1.45432487476872e-08,0.752895817205674,0.49,0.358,0.000487751476499933,"1","STAT3"
1.53787399557158e-08,0.948683088501473,0.342,0.216,0.000515772180634798,"1","DOCK1"
1.63938813981792e-08,0.615738382010615,0.507,0.341,0.000549817994332135,"1","MGLL"
1.65069535976123e-08,0.558270939713991,0.584,0.422,0.000553610209756721,"1","RPS16"
1.76644467998904e-08,1.18660018168913,0.256,0.132,0.000592430216774724,"1","CX3CL1"
1.78356290928208e-08,1.03792527349506,0.291,0.16,0.000598171328515024,"1","EFNB2"
1.86200825725659e-08,0.596823868788314,0.601,0.469,0.000624480329318716,"1","KTN1"
1.86852796664114e-08,0.981109007642908,0.323,0.217,0.000626666909452106,"1","LDHA"
2.2320258039363e-08,1.2011748185588,0.261,0.141,0.000748576814124158,"1","MFHAS1"
2.35697621586602e-08,0.866352803458529,0.3,0.166,0.000790482683277145,"1","TNXB"
2.88065215337636e-08,0.906913560065416,0.352,0.216,0.000966113119199363,"1","SPCS3"
2.96052736874278e-08,1.16498892275725,0.323,0.221,0.000992901668928953,"1","BHLHE40"
3.37112256955073e-08,0.833862495437002,0.357,0.213,0.00113060708737592,"1","MAN1A2"
3.39768578536236e-08,0.892809888023806,0.34,0.214,0.00113951585869483,"1","PAM"
3.3998074175367e-08,0.624488450153074,0.436,0.281,0.00114022741169346,"1","NCL"
3.63660636776061e-08,0.833286017605469,0.36,0.225,0.00121964504361955,"1","OXR1"
4.21151353302711e-08,0.910659773868597,0.342,0.211,0.00141245740870663,"1","ARPC3"
4.33257478239269e-08,0.966236004071901,0.273,0.15,0.00145305893051886,"1","SIPA1L2"
4.45598533647536e-08,1.04737707816187,0.251,0.131,0.00149444836214711,"1","MVP"
4.86279418672511e-08,0.355017111666864,0.759,0.611,0.00163088391434387,"1","H3F3B"
5.52808664826325e-08,0.847844680016333,0.372,0.236,0.00185400970009453,"1","SHISA5"
5.81372334616904e-08,0.544026966342954,0.687,0.54,0.00194980653583817,"1","AHNAK"
5.91320313950227e-08,0.644019013672108,0.532,0.391,0.00198317006892627,"1","RPL39"
6.04127209428029e-08,0.521809747309052,0.64,0.482,0.00202612183497972,"1","TJP1"
6.20766205702254e-08,0.370559004204818,0.596,0.433,0.00208192570068422,"1","MYL6"
6.41195861817725e-08,1.04224731229437,0.281,0.161,0.00215044268136429,"1","ADAM15"
6.46029389106824e-08,0.502426472258134,0.618,0.465,0.00216665336518646,"1","SERINC1"
6.56638378943317e-08,1.26112413625405,0.251,0.16,0.0022022337953001,"1","BTG2"
6.76544423984889e-08,0.882341012993038,0.347,0.214,0.00226899468916052,"1","EFR3B"
7.48080427716672e-08,0.627491717124146,0.498,0.35,0.00250891213847617,"1","CYB5R3"
7.72229769914321e-08,0.913218992837654,0.318,0.185,0.00258990420233865,"1","ARFGAP3"
8.80159190975677e-08,0.43840361648969,0.764,0.635,0.00295187789469423,"1","MT-ND5"
9.02879730178811e-08,0.727610482325377,0.397,0.258,0.0030280780390737,"1","RAPGEF1"
9.28322663370706e-08,0.784357559610004,0.441,0.308,0.00311340854841267,"1","CSTB"
1.02774407281276e-07,0.786932554807256,0.404,0.277,0.00344684807139942,"1","TMEM50B"
1.31907608548223e-07,0.851263978076267,0.365,0.238,0.0044239173754903,"1","OPTN"
1.39397104739867e-07,1.05556978392549,0.266,0.15,0.00467510009876565,"1","PTPRM"
1.43218837132998e-07,0.475073311887381,0.567,0.411,0.0048032733597665,"1","RPSA"
1.58115803619724e-07,0.456396984540869,0.51,0.359,0.00530288782179832,"1","DSTN"
1.66327996134977e-07,0.903125817588855,0.357,0.231,0.00557830833437485,"1","PGK1"
1.85290283983211e-07,0.266152993341552,0.882,0.778,0.00621426554422893,"1","FTL"
2.03131541172284e-07,0.680792193675139,0.441,0.306,0.00681262562783607,"1","MT1X"
2.04444753100503e-07,1.0470975743234,0.286,0.179,0.00685666812948466,"1","PLXND1"
2.14229642985465e-07,0.885343042464121,0.34,0.217,0.00718483376644652,"1","TNS3"
2.58144099836778e-07,0.809351487633349,0.374,0.246,0.00865763682032585,"1","CRK"
2.63390852255121e-07,0.465040246638313,0.626,0.478,0.00883360240293225,"1","EIF4A2"
2.84586186005179e-07,0.523782235103361,0.611,0.472,0.00954445150624169,"1","RPL32"
2.90995293601377e-07,0.885497025805837,0.345,0.222,0.00975940015680297,"1","ADGRA2"
3.62058635965405e-07,0.827793499714763,0.424,0.299,0.0121427225330077,"1","SMCHD1"
3.73531812120416e-07,0.610178596183232,0.542,0.394,0.0125275099148945,"1","RPL24"
4.51400534295796e-07,0.80525501650235,0.374,0.255,0.0151390711192124,"1","ARPC2"
4.79675671313536e-07,0.524751190986244,0.542,0.394,0.0160873626645134,"1","ATP5F1E"
4.9461431699042e-07,0.796137345638422,0.367,0.252,0.0165883749632247,"1","ARHGDIA"
5.31603146156945e-07,0.892670102889746,0.365,0.264,0.0178289063158116,"1","C4orf3"
5.94643801631412e-07,0.906766967096692,0.33,0.214,0.0199431638191143,"1","SWAP70"
6.19072679547321e-07,1.05268562804643,0.256,0.185,0.0207624595266581,"1","ARPC4"
6.60221961456102e-07,0.822063310851871,0.33,0.207,0.0221425241433147,"1","ANKRD40"
6.94836686727963e-07,0.932009896867592,0.337,0.229,0.0233034327994824,"1","ATL3"
7.27379033089002e-07,0.658991491088148,0.473,0.346,0.024394838011739,"1","ADAR"
7.79984997623927e-07,1.07500831220782,0.264,0.179,0.0261591368503113,"1","FDPS"
9.42097020163839e-07,0.702877062306642,0.426,0.305,0.0315960498622548,"1","SERBP1"
1.04775167212462e-06,0.871545785337239,0.382,0.283,0.0351394955797156,"1","CCNL1"
1.06488572885236e-06,0.887239416975121,0.318,0.2,0.0357141375742506,"1","PLEKHA1"
1.10799443508365e-06,0.824131418723114,0.347,0.235,0.0371599173638354,"1","BNIP2"
1.13040485680487e-06,0.622324418537424,0.517,0.389,0.0379115180875218,"1","RPS15"
1.25848982242486e-06,0.785848093777854,0.377,0.255,0.042207231664485,"1","MINDY2"
1.57930989380227e-06,0.587931956366417,0.515,0.378,0.0529668952183405,"1","RPS2"
1.59293243146696e-06,0.768667766272639,0.379,0.254,0.0534237678865391,"1","RPS6KA2"
1.75921419983448e-06,0.712115207812895,0.414,0.296,0.0590005258340487,"1","TRIM56"
1.78645356760982e-06,1.10999208867794,0.254,0.155,0.0599140797504983,"1","CCND1"
2.12323832745171e-06,0.677389248764967,0.448,0.331,0.0712091670260754,"1","LEPROT"
2.1396717928676e-06,0.994782306168082,0.266,0.16,0.0717603125891935,"1","REEP3"
2.16297303917216e-06,0.858987800862642,0.342,0.232,0.0725417897877558,"1","MYO1C"
2.40803690745966e-06,0.329562787612821,0.507,0.366,0.0807607418023821,"1","TPM1"
2.47396761538367e-06,0.789414548128925,0.276,0.161,0.0829719258847374,"1","CENPB"
2.60176143279157e-06,0.692854965153306,0.431,0.309,0.0872578749329637,"1","FRYL"
2.64464227042222e-06,0.703220328773486,0.362,0.248,0.0886960124654204,"1","TSC22D3"
2.77363724477976e-06,0.461353758363738,0.586,0.463,0.0930222459154237,"1","PEA15"
3.0016746865929e-06,0.637782144162082,0.52,0.395,0.100670165638953,"1","CFL1"
3.07885591112149e-06,0.636254995697562,0.441,0.325,0.103258669547192,"1","NFE2L1"
3.33787866955875e-06,0.767980429594237,0.31,0.197,0.111945774819662,"1","RAP1A"
3.69029806688463e-06,0.888392093263425,0.271,0.162,0.123765216567177,"1","DENND4C"
3.85064658572728e-06,0.69796702806677,0.453,0.348,0.129142985192121,"1","WAC"
3.88443275333337e-06,0.911668423719906,0.268,0.171,0.130276105681295,"1","BRK1"
4.90645088942227e-06,0.884595679338432,0.286,0.19,0.164552549929444,"1","DGKH"
5.03189520017965e-06,0.50760712690089,0.468,0.337,0.168759701223625,"1","RPS5"
5.06605836522214e-06,1.05347257804934,0.256,0.177,0.16990546545282,"1","NFATC3"
5.4967518292459e-06,0.843918484068701,0.308,0.2,0.184350062849249,"1","KLHL5"
5.74627170635916e-06,0.961974356272198,0.261,0.157,0.192718460487874,"1","CHST12"
5.99177025719634e-06,1.01385881915856,0.268,0.175,0.200951990885851,"1","DNM2"
6.63202895875983e-06,0.415247677416035,0.613,0.478,0.222424987218887,"1","UTRN"
6.73989549778537e-06,0.557463651087696,0.522,0.402,0.226042615204726,"1","RPL23A"
8.12832520956138e-06,0.584152504284237,0.458,0.345,0.27260777087827,"1","CDC42"
9.08739269103226e-06,0.807368511983472,0.283,0.189,0.30477297607184,"1","SNU13"
9.4177163378289e-06,0.61270183852143,0.379,0.324,0.315851370538106,"1","SUGT1"
9.46931862219965e-06,0.695802844719814,0.342,0.227,0.317582007951332,"1","CTDSP1"
9.52235188904497e-06,0.860419226783204,0.271,0.191,0.31936063765479,"1","MAPK1IP1L"
9.6847428333334e-06,1.0521228833552,0.254,0.155,0.324806905144335,"1","GUCY1A2"
9.76925113920808e-06,0.834873571989414,0.308,0.209,0.32764114470676,"1","H2AFZ"
9.82166532736569e-06,0.364796633281964,0.288,0.367,0.32939901174919,"1","DNAJB1"
1.0271144990719e-05,0.728702582775884,0.266,0.163,0.344473660698734,"1","COL18A1"
1.06254287470247e-05,0.743473498316926,0.367,0.269,0.356355629317716,"1","CTNNA1"
1.07274914478835e-05,0.744466551012924,0.303,0.199,0.359778608179116,"1","BCAM"
1.08799601966579e-05,0.760550882068613,0.337,0.226,0.364892105075514,"1","UHMK1"
1.15466687282543e-05,0.60175300975316,0.744,0.657,0.387252175808194,"1","HSP90AB1"
1.26866451812537e-05,0.935271398490566,0.254,0.175,0.425484706088885,"1","FOXF2"
1.30975134003076e-05,0.555517162205534,0.34,0.221,0.439264404419516,"1","TRIO"
1.37334965295076e-05,0.417912070200391,0.663,0.539,0.460594006606624,"1","UBB"
1.40718119334809e-05,0.69416615684188,0.357,0.25,0.471940428625081,"1","NUCB1"
1.48906731659879e-05,0.400456510239948,0.512,0.381,0.499403396640903,"1","RPL38"
1.59956200357198e-05,0.923421942349511,0.276,0.197,0.536461104757971,"1","CHMP3"
1.60525220364876e-05,1.03084024014557,0.251,0.218,0.538369484059723,"1","HES1"
1.73408014997335e-05,0.867209350167476,0.273,0.18,0.581575800698062,"1","SETD7"
1.91150592122149e-05,0.722787530773225,0.298,0.193,0.641080855859264,"1","APH1A"
1.91389861023575e-05,0.627865728034127,0.362,0.249,0.641883315900867,"1","USP53"
1.92666405166855e-05,0.778606827223107,0.256,0.156,0.646164589648599,"1","FRMD3"
1.93911026557146e-05,0.837430223758746,0.271,0.181,0.650338800867355,"1","XRN2"
2.03702810631082e-05,0.464175072072074,0.549,0.432,0.683178486294523,"1","RPS29"
2.09489565383909e-05,0.852465718066026,0.278,0.199,0.702586104384555,"1","CDKN1B"
2.17226480669899e-05,0.86399175328166,0.303,0.204,0.728534170870706,"1","TCP1"
2.24450808595846e-05,0.701937525635646,0.357,0.265,0.752763121868749,"1","MLEC"
2.35121808931151e-05,0.727416189706483,0.33,0.241,0.788551522793293,"1","PTBP1"
2.36549106707327e-05,0.849482754752672,0.273,0.174,0.793338394075032,"1","CARHSP1"
2.48020998594144e-05,0.555676112339868,0.416,0.298,0.831812825085039,"1","RPL12"
2.69020588716071e-05,0.685150207970887,0.303,0.195,0.90224125043596,"1","COX7A1"
2.74536188346067e-05,0.74689288006068,0.308,0.236,0.920739468475038,"1","TMBIM4"
2.75687368976498e-05,0.722720715818111,0.32,0.215,0.924600298073378,"1","SKIL"
2.80244640536417e-05,0.773695274978989,0.347,0.254,0.939884475431034,"1","YBX1"
2.9342833797056e-05,0.590307155414624,0.379,0.267,0.984099959885665,"1","EIF4H"
2.99253440450476e-05,0.70224934862427,0.392,0.301,1,"1","EIF2AK2"
3.06255933108908e-05,0.538484490704478,0.456,0.34,1,"1","ANXA5"
3.08293204854638e-05,0.417179352375966,0.539,0.421,1,"1","RPLP0"
3.12095993860415e-05,0.364066490425702,0.505,0.378,1,"1","WNK1"
3.42126434463973e-05,0.914356825059168,0.254,0.163,1,"1","STAT5B"
3.45911431034925e-05,0.7101381908056,0.315,0.217,1,"1","RPS10"
3.54268196003215e-05,0.630595120812697,0.431,0.324,1,"1","MYO10"
3.54949659041297e-05,0.640500323464552,0.411,0.305,1,"1","RPS13"
3.75971448227676e-05,0.798250868168492,0.293,0.218,1,"1","CYFIP1"
4.33566591906967e-05,0.65905227080152,0.347,0.245,1,"1","RAP1B"
5.22103650621346e-05,0.730319242214737,0.305,0.229,1,"1","MTPN"
5.59151265062418e-05,0.623463204918403,0.369,0.274,1,"1","TOR1AIP2"
5.68341518365158e-05,0.608826310930136,0.451,0.347,1,"1","TMA7"
5.73875937258357e-05,0.485827319144659,0.525,0.407,1,"1","RPL5"
6.09378999799864e-05,0.553047708203956,0.436,0.33,1,"1","RPS20"
6.89271880475786e-05,0.802610284243757,0.271,0.187,1,"1","CREB1"
6.89303036349294e-05,0.539644526375626,0.429,0.32,1,"1","CAPZA2"
6.89697436444606e-05,0.853301009946784,0.271,0.193,1,"1","APOL6"
6.97587243985969e-05,0.723356411384169,0.259,0.169,1,"1","PRKAR2A"
7.3153678326104e-05,0.836824518410179,0.256,0.18,1,"1","TRIOBP"
7.38655433369849e-05,0.47773514041174,0.52,0.432,1,"1","KMT2E"
7.44086349250792e-05,0.806225111368506,0.286,0.195,1,"1","RAP2A"
7.5362248489938e-05,0.788035395504799,0.268,0.178,1,"1","AIDA"
7.60390074512441e-05,0.481376207080854,0.483,0.365,1,"1","RPL7"
8.63392798375842e-05,0.825609751045261,0.283,0.188,1,"1","EEF1B2"
8.71729569689125e-05,0.675446508154556,0.421,0.323,1,"1","MSN"
9.07248477608962e-05,0.414439574110797,0.569,0.466,1,"1","ARHGEF12"
9.14914487141211e-05,0.454445033892014,0.522,0.41,1,"1","NACA"
9.28965409550953e-05,0.631462234617936,0.347,0.264,1,"1","AFF1"
9.30428982576922e-05,0.637124727354037,0.308,0.217,1,"1","HDGFL3"
9.34783171179653e-05,0.746114065209297,0.283,0.197,1,"1","UFM1"
9.47378615423917e-05,0.69311425688926,0.305,0.22,1,"1","GRN"
9.62717569004808e-05,0.590787060712623,0.372,0.279,1,"1","TPI1"
0.00010230025314658,0.615028944924693,0.416,0.321,1,"1","TAPBP"
0.000103642805312774,0.687369490693796,0.357,0.264,1,"1","APCDD1"
0.000112100419808507,0.258122114382779,0.608,0.49,1,"1","NORAD"
0.000128492189067496,0.806021190041829,0.264,0.182,1,"1","TANC1"
0.000129068391330981,0.328667270859346,0.658,0.569,1,"1","SELENOW"
0.000135134386564787,0.379891249623795,0.594,0.476,1,"1","SERF2"
0.000137139197885899,0.459255335776249,0.48,0.378,1,"1","WASF2"
0.000137755884892575,0.5703427067222,0.463,0.352,1,"1","PPIA"
0.000141083056127234,0.739342013506562,0.313,0.218,1,"1","CD151"
0.000143758806655028,0.626531354166135,0.259,0.164,1,"1","PLEKHB2"
0.000143929145430684,0.665352875870184,0.32,0.229,1,"1","HSPA4"
0.000146083620330763,0.703452221002016,0.323,0.233,1,"1","TLN1"
0.000152112292261272,0.276699134780751,0.754,0.65,1,"1","GAPDH"
0.000152186778040532,0.5588985968483,0.424,0.318,1,"1","SYPL1"
0.000152530493307782,0.843076411079216,0.259,0.177,1,"1","SAV1"
0.000152628695460721,0.421058752557043,0.382,0.271,1,"1","BTG1"
0.000162108284418882,0.587149420486047,0.397,0.299,1,"1","PCMTD1"
0.000165846547349004,0.803304072430529,0.256,0.191,1,"1","MCC"
0.000176794520417915,0.626244758994277,0.313,0.218,1,"1","CCT4"
0.000180527976236407,0.761450388741225,0.251,0.19,1,"1","MPZL1"
0.000183983357122869,0.470533473396555,0.502,0.394,1,"1","RPL35A"
0.000189309310951776,0.817885581220215,0.259,0.183,1,"1","MARF1"
0.000197083981272289,0.42166379798929,0.382,0.275,1,"1","EIF5B"
0.000201099352598491,0.8086458057394,0.251,0.192,1,"1","DOCK6"
0.000208764670756966,0.68331465036992,0.296,0.204,1,"1","MT-ATP8"
0.000212791318024946,0.673040048437275,0.273,0.198,1,"1","DNAJC15"
0.000226376750497092,0.324183964248463,0.695,0.585,1,"1","MT-ND4L"
0.000229517729617383,0.489800078459434,0.478,0.408,1,"1","UBE2D3"
0.000232490819485612,0.521265272331811,0.362,0.264,1,"1","YWHAG"
0.000235531972743645,0.666452953561514,0.303,0.225,1,"1","HNRNPM"
0.000257648365651062,0.602255314733295,0.308,0.217,1,"1","PSMA7"
0.000260256372630006,0.565340608381767,0.35,0.252,1,"1","KAT6A"
0.000261306091132598,0.704617273522398,0.33,0.244,1,"1","PTPN11"
0.000268148615182656,0.501380854492339,0.426,0.343,1,"1","SQSTM1"
0.000269910693666804,0.669100221564025,0.305,0.214,1,"1","RPL36AL"
0.000282087916214856,0.384690357638491,0.599,0.49,1,"1","MORF4L1"
0.00028695159974742,0.704559441962966,0.278,0.21,1,"1","CCT5"
0.000289691664467704,0.791237273795383,0.254,0.186,1,"1","RYBP"
0.000306342732227854,0.630332195912251,0.296,0.209,1,"1","EIF3E"
0.000313319234743791,0.640788561484983,0.33,0.239,1,"1","PHKB"
0.000324568135707593,0.725707852442138,0.259,0.201,1,"1","PPP1R10"
0.000328285822914657,0.44389318027155,0.365,0.261,1,"1","PDZD2"
0.000347660095400104,0.805879833805515,0.266,0.191,1,"1","GDI2"
0.000360008562303984,0.709832034400148,0.293,0.212,1,"1","PSMB4"
0.000363742205199199,0.481529627813237,0.53,0.428,1,"1","CCNI"
0.000377509142742263,0.386374563530287,0.436,0.331,1,"1","TGOLN2"
0.000378974899813207,0.559854791390419,0.261,0.171,1,"1","ATP11A"
0.000380694762627602,0.626280232394751,0.365,0.277,1,"1","YY1"
0.000398168733473098,0.343681916786058,0.589,0.494,1,"1","SRP14"
0.000410802301229272,0.6468728489813,0.278,0.194,1,"1","NDUFC1"
0.000413422621058724,0.526418599178773,0.266,0.254,1,"1","FKBP4"
0.000434850812374296,0.754047762260994,0.256,0.186,1,"1","TRAK2"
0.000442783913284313,0.571597581764439,0.345,0.279,1,"1","ATF4"
0.000443127454096221,0.630125474421913,0.261,0.176,1,"1","KIAA1551"
0.000470389373750958,0.412297535834259,0.51,0.403,1,"1","NFIB"
0.000510127322024308,0.279396697297091,0.527,0.424,1,"1","MAP4"
0.000532556580836553,0.46259434769766,0.409,0.308,1,"1","ACTR2"
0.000532623549311367,0.333860795943368,0.448,0.341,1,"1","FGD5-AS1"
0.000574056630504801,0.617341470430417,0.286,0.202,1,"1","ZBTB16"
0.000601474003438309,0.491664604523668,0.323,0.236,1,"1","HNRNPF"
0.000605132079021967,0.669165413396993,0.268,0.192,1,"1","MAP1LC3B"
0.000672814547750689,0.409529253197106,0.458,0.36,1,"1","RPS21"
0.000684638949896583,0.537836930768052,0.298,0.229,1,"1","RAB5C"
0.000816694288218398,0.625987094981361,0.31,0.255,1,"1","RAB14"
0.000821262266611436,0.361794160819232,0.544,0.445,1,"1","CSNK1A1"
0.000872264085140538,0.549480690389381,0.347,0.267,1,"1","UBE2B"
0.000877479859914032,0.410571788293545,0.429,0.335,1,"1","HNRNPA1"
0.000913458693948701,0.63458031273956,0.251,0.169,1,"1","RPGR"
0.000928455574116,0.542383360326467,0.433,0.337,1,"1","ROCK1"
0.000933973901821694,0.395076702975383,0.456,0.388,1,"1","PURA"
0.000960716480152825,0.513381784631171,0.355,0.284,1,"1","SNX3"
0.00106726373867299,0.671188148486908,0.251,0.179,1,"1","SELENON"
0.00107245967730828,0.423641872024457,0.453,0.359,1,"1","SET"
0.00112995577223193,0.683743427401025,0.254,0.188,1,"1","CFDP1"
0.00113488103941549,0.625195566041723,0.298,0.222,1,"1","CSRP2"
0.00118388975150511,0.580176639867127,0.264,0.186,1,"1","RPN2"
0.00120000804192483,0.596157891984361,0.271,0.215,1,"1","RPL31"
0.00121289106761341,0.507212775035434,0.389,0.308,1,"1","EIF3A"
0.00131053168483234,0.531353207848586,0.33,0.247,1,"1","H2AFV"
0.00132389762785629,0.631565788274945,0.264,0.22,1,"1","COL4A3BP"
0.00140213074019067,0.429503796578965,0.512,0.419,1,"1","MBNL1"
0.00143603467714527,0.382946201481258,0.436,0.388,1,"1","RALGAPA1"
0.00145733338441634,0.601577547091514,0.281,0.239,1,"1","LASP1"
0.00148234268792596,0.27848633139613,0.567,0.465,1,"1","HSPA8"
0.00158766408697176,0.276937182274002,0.278,0.193,1,"1","KIF1C"
0.00169174083037816,0.554800769898842,0.259,0.215,1,"1","RPL7L1"
0.00174834564356256,0.493996398412874,0.333,0.251,1,"1","SCP2"
0.00176166563448524,0.638434369646826,0.264,0.185,1,"1","CHD1"
0.00179456828287141,0.685561428458815,0.256,0.215,1,"1","BAG3"
0.00179864354957865,0.621950180156881,0.303,0.223,1,"1","NDUFS5"
0.00187481543228379,0.317200269718495,0.431,0.334,1,"1","ARF1"
0.00189671343970569,0.375645188084776,0.328,0.239,1,"1","SCAMP1"
0.00192224506919993,0.548307804726498,0.273,0.195,1,"1","EIF2S2"
0.00192814741419966,0.422309327407374,0.283,0.2,1,"1","ATP6V1E1"
0.00204800217195056,0.466645740200213,0.337,0.252,1,"1","HINT1"
0.00209529538697524,0.53399661494538,0.303,0.253,1,"1","SEPT9"
0.00223041221377585,0.466178103417486,0.33,0.242,1,"1","ARPC5"
0.00224727868047353,0.381335164720443,0.399,0.311,1,"1","HNRNPR"
0.00232748580062545,0.62180938207757,0.254,0.19,1,"1","FGF1"
0.0023309435418533,0.417257109523149,0.389,0.324,1,"1","TOMM7"
0.0023384761490827,0.692713058811713,0.264,0.198,1,"1","SNX6"
0.00253000603518522,0.614102427996789,0.251,0.183,1,"1","UBTF"
0.00276699592829566,0.451450286360934,0.342,0.261,1,"1","CAMTA1"
0.00284341586211206,0.477809263016738,0.298,0.216,1,"1","YWHAH"
0.00288133432121799,0.571224407862901,0.32,0.245,1,"1","PIAS2"
0.00300460450963698,0.593995095626956,0.271,0.198,1,"1","DNAJC8"
0.00305497514999998,0.571711070082364,0.271,0.204,1,"1","SH3BGRL3"
0.003189258946655,0.325179413017913,0.574,0.483,1,"1","HNRNPK"
0.00325594641101236,0.350988063748399,0.355,0.267,1,"1","TRAM1"
0.00332319751891416,0.463687653827593,0.406,0.337,1,"1","ATP5F1B"
0.0033677044503628,0.383096631007847,0.291,0.209,1,"1","S100A11"
0.00359521742215394,0.534518192481249,0.333,0.255,1,"1","CAP1"
0.00365932688688514,0.582098649455774,0.276,0.203,1,"1","CMPK1"
0.00388827927086688,0.540263428206668,0.273,0.204,1,"1","PPP2R5E"
0.0041179920023541,0.516287384466333,0.345,0.275,1,"1","AKT3"
0.00413130707923586,0.671732207277293,0.256,0.186,1,"1","ARL2BP"
0.00446720301778284,0.325669220130763,0.384,0.296,1,"1","EIF4B"
0.00449668589623369,0.385709790447352,0.446,0.366,1,"1","ST13"
0.00456546535146595,0.588542826727608,0.281,0.214,1,"1","TMOD2"
0.00478130228024266,0.402348539746247,0.451,0.389,1,"1","RNF213"
0.00485060437345287,0.517177044412707,0.328,0.259,1,"1","SERINC5"
0.00487054550477327,0.325483610917668,0.441,0.388,1,"1","DNAJB6"
0.00490681961151604,0.383944409311678,0.313,0.232,1,"1","PRPF8"
0.00505070893228965,0.501146856444288,0.291,0.233,1,"1","MKNK2"
0.00534477090839608,0.555359290126198,0.256,0.188,1,"1","KDELR2"
0.00540085380243136,0.293878342889234,0.416,0.331,1,"1","PIK3C2A"
0.00563374807235355,0.312069354579203,0.564,0.492,1,"1","SEC62"
0.00581504027560551,0.495595695413604,0.33,0.277,1,"1","EIF4EBP2"
0.00585647046368274,0.61955684645215,0.357,0.38,1,"1","HSPH1"
0.00586142421302259,0.582870992025193,0.268,0.207,1,"1","EIF3F"
0.00587960077422933,0.429643363371145,0.36,0.323,1,"1","MBNL2"
0.0062695136729145,0.423617642306279,0.318,0.243,1,"1","SLC25A6"
0.00645961304256253,0.380708995194261,0.291,0.282,1,"1","RERE"
0.00673034507524076,0.558022489630395,0.286,0.228,1,"1","SORBS3"
0.00684033516379964,0.397643144337879,0.387,0.324,1,"1","G3BP1"
0.00723133791098338,0.43839671133215,0.305,0.237,1,"1","ASAP1"
0.00728414146577808,0.424240276110998,0.409,0.328,1,"1","UBL5"
0.00778125037667376,0.412707978026772,0.31,0.235,1,"1","PTPN12"
0.00808813532091878,0.578313247151267,0.291,0.236,1,"1","XRCC6"
0.00818527639102317,0.479502200341492,0.333,0.271,1,"1","SETD5"
0.00820242112685099,0.458052632287993,0.475,0.394,1,"1","PRKAR1A"
0.00851673489968683,0.513402002251157,0.288,0.246,1,"1","TM9SF2"
0.00866559125285054,0.284281776382395,0.367,0.286,1,"1","MRFAP1"
0.00895471213955879,0.434476651984011,0.357,0.321,1,"1","SLC25A3"
0.00897744654173642,0.353047219344862,0.426,0.346,1,"1","RAD21"
0.00899250385204767,0.503315003861441,0.266,0.209,1,"1","AGPAT1"
0.00909513851673845,0.263024406256085,0.466,0.38,1,"1","RPL4"
0.00976168151059352,0.500244564628508,0.313,0.261,1,"1","SECISBP2L"
2.20810005568895e-179,3.76115702385428,0.867,0.108,7.40552596676959e-175,"2","NOTCH3"
4.04163928353506e-153,4.06208159313069,0.747,0.07,1.35548498291199e-148,"2","SLC6A12"
3.36802996083305e-142,2.7881484730079,0.897,0.239,1.12956988826419e-137,"2","PDGFRB"
1.13998572369387e-140,3.62848380432358,0.744,0.084,3.82328412012449e-136,"2","PLXDC1"
1.15759900875705e-138,3.7432538364937,0.728,0.078,3.88235555556939e-134,"2","GJC1"
3.51648009858626e-136,3.39112145041923,0.722,0.074,1.17935709546386e-131,"2","CARMN"
5.4567163714955e-119,2.40968238141774,0.911,0.345,1.83007353667216e-114,"2","SLC6A1"
4.72797240209603e-116,1.87154535801238,0.869,0.221,1.58566738421497e-111,"2","DCN"
3.27465703058562e-114,2.19113031136357,0.844,0.202,1.09825447491781e-109,"2","NR2F2"
3.90938577701948e-114,2.75982007868614,0.769,0.149,1.31112980189679e-109,"2","MYO1B"
4.91729161114906e-113,3.67201209334459,0.628,0.063,1.64916126054717e-108,"2","SLC38A11"
4.58635009379821e-109,3.04681772785086,0.703,0.115,1.53817009445804e-104,"2","PTH1R"
4.91451280081992e-109,2.88866685911013,0.742,0.142,1.64822930313898e-104,"2","HIGD1B"
1.46687394989331e-107,1.83946324276596,0.944,0.416,4.91960185315217e-103,"2","CALD1"
4.76861749744829e-102,2.03160361808416,0.889,0.316,1.59929893629421e-97,"2","DLC1"
6.95317924414733e-102,2.96048954744176,0.692,0.124,2.33195725490213e-97,"2","SLC12A7"
7.59553220084847e-99,4.33738575068633,0.511,0.035,2.54738958952056e-94,"2","P2RY14"
1.7598910489158e-98,2.21804511084037,0.822,0.236,5.90232259985382e-94,"2","EPS8"
3.1536821440116e-96,1.67764170669767,0.961,0.752,1.05768191745861e-91,"2","ATP1A2"
4.49702324813878e-91,2.11183085059789,0.733,0.166,1.50821165696079e-86,"2","PRELP"
6.59144949080125e-86,3.01685172981988,0.611,0.102,2.21064033022492e-81,"2","PDE8B"
3.1193656679839e-83,2.69549665192281,0.625,0.113,1.04617285772844e-78,"2","CYTH3"
4.71499330654092e-83,3.20263313553196,0.553,0.076,1.58131445514769e-78,"2","RERGL"
1.15333847349019e-82,1.415410985165,0.914,0.385,3.86806657239141e-78,"2","RGS5"
2.00365753672377e-82,3.45681821126403,0.506,0.054,6.71986664666417e-78,"2","TFPI"
2.80108810566938e-80,2.60045881769771,0.661,0.148,9.39428928879397e-76,"2","AGRN"
2.78056539548211e-78,4.14366433827886,0.428,0.031,9.32546022336791e-74,"2","PTGDR2"
2.22720081908399e-77,2.82365270352585,0.556,0.087,7.46958610704389e-73,"2","CDH6"
2.43661939071611e-77,2.91605393123698,0.55,0.085,8.17193411258369e-73,"2","ISYNA1"
1.02265925300311e-74,2.84518608150741,0.547,0.087,3.42979460272182e-70,"2","RGS4"
1.33612390419952e-74,1.71997963463125,0.839,0.33,4.48109234990436e-70,"2","BGN"
1.49758280195252e-74,2.73859831853426,0.561,0.095,5.02259320118838e-70,"2","RNF152"
7.37490147183149e-73,1.40514830334385,0.836,0.318,2.47339445562285e-68,"2","PTN"
3.29537749987099e-72,3.60983030751147,0.469,0.056,1.10520370590673e-67,"2","SLC19A1"
1.65421437851663e-70,2.10811812052856,0.597,0.124,5.54790418266908e-66,"2","MYL9"
2.38274367238186e-70,1.49313621905633,0.869,0.398,7.99124572843427e-66,"2","FN1"
2.25204659865147e-69,2.89986908076112,0.544,0.101,7.55291388255731e-65,"2","NDUFA4L2"
2.26144187877544e-69,1.6816679944431,0.853,0.368,7.58442377303709e-65,"2","TXNIP"
8.03948272005515e-69,1.94458826679497,0.706,0.209,2.6962817146521e-64,"2","SLC20A2"
9.55586805344348e-69,3.36621942579256,0.456,0.054,3.20484702776387e-64,"2","LPL"
2.42064616113622e-67,1.65981956824993,0.769,0.268,8.11836309521864e-63,"2","SLC12A2"
3.31930556807701e-67,1.32993423389942,0.833,0.33,1.11322870142167e-62,"2","ARHGAP29"
1.29560642629288e-66,2.62236667407893,0.55,0.109,4.34520483250106e-62,"2","CPM"
2.0579843373851e-66,1.22078603009358,0.597,0.14,6.90206787072215e-62,"2","COL1A2"
2.25458306155219e-65,3.0187461388078,0.428,0.048,7.56142067183373e-61,"2","GPER1"
1.69970266227785e-64,3.16921331817648,0.442,0.056,5.70046278874747e-60,"2","FOXD1"
9.5517268991187e-64,1.9894239790083,0.628,0.162,3.20345816742643e-59,"2","EBF1"
2.20748577238719e-63,2.3482059534538,0.525,0.098,7.40346578343215e-59,"2","INPP4B"
2.67531074118299e-63,2.79637611158515,0.481,0.076,8.97245716377952e-59,"2","LBH"
3.77351107279511e-63,0.503044049651213,0.869,0.422,1.26556014359402e-58,"2","A2M"
6.02341044302596e-63,1.7158993208962,0.756,0.281,2.02013139438205e-58,"2","MGLL"
7.73697098153585e-63,2.50370321218704,0.553,0.117,2.59482532778749e-58,"2","PAG1"
7.84369454865228e-63,3.36217887218975,0.414,0.047,2.630618277727e-58,"2","LZTS1"
2.22010192172109e-62,2.05897714758527,0.525,0.101,7.44577782506819e-58,"2","FRZB"
3.78389727644079e-62,1.26410723510378,0.875,0.416,1.26904346857271e-57,"2","ITIH5"
4.40648184254531e-62,2.71844870495697,0.442,0.059,1.47784588035285e-57,"2","SLC6A13"
7.14291062325503e-61,2.65829903187461,0.442,0.062,2.39558936482727e-56,"2","SMOC2"
9.73835790393323e-60,1.57510023285885,0.647,0.188,3.26605047382113e-55,"2","COLEC12"
5.70307785435031e-59,3.31063284873729,0.383,0.04,1.91269825079201e-54,"2","TESC"
6.0944199098185e-59,3.3868802132922,0.369,0.035,2.04394654935493e-54,"2","SLC30A10"
8.65289831933529e-59,1.71028481356887,0.664,0.203,2.90200903833867e-54,"2","MFGE8"
8.88112370145977e-59,2.36675465051471,0.461,0.076,2.97855126699558e-54,"2","GRM3"
1.60021134867079e-58,1.75163650385017,0.583,0.148,5.3667888211721e-54,"2","ZIC1"
1.70415053463229e-58,0.859527932262773,0.864,0.406,5.71538006304976e-54,"2","EPAS1"
5.26515745071235e-58,2.38989865830511,0.5,0.097,1.76582850581991e-53,"2","HIC1"
7.17355466634084e-58,1.68622988288427,0.489,0.096,2.40586676399739e-53,"2","LAMA2"
2.60024816577681e-57,1.48227348027061,0.789,0.335,8.72071229838228e-53,"2","PTEN"
1.35836379487547e-56,1.43479940602773,0.733,0.27,4.55568049525337e-52,"2","LHFPL6"
4.68989316084754e-55,4.04039467285525,0.339,0.032,1.57289636828505e-50,"2","CSPG4"
9.28868831002222e-55,2.45063931932927,0.45,0.078,3.11524028541525e-50,"2","CCDC3"
1.79755768801881e-54,2.53536533911775,0.444,0.076,6.0286489740775e-50,"2","ARHGAP42"
4.77486125550416e-54,2.64499658166191,0.464,0.087,1.60139296787099e-49,"2","MCAM"
5.06389137506619e-54,2.47234302741659,0.411,0.061,1.6983278893697e-49,"2","CYSLTR2"
5.22162862935534e-54,1.95858968465196,0.586,0.162,1.75122980971319e-49,"2","PTPRK"
6.92067105453575e-54,1.64198524198511,0.689,0.246,2.3210546582702e-49,"2","GGT5"
7.41875055062274e-54,1.76837677612992,0.628,0.192,2.48810055966785e-49,"2","SNRK"
1.24578217149432e-53,1.71240581314051,0.744,0.338,4.17810424675766e-49,"2","LGALS1"
4.32652871364897e-53,1.18321551324403,0.889,0.532,1.45103119998359e-48,"2","IGFBP7"
1.33328882624222e-52,2.6449422915205,0.436,0.076,4.47158406545114e-48,"2","GUCY1B1"
4.01824510523313e-52,1.55007585211966,0.619,0.192,1.34763904339309e-47,"2","ETS1"
1.75721364725122e-51,3.00298372940552,0.322,0.029,5.89334313015113e-47,"2","COL4A4"
1.80111203739279e-51,2.8786458609067,0.436,0.079,6.04056955100794e-47,"2","CLMN"
8.43504621206625e-50,1.02004912208609,0.839,0.41,2.82894579860278e-45,"2","SYNE2"
6.93574287215035e-49,1.57321523541905,0.531,0.145,2.32610944446178e-44,"2","SGIP1"
1.32518132124734e-48,1.51931090297641,0.658,0.236,4.44439311519933e-44,"2","GNG11"
5.23876617589538e-48,2.60616226329773,0.406,0.07,1.75697740007179e-43,"2","PCDH18"
6.17625581091515e-48,1.61307562846431,0.611,0.2,2.07139267386472e-43,"2","PDZD2"
6.17690188504904e-48,1.2905509387962,0.689,0.265,2.07160935420775e-43,"2","ITGA1"
2.40201908598106e-47,1.87150180068673,0.522,0.139,8.05589161056327e-43,"2","EHD2"
2.65587311850945e-47,1.11857547109814,0.769,0.344,8.90726726485698e-43,"2","MYH9"
5.56962077319372e-47,2.33123831861585,0.406,0.073,1.86793941491371e-42,"2","C1QTNF1"
3.02121037916449e-46,1.89682972957552,0.511,0.135,1.01325353696419e-41,"2","ARHGEF17"
3.09118658333706e-46,1.05013326627844,0.797,0.379,1.03672215631958e-41,"2","ACTN4"
3.62801193265617e-46,1.69781966779603,0.456,0.104,1.21676264197423e-41,"2","SEMA5A"
3.91503659823833e-46,2.08232975766793,0.439,0.093,1.31302497431717e-41,"2","ITGA10"
5.25270258528765e-46,0.955692976657055,0.753,0.337,1.76165139305377e-41,"2","COBLL1"
5.34237903185388e-45,1.79223002708123,0.544,0.162,1.79172707970315e-40,"2","ABCC9"
5.99850473418494e-45,3.33731618131582,0.328,0.043,2.01177851775094e-40,"2","PIK3CD"
9.09801774690549e-45,0.895071773239942,0.903,0.525,3.05129319195716e-40,"2","TIMP3"
3.20694560929218e-44,1.09141929227348,0.572,0.193,1.07554541844441e-39,"2","CFH"
3.90632507502168e-44,1.39941685645387,0.608,0.213,1.31010330366077e-39,"2","RBMS1"
5.08688571750738e-44,2.68806713356134,0.372,0.063,1.70603973193762e-39,"2","RIPOR3"
5.19375382594439e-44,1.77751356985331,0.483,0.125,1.74188115814523e-39,"2","PHLDB2"
6.94443082643922e-44,1.91884405438143,0.486,0.126,2.32902321057119e-39,"2","RAPH1"
1.82695030637517e-43,1.13977551843229,0.603,0.215,6.12722593752104e-39,"2","RBMS3"
1.96321549132679e-43,1.82434653413338,0.519,0.15,6.5842321148118e-39,"2","TINAGL1"
2.47446339472713e-43,3.34682006283859,0.294,0.032,8.29885533323586e-39,"2","GJA4"
3.16608390214203e-43,1.48273392269491,0.608,0.215,1.06184121910039e-38,"2","BTG1"
3.58474818994311e-43,0.773752334873549,0.714,0.328,1.20225284794312e-38,"2","ADGRF5"
3.7454381158891e-43,0.63433473712781,0.744,0.357,1.25614503530689e-38,"2","PPFIBP1"
6.20992571849514e-43,2.13454515597304,0.436,0.099,2.0826848874689e-38,"2","PDE7B"
1.98121181816661e-42,1.74950281693778,0.519,0.153,6.64458819576718e-38,"2","TBX3"
2.18084327905726e-42,1.63712174127231,0.564,0.184,7.31411218930225e-38,"2","EFHD1"
7.59618174695385e-42,1.84561741296433,0.533,0.166,2.54760743429338e-37,"2","PLOD1"
1.37586448892714e-41,1.8298441515043,0.381,0.077,4.61437432296383e-37,"2","EDIL3"
1.41153581358685e-41,0.544853972835245,0.575,0.214,4.73400881160759e-37,"2","TTN"
1.65830504800752e-41,1.02531468350728,0.639,0.253,5.56162347000763e-37,"2","MEF2C"
6.23139143324762e-41,1.73005778377161,0.447,0.113,2.08988405888259e-36,"2","PALD1"
3.81347588395823e-40,1.58308388220736,0.497,0.146,1.27896354196191e-35,"2","TRIB2"
3.97716189817146e-40,1.12952496994213,0.833,0.459,1.33386055740874e-35,"2","KIAA1109"
6.12825599081824e-40,1.83021734040181,0.358,0.069,2.05529449420062e-35,"2","S1PR3"
7.22783243737222e-40,0.751187644126404,0.981,0.888,2.42407044284589e-35,"2","MT-ATP6"
2.59767471222412e-39,2.25773326348782,0.317,0.05,8.71208144985726e-35,"2","SLC9A1"
5.92205623221576e-39,3.12655508190073,0.283,0.035,1.98613921916052e-34,"2","EDNRA"
9.59801465360981e-39,1.11753560594861,0.478,0.148,3.21898215452766e-34,"2","FRMD6"
1.60010637375256e-38,1.59448339215728,0.408,0.1,5.36643675629134e-34,"2","SMIM3"
1.73266072969176e-38,2.50019079056922,0.292,0.04,5.81099755524023e-34,"2","LAMC3"
5.10041324458933e-38,1.4585620115461,0.461,0.131,1.71057659397037e-33,"2","PMEPA1"
6.07208413920781e-38,1.66731722985172,0.481,0.142,2.03645557860752e-33,"2","DSE"
1.10930596898399e-37,1.6457628745387,0.558,0.198,3.7203903587785e-33,"2","C2CD2"
1.23469441864381e-37,2.19378102692985,0.408,0.098,4.14091814124761e-33,"2","KCNE4"
1.29846199974682e-37,1.66017115682178,0.461,0.131,4.35478185475088e-33,"2","NBL1"
1.69556386573161e-37,1.80553579432093,0.444,0.12,5.68658209289067e-33,"2","KLHL23"
9.5007483662153e-37,0.696012499384435,0.6,0.254,3.18636098706129e-32,"2","ESAM"
9.66730197386604e-37,1.30859870431733,0.572,0.214,3.24221973599519e-32,"2","KANK2"
1.17837771791667e-36,1.63231910348802,0.397,0.097,3.95204319034893e-32,"2","NID1"
1.32490886374985e-36,1.52025606070952,0.467,0.139,4.44347934724425e-32,"2","AXL"
1.48690238515515e-36,3.11988680338565,0.3,0.048,4.98677321933334e-32,"2","ARHGAP10"
1.74106001310847e-36,1.08731425926652,0.717,0.342,5.8391670719632e-32,"2","TNS2"
1.81523747671148e-36,2.10549916561432,0.336,0.063,6.08794344939496e-32,"2","PGF"
1.85427207827344e-36,0.920247198520179,0.767,0.394,6.21885769611347e-32,"2","MYL6"
2.25289331705138e-36,1.15199749632189,0.611,0.247,7.5557536067269e-32,"2","ROCK2"
4.69059119697133e-36,1.54202828361623,0.444,0.127,1.57313047564024e-31,"2","FOXF2"
5.85307976115575e-36,3.05872497068729,0.258,0.03,1.96300589029642e-31,"2","HTR1F"
9.31870582546395e-36,1.66371791253403,0.417,0.11,3.1253075597441e-31,"2","RBPMS"
1.02535060913876e-35,1.31931483295969,0.547,0.2,3.43882087292957e-31,"2","SPECC1"
1.1552715914075e-35,1.70971945397324,0.514,0.174,3.87454986326249e-31,"2","VCL"
1.3750173292798e-35,0.748722807576061,0.364,0.098,4.61153311893861e-31,"2","ABCA9"
1.38664829605317e-35,1.34237355547255,0.508,0.172,4.65054105530313e-31,"2","JAG1"
2.52728863302953e-35,1.38201205379149,0.525,0.184,8.47602061745442e-31,"2","TMEM50A"
2.93488892334572e-35,2.12518838931424,0.389,0.094,9.84303047111687e-31,"2","PEAR1"
4.38095777451432e-35,1.17910581492854,0.514,0.181,1.46928561841661e-30,"2","ADGRA2"
7.77754379119973e-35,2.0440153194907,0.367,0.083,2.60843263669257e-30,"2","PDE5A"
8.73595214846391e-35,0.940674133502242,0.742,0.376,2.92986363155183e-30,"2","SASH1"
9.62564957359207e-35,3.12895913129274,0.258,0.032,3.22825035399131e-30,"2","C11orf96"
1.11850924381041e-34,1.45747871525547,0.442,0.131,3.75125630189134e-30,"2","RAPGEF5"
1.15811511581691e-34,0.906314867652428,0.717,0.352,3.88408647542675e-30,"2","TNS1"
1.6020748765157e-34,1.14824870609885,0.628,0.269,5.37303872085837e-30,"2","ZFHX3"
1.66201385273187e-34,0.639860830195346,0.672,0.324,5.57406205929216e-30,"2","UACA"
4.40998093900027e-34,0.875533167293494,0.792,0.435,1.47901940732191e-29,"2","UTRN"
1.04064320730487e-33,1.53269123426557,0.536,0.198,3.49010918865907e-29,"2","PTMS"
1.14103554238871e-33,0.656963392933615,0.547,0.231,3.82680500206326e-29,"2","COL6A1"
1.32173772068729e-33,0.843580146048035,0.769,0.413,4.43284396764102e-29,"2","ITGB1"
1.37488504186942e-33,0.740698719672445,0.625,0.286,4.61108945342167e-29,"2","XAF1"
2.03780231727259e-33,3.33682511651408,0.258,0.036,6.8343814116688e-29,"2","TBX2"
2.16168966352225e-33,1.78537150318202,0.364,0.087,7.24987479352091e-29,"2","NT5DC2"
2.1741393633793e-33,0.70911182896081,0.936,0.741,7.29162859690149e-29,"2","ACTB"
2.84559866050763e-33,2.24920450684454,0.272,0.042,9.54356878761049e-29,"2","PDE2A"
4.43441856403553e-33,2.89674216517144,0.286,0.048,1.48721529800624e-28,"2","SSTR2"
4.5730685561555e-33,1.29587990417407,0.508,0.181,1.53371573236343e-28,"2","UBA2"
4.85871387315056e-33,0.873964357628007,0.594,0.258,1.62951545877724e-28,"2","TGFBR2"
6.32303770355908e-33,0.76308561018306,0.597,0.269,2.12062038501965e-28,"2","TPM4"
1.00046773310244e-32,1.08188029412133,0.478,0.167,3.35536868327896e-28,"2","APBB2"
1.0827708798523e-32,0.62468102858584,0.892,0.575,3.63139697684863e-28,"2","TSC22D1"
2.42275688713089e-32,0.685716418112944,0.978,0.93,8.12544204805958e-28,"2","MT-ND3"
4.54482231758369e-32,1.09556493584463,0.661,0.311,1.52424250887122e-27,"2","CYB5R3"
4.79711291847269e-32,1.26627799705257,0.506,0.185,1.60885573059737e-27,"2","ARPC1A"
8.33219472976393e-32,0.895599764409487,0.6,0.267,2.79445146846823e-27,"2","JAK1"
9.1938587952943e-32,0.935104883948341,0.65,0.305,3.0834363627658e-27,"2","PTPRG"
1.37674929524623e-31,1.05619065844468,0.469,0.168,4.6173417863968e-27,"2","CAV1"
1.5479996380418e-31,1.27009040441769,0.442,0.144,5.19168118606459e-27,"2","PAPSS2"
1.55768555677083e-31,0.341341218374344,0.689,0.368,5.224165820298e-27,"2","NR2F1"
2.64025098746566e-31,1.43864095181126,0.444,0.143,8.85487376176234e-27,"2","CTDSPL"
3.36424359048743e-31,2.31594425246695,0.269,0.044,1.12830001537767e-26,"2","KCNJ8"
4.96019439737716e-31,1.36211516888523,0.506,0.187,1.66354999699235e-26,"2","TLN1"
8.15673406687551e-31,0.840146606783527,0.536,0.225,2.73560547134871e-26,"2","EIF4EBP2"
1.01514283485248e-30,0.779369392858926,0.828,0.502,3.40458603952825e-26,"2","SEPT7"
1.17045088264966e-30,0.746444757352209,0.672,0.336,3.92545817023043e-26,"2","KLF6"
4.05331025005299e-30,1.27679182969851,0.397,0.122,1.35939919166277e-25,"2","RHOJ"
5.37396501098422e-30,0.450480700799114,0.931,0.654,1.80232038538389e-25,"2","B2M"
6.01467004386046e-30,0.961391907766417,0.653,0.317,2.01720003930992e-25,"2","LPP"
1.4806315084643e-29,1.20095981832745,0.442,0.152,4.96574195308758e-25,"2","DGKH"
1.5907366650415e-29,0.959704679460873,0.464,0.173,5.33501262721617e-25,"2","VAMP5"
1.6396433726136e-29,1.46080878720738,0.372,0.106,5.49903594307149e-25,"2","PDLIM2"
2.05051939698578e-29,0.952599377297418,0.772,0.452,6.8770319536109e-25,"2","TJP1"
2.07977790988317e-29,1.2337160126128,0.431,0.147,6.97515915416617e-25,"2","DOCK6"
2.39617094062006e-29,1.22615680347498,0.458,0.162,8.03627810065156e-25,"2","AMOTL2"
3.31428950110077e-29,1.02059203682865,0.542,0.226,1.11154641287918e-24,"2","MYL12A"
3.97186137329633e-29,2.11151075193095,0.278,0.053,1.33208286737612e-24,"2","PLCL1"
4.26397191787942e-29,0.567536338467165,0.992,0.91,1.4300509018184e-24,"2","MT-CO3"
5.67184069140159e-29,1.91056989973065,0.294,0.062,1.90222193108226e-24,"2","KLHDC8B"
6.42694067953566e-29,1.32050090940175,0.442,0.151,2.15546736510267e-24,"2","PLCE1"
7.38129502895626e-29,0.760350465796497,0.808,0.488,2.47553872681135e-24,"2","TACC1"
7.48913826241981e-29,2.45948885206003,0.289,0.059,2.51170719045036e-24,"2","ADAP2"
8.26208190862186e-29,1.07964988552903,0.647,0.316,2.7709370305136e-24,"2","ADIRF"
9.49727624791299e-29,0.471391084687112,0.608,0.299,3.18519650802506e-24,"2","APOLD1"
1.00416925494482e-28,1.16285008043412,0.492,0.189,3.36778284723394e-24,"2","PLS3"
1.17255184528722e-28,1.04290718715115,0.5,0.198,3.93250437872429e-24,"2","SLC25A6"
1.17303310583111e-28,0.706959839002631,0.625,0.311,3.93411843033637e-24,"2","FOXP1"
1.29901885988387e-28,0.750222195688703,0.764,0.435,4.35664945227853e-24,"2","IFITM3"
2.55060541054427e-28,1.03868986167898,0.4,0.136,8.55422042588338e-24,"2","RASAL2"
2.66637591778513e-28,1.72825084635836,0.358,0.099,8.94249155306778e-24,"2","SYDE1"
2.97729253102628e-28,0.990330359540696,0.494,0.197,9.98524369055594e-24,"2","LMNA"
3.29474255127312e-28,0.728715088915837,0.6,0.287,1.10499075684598e-23,"2","JCAD"
3.3577599071477e-28,0.791139962090023,0.619,0.302,1.1261255176592e-23,"2","LAMB2"
4.4505738760129e-28,0.57615999294622,0.467,0.195,1.49263346653721e-23,"2","FOXC1"
4.96451678134314e-28,0.9063711681397,0.594,0.276,1.66499963812686e-23,"2","SYNM"
6.21071850272573e-28,0.652362175345294,0.942,0.745,2.08295077144416e-23,"2","MT-ND2"
6.78738959912804e-28,0.269471166483294,0.533,0.272,2.27635472375556e-23,"2","CAVIN2"
1.07966991386744e-27,1.09198645453436,0.425,0.151,3.62099695712861e-23,"2","CAV2"
1.1294205752299e-27,1.58275479277559,0.4,0.126,3.78785072520605e-23,"2","PACSIN2"
1.26687685849451e-27,2.2500560590185,0.253,0.045,4.24885160801888e-23,"2","NR2F2-AS1"
1.6530233641963e-27,0.592774767182462,0.972,0.87,5.54390975884155e-23,"2","MT-CO2"
1.75590209378017e-27,0.864378476606068,0.464,0.184,5.88894444211993e-23,"2","IGF2R"
2.04316607619643e-27,1.30807399250749,0.447,0.164,6.85237038634758e-23,"2","BCAM"
2.04925585352723e-27,0.62398879887033,0.853,0.558,6.87279428155964e-23,"2","BSG"
2.21923505767343e-27,1.0764008026794,0.383,0.127,7.44287053642513e-23,"2","FOXQ1"
2.5687201971513e-27,0.928452085512029,0.525,0.226,8.61497379720604e-23,"2","CD9"
2.63027761845755e-27,1.34890024359033,0.381,0.118,8.82142507678293e-23,"2","TAGLN"
3.32914193939562e-27,1.01591005213761,0.489,0.197,1.1165276236345e-22,"2","MYO1C"
4.1359080326653e-27,1.43074451854056,0.383,0.12,1.38710083599529e-22,"2","AGAP1"
4.35495985466036e-27,0.465611921893545,0.508,0.243,1.46056643605599e-22,"2","FXYD6"
4.66469413405709e-27,1.3074618440861,0.436,0.159,1.56444511868007e-22,"2","ITGA7"
6.24076042757324e-27,1.83642613739563,0.367,0.108,2.09302623219951e-22,"2","PRKAA2"
7.58357068742687e-27,0.831828741402979,0.503,0.217,2.54337793714922e-22,"2","IFITM2"
1.09977927277647e-26,1.98038854512891,0.267,0.054,3.68843972503771e-22,"2","C20orf27"
1.36119937859489e-26,0.553028614560528,0.575,0.286,4.56519047593153e-22,"2","MSN"
1.52616725540482e-26,1.92560041019656,0.25,0.046,5.11845974117668e-22,"2","SPRY4"
1.84736152822657e-26,0.443332804553012,0.589,0.303,6.19568109336628e-22,"2","PARP14"
2.5867108214659e-26,1.3700896548215,0.444,0.163,8.67531075303235e-22,"2","NBEAL1"
2.58798081215586e-26,1.31657612111982,0.383,0.124,8.67957004780833e-22,"2","GUCY1A2"
3.24221589177129e-26,0.356520697989749,0.594,0.325,1.08737436578226e-21,"2","BST2"
3.43124787956678e-26,0.696244689837338,0.739,0.424,1.15077191384911e-21,"2","ARHGEF12"
4.7068573198327e-26,1.46538280294041,0.353,0.104,1.57858580792549e-21,"2","PKIG"
5.52598650961001e-26,1.83957763385663,0.281,0.064,1.85330535559301e-21,"2","PLA2R1"
5.74158053011945e-26,0.838645247570561,0.489,0.209,1.92561127819146e-21,"2","CCND2"
5.89083907654832e-26,0.299715436681722,0.642,0.37,1.97566960949278e-21,"2","SERPINB6"
6.7518022366387e-26,0.855054974961712,0.503,0.217,2.26441943412389e-21,"2","PHACTR2"
9.20020204279724e-26,0.95603991784375,0.433,0.164,3.08556376111334e-21,"2","TMEM204"
9.35242610720916e-26,0.689582931112676,0.553,0.266,3.13661666783581e-21,"2","YBX3"
1.5244518481806e-25,0.654489713645129,0.644,0.34,5.11270660842811e-21,"2","ZBTB38"
1.83403755715446e-25,1.05325783197465,0.461,0.182,6.15099515918463e-21,"2","CD151"
2.0407099794078e-25,0.52854701704719,0.65,0.36,6.84413312893789e-21,"2","TAGLN2"
3.6174906985128e-25,1.6071729597597,0.286,0.07,1.21323403046722e-20,"2","WTIP"
3.86244374871324e-25,0.545975152797534,0.528,0.258,1.29538638444345e-20,"2","RHOC"
4.10023745252721e-25,1.02648480429982,0.497,0.211,1.37513763682857e-20,"2","DMD"
4.92703689668569e-25,0.327884254228583,0.369,0.151,1.65242963441045e-20,"2","PPARD"
5.50323812185057e-25,1.09107295776215,0.456,0.179,1.84567600130624e-20,"2","ITGB5"
6.54552422363838e-25,0.757465215282241,0.472,0.203,2.19523791412384e-20,"2","SLC2A3"
6.95375344775333e-25,0.583265160347497,0.45,0.197,2.33214983130751e-20,"2","PLSCR1"
7.06541370763309e-25,1.0730126071333,0.675,0.368,2.36959844926599e-20,"2","SLC38A2"
7.18762884974647e-25,0.616686697810995,0.681,0.377,2.41058696362797e-20,"2","RHOA"
7.32905328880576e-25,0.465150035605361,0.917,0.667,2.45801789199968e-20,"2","TMSB4X"
8.99491954822942e-25,0.776476072050043,0.494,0.217,3.01671611808518e-20,"2","ATP6V1G1"
9.99317872038465e-25,0.891844362947962,0.403,0.15,3.3515122792426e-20,"2","TRMT112"
1.08979181267464e-24,1.7224289831739,0.286,0.07,3.6549437813482e-20,"2","TNFAIP8L1"
1.61215835494738e-24,0.6186808303624,0.475,0.212,5.40685669082251e-20,"2","CLIC1"
1.62592809308949e-24,1.51022089208706,0.406,0.143,5.45303763860352e-20,"2","TPM2"
1.6602513606099e-24,1.619663231223,0.303,0.08,5.56815101321348e-20,"2","TMEM173"
1.75032089155922e-24,1.1502444355784,0.442,0.172,5.87022620611133e-20,"2","S100A11"
1.78349550600208e-24,0.993604988966811,0.408,0.153,5.98148722802976e-20,"2","PFN1"
2.45500672360216e-24,0.884617279111399,0.414,0.161,8.23360154961693e-20,"2","LEF1"
2.49054663280299e-24,1.53414390353654,0.269,0.065,8.35279529709468e-20,"2","CCDC141"
3.16429485439628e-24,0.837333124667576,0.575,0.284,1.06124120826742e-19,"2","CREBRF"
3.40834853297936e-24,0.476121539709216,0.878,0.611,1.14309193099062e-19,"2","SPARC"
3.67001380001212e-24,0.569724156156283,0.686,0.389,1.23084922824807e-19,"2","GNB1"
3.74338800244004e-24,0.316375078769823,0.589,0.33,1.25545746825834e-19,"2","TIMP2"
3.95144673561547e-24,0.482321049275046,0.642,0.358,1.32523620619072e-19,"2","RACK1"
4.89663610169319e-24,0.981379476050232,0.453,0.184,1.64223381578586e-19,"2","CSRP2"
5.12480152770808e-24,0.955450807246423,0.581,0.284,1.71875593636273e-19,"2","PPP1R12A"
5.2361781738896e-24,1.04029046058213,0.325,0.103,1.75610943595909e-19,"2","ADAM33"
5.74181317758284e-24,1.45161121136181,0.264,0.062,1.92568930349773e-19,"2","EFHD2"
6.27229039855401e-24,0.524138432207551,0.964,0.825,2.10360075386704e-19,"2","MT-CO1"
7.44536181132846e-24,0.717784306888219,0.561,0.278,2.49702544428334e-19,"2","FRYL"
8.03292469204755e-24,1.00094631587176,0.481,0.205,2.69408228321891e-19,"2","CPT1A"
8.75845675097808e-24,0.451139764817733,0.589,0.309,2.93741122514303e-19,"2","RPS5"
9.48394694984332e-24,0.5320499150195,0.944,0.764,3.18072612803845e-19,"2","MT-ND1"
1.22322921761788e-23,1.36284090192002,0.292,0.081,4.10246615004686e-19,"2","PRKCB"
1.33762180415771e-23,1.02919717509241,0.375,0.128,4.48611600678414e-19,"2","TIMP1"
1.37763019164543e-23,0.508328428233767,0.686,0.4,4.62029613674045e-19,"2","RPS16"
1.44070976093179e-23,0.396071467533924,0.608,0.338,4.83185239621303e-19,"2","CAVIN1"
1.57441307071031e-23,0.96618718006507,0.483,0.209,5.28026655654824e-19,"2","FERMT2"
1.66015188238376e-23,0.752869059413417,0.486,0.219,5.56781738313866e-19,"2","TSC22D3"
1.67041170896652e-23,1.05414791481378,0.394,0.145,5.60222678953192e-19,"2","KANK3"
2.29967152211868e-23,1.11319663832357,0.361,0.124,7.71263835088164e-19,"2","STAT6"
2.39135442828688e-23,1.89278742394051,0.278,0.068,8.02012448158855e-19,"2","SH2B3"
3.45551406157347e-23,0.796822352302906,0.5,0.23,1.15891030597051e-18,"2","MAP3K20"
3.47903973300581e-23,0.537050122428766,0.506,0.243,1.16680034565549e-18,"2","AP2M1"
3.78901385161061e-23,0.460047225652688,0.614,0.344,1.27075946555316e-18,"2","CD46"
3.82776285943945e-23,0.525976970611238,0.636,0.355,1.2837551077988e-18,"2","PRKAR1A"
3.98408969663666e-23,1.10582986336867,0.403,0.15,1.336184002458e-18,"2","PLCB4"
4.02810813736487e-23,0.778214637050629,0.594,0.305,1.35094690710943e-18,"2","JUND"
4.10542084505052e-23,1.38235740311756,0.339,0.109,1.37687604301304e-18,"2","COL4A1"
4.56254670258236e-23,0.277036135778594,0.492,0.26,1.53018691311207e-18,"2","KLF9"
4.79489462538172e-23,1.39693186905201,0.383,0.134,1.60811175946052e-18,"2","PDE8A"
6.65326564412436e-23,1.36189467341108,0.356,0.119,2.23137223172643e-18,"2","GUCY1A1"
7.00497830266961e-23,0.334621313627613,0.614,0.357,2.34932962314934e-18,"2","IRF2BP2"
8.24579347329832e-23,0.517865131310087,0.486,0.247,2.76547421507479e-18,"2","MCL1"
9.16751555821696e-23,1.25655713105393,0.275,0.073,3.07460136791481e-18,"2","DACH1"
9.75676259973263e-23,1.2855433611096,0.336,0.108,3.27222304069833e-18,"2","BACH1"
1.06708987198537e-22,0.539550576171824,0.656,0.374,3.57880601266452e-18,"2","RPS8"
1.08340534057003e-22,0.523149746855268,0.442,0.2,3.63352483120376e-18,"2","SEC31A"
1.14369358358093e-22,0.705723966566715,0.433,0.189,3.83571954061374e-18,"2","NRP2"
1.28898820802811e-22,2.01151463222443,0.264,0.063,4.32300865208468e-18,"2","CYTOR"
1.3092925389762e-22,1.29489211244365,0.311,0.094,4.39110531721838e-18,"2","MYOF"
1.3965373081569e-22,0.887007628894461,0.394,0.152,4.68370682409662e-18,"2","LAMC1"
1.43063613530638e-22,0.39620101321298,0.567,0.305,4.79806747059055e-18,"2","NR3C1"
1.5991189378549e-22,1.04761772002529,0.347,0.118,5.36312509377777e-18,"2","RRAS"
1.65125884902372e-22,0.634849805161672,0.575,0.302,5.53799192785576e-18,"2","ROCK1"
1.65764165878075e-22,0.657975511141082,0.489,0.229,5.55939859521888e-18,"2","MINDY2"
1.95522743973103e-22,0.671146002670391,0.686,0.394,6.55744178736992e-18,"2","RPS7"
2.41069138302442e-22,0.412163234377703,0.522,0.276,8.0849767603873e-18,"2","RBM17"
2.44526268942206e-22,0.518855724352209,0.95,0.818,8.20092200778371e-18,"2","MT-CYB"
2.65385097395842e-22,1.00351715293932,0.419,0.17,8.90048539646174e-18,"2","JADE1"
2.77405038765033e-22,1.25439200540332,0.375,0.133,9.30361019010167e-18,"2","CA2"
3.20890573179559e-22,1.84633635323994,0.267,0.066,1.0762028043296e-17,"2","ECM1"
3.29398812255728e-22,0.573563279222495,0.467,0.215,1.10473773654326e-17,"2","COX5B"
3.36322458287205e-22,0.384062560953015,0.478,0.238,1.12795826060363e-17,"2","C4orf3"
3.8033148248753e-22,0.900422818716594,0.389,0.152,1.27555572596668e-17,"2","TMEM109"
4.2924819121415e-22,0.568000113765028,0.533,0.271,1.43961258369402e-17,"2","MYL12B"
5.16105022006816e-22,0.268201306088766,0.614,0.357,1.73091302280646e-17,"2","MYO6"
6.09644484426655e-22,0.306206374257169,0.414,0.206,2.04462567187012e-17,"2","TM4SF18"
6.24523002349898e-22,0.556396852433074,0.647,0.371,2.09452524528109e-17,"2","ATP5F1E"
6.61742047827608e-22,0.601630728913558,0.725,0.441,2.21935048000423e-17,"2","KTN1"
7.19623912059788e-22,0.326844713182146,0.606,0.343,2.41347467626612e-17,"2","ITM2A"
7.60823714149867e-22,0.372014012029099,0.567,0.314,2.55165057251582e-17,"2","ANXA5"
7.88754920025919e-22,0.328444187077684,0.583,0.33,2.64532625078293e-17,"2","DOCK9"
7.97224110622305e-22,0.994017374357221,0.369,0.137,2.67373022220509e-17,"2","PHC2"
8.49153163732127e-22,0.407492148519663,0.722,0.452,2.84788988052481e-17,"2","RPL11"
8.76860977880909e-22,0.554350509578163,0.967,0.89,2.94081634761699e-17,"2","MT-ND4"
8.8114753609003e-22,0.730233712874457,0.5,0.236,2.95519260653874e-17,"2","POMP"
1.00716028782562e-21,0.328678304466365,0.353,0.152,3.37781417330957e-17,"2","ATP5PO"
1.13290423890973e-21,0.62468488116275,0.408,0.175,3.79953423645546e-17,"2","BCL2L1"
1.17847001676063e-21,1.35705782170872,0.367,0.13,3.95235274221179e-17,"2","SIPA1L2"
1.30220743823352e-21,0.61271344799451,0.492,0.238,4.36734330634758e-17,"2","RAPGEF1"
1.74939064409599e-21,0.412082418435143,0.442,0.22,5.86710634216914e-17,"2","ROBO4"
1.91491837540445e-21,0.744660501227004,0.433,0.189,6.42225324743146e-17,"2","SP100"
2.10966737724861e-21,0.910049452422971,0.353,0.129,7.07540244981639e-17,"2","SZRD1"
2.2042062794089e-21,0.893029158051045,0.472,0.212,7.39246701988155e-17,"2","EPB41L2"
2.2113734874738e-21,0.543120020735146,0.436,0.203,7.41650440228964e-17,"2","PHLDB1"
2.32295693756931e-21,0.506222988104609,0.481,0.242,7.79073297721997e-17,"2","AKT3"
2.4326378886168e-21,0.420353863383146,0.636,0.369,8.15858095084303e-17,"2","CFL1"
2.58916517794553e-21,0.420047572208833,0.644,0.375,8.68354217379373e-17,"2","SERINC3"
2.64779455148877e-21,0.806721598869945,0.483,0.226,8.88017336678304e-17,"2","FRY"
2.99043423993076e-21,0.380545518368919,0.708,0.441,1.00293183538798e-16,"2","RPL27A"
3.01990767454832e-21,0.865327437445481,0.308,0.104,1.01281663589002e-16,"2","PSMB3"
3.04124960683533e-21,0.335123379993351,0.589,0.341,1.01997429314043e-16,"2","ABCG2"
3.27523526268193e-21,0.310442123015338,0.592,0.347,1.09844840239827e-16,"2","NCKAP1"
3.90566639529847e-21,0.53641867443159,0.439,0.206,1.3098823956552e-16,"2","ATL3"
4.03680617759882e-21,1.62354730787456,0.272,0.074,1.35386405584309e-16,"2","PELO"
4.22026500077303e-21,0.624811975109742,0.664,0.383,1.41539247595926e-16,"2","MPRIP"
4.56019679153066e-21,0.363983304821309,0.719,0.454,1.52939879994355e-16,"2","RPL7A"
4.60297257654752e-21,0.620919878240233,0.417,0.184,1.54374494272251e-16,"2","NOSTRIN"
5.14343111503861e-21,0.468029703889852,0.608,0.347,1.72500392736165e-16,"2","WASF2"
5.57221816369046e-21,1.69659465099254,0.278,0.076,1.8688105277385e-16,"2","OLFML2A"
5.61021786128654e-21,0.427945825327601,0.853,0.595,1.88155486631828e-16,"2","RPS28"
5.72543711136228e-21,0.60664858304761,0.394,0.173,1.92019709840868e-16,"2","ANXA11"
6.2271730585655e-21,0.547271791392367,0.861,0.606,2.0884693003817e-16,"2","MTRNR2L12"
6.90529644672321e-21,1.0553518084287,0.422,0.175,2.31589832230203e-16,"2","CRYBG3"
7.93524371273362e-21,0.668893568540833,0.503,0.244,2.6613220363766e-16,"2","EGFL7"
8.08367807425856e-21,1.24170616620146,0.281,0.085,2.71110395254483e-16,"2","PLEKHG3"
9.33344080132345e-21,1.01763711755774,0.317,0.107,3.13024937594786e-16,"2","SNCG"
9.34785318760813e-21,0.672040395527251,0.397,0.169,3.13508300206001e-16,"2","SERPING1"
9.35899698835617e-21,1.29014028599691,0.281,0.082,3.13882040995489e-16,"2","SMTN"
1.07345730910136e-20,0.259749088247988,0.531,0.293,3.60016112326416e-16,"2","BBX"
1.12581504815725e-20,0.347475603995992,0.825,0.564,3.77575850850977e-16,"2","RPL13A"
1.29868659011138e-20,0.268016784284361,0.533,0.3,4.35553508591554e-16,"2","FOXN3"
1.31375320256e-20,0.492720474500804,0.394,0.181,4.40606549074572e-16,"2","CCT5"
1.46793917630031e-20,0.966948592694289,0.283,0.09,4.92317440947599e-16,"2","ETV1"
1.48789879985388e-20,0.922020668457282,0.364,0.14,4.99011499494996e-16,"2","AFAP1L2"
1.54326442381878e-20,0.453636021654138,0.681,0.41,5.17580022460342e-16,"2","YWHAB"
1.56386838577887e-20,0.804646237048083,0.65,0.369,5.24490179222516e-16,"2","SESN3"
1.59629994084768e-20,0.742676543493567,0.494,0.241,5.35367074161495e-16,"2","RBPJ"
1.62538531022754e-20,0.874446327329957,0.356,0.138,5.45121725344112e-16,"2","NAB1"
1.68417921140049e-20,0.792793461455706,0.592,0.316,5.64840023919496e-16,"2","SERPINH1"
1.80342216104963e-20,0.255257667350166,0.686,0.43,6.04831724372824e-16,"2","RAC1"
1.81362605088027e-20,1.07817114494483,0.378,0.146,6.08253904944224e-16,"2","TMTC1"
1.87902717900963e-20,0.362044363221442,0.522,0.292,6.3018813529625e-16,"2","PICALM"
2.07156290193323e-20,0.288937126088489,0.603,0.36,6.94760766050366e-16,"2","MKLN1"
2.22680634540026e-20,1.06153152388599,0.372,0.143,7.4682631212034e-16,"2","SLC40A1"
2.61056968899869e-20,0.643238963729039,0.353,0.142,8.7553286229638e-16,"2","FMNL3"
2.70308260766269e-20,1.11400790766326,0.356,0.134,9.06559844957914e-16,"2","ARF6"
2.84008008591921e-20,0.513602979898998,0.706,0.434,9.52506059215584e-16,"2","RPL8"
2.93575744287857e-20,0.36661876887892,0.486,0.246,9.84594331192615e-16,"2","NET1"
3.03063508875254e-20,0.59833482710172,0.472,0.231,1.01641439606583e-15,"2","TMOD3"
3.18861068960498e-20,0.566781183255989,0.461,0.217,1.06939625307972e-15,"2","OAZ2"
3.19838008862343e-20,0.604247993375509,0.461,0.224,1.07267271412253e-15,"2","CAP1"
3.4445980793957e-20,0.496718679449845,0.389,0.171,1.15524930386773e-15,"2","MAPK3"
3.64111282294096e-20,0.367396299744555,0.686,0.427,1.22115641855794e-15,"2","HNRNPH1"
3.87669402304491e-20,0.47362041147908,0.333,0.133,1.3001656414488e-15,"2","GNA11"
4.18785667776741e-20,0.326538856042825,0.631,0.391,1.40452337258963e-15,"2","RPL6"
4.62976348104212e-20,0.307636338500599,0.672,0.42,1.55273007627191e-15,"2","CSDE1"
4.66518797460306e-20,0.513214635972327,0.422,0.2,1.56461074292237e-15,"2","RPS6KA3"
5.12311023765602e-20,0.516531763284171,0.414,0.195,1.71818871150508e-15,"2","SWAP70"
5.48114936841765e-20,1.12259625442899,0.336,0.119,1.83826787517991e-15,"2","STK24"
5.74601359071273e-20,0.396874610787004,0.561,0.316,1.92709803805324e-15,"2","IQGAP1"
5.99415609072211e-20,0.347162195367635,0.4,0.191,2.01032006970638e-15,"2","OSBPL8"
6.01073776322763e-20,0.996568645688957,0.383,0.154,2.01588123103128e-15,"2","SPRED1"
6.7997686196158e-20,0.474713745312282,0.617,0.356,2.28050639964675e-15,"2","YWHAZ"
6.95547686475023e-20,0.846285716344115,0.286,0.093,2.33272783089993e-15,"2","VASP"
7.10104602513408e-20,0.855702755875169,0.439,0.197,2.38154881590947e-15,"2","ENDOD1"
7.54615985431019e-20,0.569316315070134,0.442,0.213,2.53083109193855e-15,"2","PHKB"
8.36615160603204e-20,0.70603063918275,0.456,0.215,2.80583992563102e-15,"2","CALCOCO2"
8.62461911324941e-20,1.00427501890597,0.267,0.084,2.89252475820159e-15,"2","RCSD1"
9.06848331552502e-20,1.33690870624808,0.294,0.093,3.04138793436078e-15,"2","GPRC5C"
9.11075733879495e-20,0.679334557342206,0.561,0.298,3.05556579628505e-15,"2","PRRC2B"
9.23550070134821e-20,1.02016494488127,0.347,0.128,3.09740222521816e-15,"2","MAOA"
9.70743661690423e-20,0.466486424774657,0.475,0.243,3.25568009257734e-15,"2","TSPAN14"
1.01354067235876e-19,0.990207583357678,0.433,0.192,3.39921270695681e-15,"2","RAB1B"
1.02813453395248e-19,0.95264166605499,0.381,0.154,3.44815759996983e-15,"2","MCRIP1"
1.03772767038805e-19,0.703965516497625,0.433,0.198,3.48033106094743e-15,"2","BLCAP"
1.0619998444833e-19,0.43463191423821,0.475,0.25,3.56173507842808e-15,"2","TOR1AIP2"
1.06968323152863e-19,0.342564375859501,0.564,0.321,3.58750362190071e-15,"2","CDC42"
1.08213229389991e-19,0.278332565007322,0.467,0.253,3.6292552872815e-15,"2","YY1"
1.21808998971158e-19,0.677987386375548,0.489,0.243,4.08523020749471e-15,"2","ATF4"
1.48613336132405e-19,0.291775885869689,0.786,0.529,4.98419406720859e-15,"2","TMSB10"
1.55145332397721e-19,0.760525565527713,0.322,0.12,5.20326415795477e-15,"2","MGAT5"
1.69414454230422e-19,1.03159226289204,0.419,0.178,5.68182196597989e-15,"2","LRRC32"
1.69737032963306e-19,0.431183894217653,0.525,0.288,5.69264061152337e-15,"2","ELOB"
1.75708096452687e-19,0.311710183333196,0.458,0.242,5.89289813883022e-15,"2","ZEB2"
1.79274370357642e-19,0.4337306036365,0.453,0.233,6.0125038330546e-15,"2","ARHGDIA"
1.89502848461027e-19,0.736246398228107,0.375,0.156,6.35554653168591e-15,"2","RYBP"
2.07994440421242e-19,0.53805994160995,0.508,0.271,6.97571754284761e-15,"2","CTBP2"
2.30243859474445e-19,0.35041657060603,0.725,0.475,7.72191855905393e-15,"2","RPL9"
2.40064609098685e-19,0.342019082527213,0.578,0.342,8.0512868599517e-15,"2","RPS15A"
2.54122852941651e-19,0.395974489153342,0.517,0.286,8.52277224195708e-15,"2","CNBP"
2.91486380541555e-19,0.47911336597249,0.378,0.173,9.77587023060268e-15,"2","LGALS3"
2.93086506820484e-19,0.621553434687208,0.472,0.231,9.82953526574539e-15,"2","BTNL9"
3.23713862368261e-19,0.403180276522558,0.619,0.365,1.08567155161067e-14,"2","CRIM1"
3.52835610624649e-19,0.708122562465242,0.433,0.201,1.18334007091295e-14,"2","NDUFA1"
3.57301489479246e-19,0.887375176038616,0.383,0.159,1.1983177354155e-14,"2","C12orf57"
4.57388510079014e-19,0.436452417025056,0.375,0.173,1.533989585103e-14,"2","FEM1B"
4.64457509691921e-19,0.870454986926084,0.472,0.228,1.55769759600477e-14,"2","PDS5B"
4.66361431967664e-19,0.329460517921461,0.397,0.195,1.56408297053315e-14,"2","CAMK2N1"
5.10711141534794e-19,0.322755557373818,0.644,0.399,1.71282302647939e-14,"2","CFLAR"
5.33290112745262e-19,0.469774213683244,0.592,0.342,1.78854838012506e-14,"2","PCBP1"
5.42704550298777e-19,1.26878198060335,0.253,0.072,1.82012252079204e-14,"2","DENND2A"
5.44824558077484e-19,0.582738617516981,0.686,0.419,1.82723260288027e-14,"2","MTUS1"
6.1871102956074e-19,0.694235312388372,0.419,0.198,2.07503305094081e-14,"2","ELOVL5"
6.33771014606104e-19,0.43109926203141,0.386,0.178,2.12554122878595e-14,"2","EIF3F"
6.80543086424438e-19,0.513735509244115,0.725,0.46,2.28240540325028e-14,"2","RPL35"
7.10085495412704e-19,1.1249269492363,0.322,0.115,2.38148473451513e-14,"2","RNF7"
7.10211909623503e-19,0.331890853779756,0.403,0.201,2.3819087024953e-14,"2","KLF2"
7.41582424835023e-19,0.475055427644192,0.556,0.311,2.4871191364117e-14,"2","SQSTM1"
7.5426918648794e-19,1.11740677307584,0.378,0.156,2.52966799764325e-14,"2","ILK"
8.71050140416179e-19,0.363363865285649,0.408,0.198,2.92132796092778e-14,"2","WASL"
8.89915564909403e-19,0.258635403092315,0.467,0.258,2.98459882159316e-14,"2","TBC1D4"
9.30250431818464e-19,0.254753383253848,0.358,0.175,3.11987389823277e-14,"2","GIMAP7"
9.39470563283021e-19,0.332071328315979,0.422,0.219,3.1507963751386e-14,"2","TOMM20"
9.82886506696442e-19,0.782929015209452,0.35,0.142,3.29640476615853e-14,"2","PA2G4"
1.00694813363618e-18,0.251064523812137,0.297,0.133,3.37710265058902e-14,"2","RASL12"
1.03606207759646e-18,0.353377966391451,0.567,0.328,3.47474499584302e-14,"2","PPIA"
1.06298511261853e-18,0.410529061793393,0.736,0.479,3.56503947070004e-14,"2","EIF4G2"
1.06578068368487e-18,0.278975658236225,0.6,0.361,3.57441525694233e-14,"2","RPL18A"
1.09251484886275e-18,0.499273022754598,0.597,0.348,3.6640763001159e-14,"2","DNAJB6"
1.10263823806623e-18,0.504138020946483,0.45,0.225,3.69802812282654e-14,"2","SLC38A5"
1.16080873281447e-18,1.32883660864965,0.331,0.119,3.89312032811315e-14,"2","USP12"
1.17842033890265e-18,1.45034767972924,0.258,0.074,3.9521861326117e-14,"2","A4GALT"
1.18175740829742e-18,0.334008807791059,0.583,0.35,3.96337799594789e-14,"2","TPM1"
1.33419997770903e-18,0.345350253605297,0.678,0.43,4.47463988524056e-14,"2","GNAI2"
1.43582353969488e-18,0.964829107544071,0.444,0.204,4.81546498742868e-14,"2","CTDSP1"
1.44205723062533e-18,0.329474423395482,0.467,0.25,4.83637154007123e-14,"2","SCARB1"
1.45914039525317e-18,0.328759232223478,0.461,0.244,4.8936650576001e-14,"2","CNOT6L"
1.46105579230513e-18,1.32845411036794,0.256,0.074,4.90008891623295e-14,"2","CCM2L"
1.60964425614644e-18,0.762938598900228,0.619,0.354,5.39842490626393e-14,"2","GSTP1"
1.65436031909887e-18,0.93971934738587,0.353,0.14,5.54839363819378e-14,"2","ANXA6"
1.67915397781495e-18,0.635305928556691,0.45,0.22,5.63154661079578e-14,"2","RAB21"
1.6844671171743e-18,1.20199529170601,0.35,0.134,5.64936581757918e-14,"2","FRMD3"
1.72288713175522e-18,1.07811546614297,0.253,0.076,5.77821886248067e-14,"2","PARVA"
1.79394918642954e-18,0.26409485473986,0.442,0.233,6.01654678144741e-14,"2","SMARCA5"
1.88253038546593e-18,0.258855737594759,0.456,0.244,6.31363040677564e-14,"2","COX7A2"
1.99202475277237e-18,1.13330848412029,0.278,0.089,6.68085261584798e-14,"2","MAP1LC3A"
2.06937230923657e-18,0.633920246526865,0.469,0.238,6.94026085071761e-14,"2","BAZ1B"
2.07990138389118e-18,0.716179516273192,0.336,0.14,6.97557326129424e-14,"2","IRAK3"
2.3242312732617e-18,1.17561604531245,0.314,0.113,7.79500684426511e-14,"2","ABCA5"
2.33695802845561e-18,0.319308922339643,0.461,0.26,7.83768983583442e-14,"2","FKBP1A"
2.39588376606982e-18,0.938435577797901,0.275,0.092,8.03531497464495e-14,"2","PCDH1"
2.44301905299585e-18,0.376765077133524,0.567,0.329,8.19339729993747e-14,"2","COX6C"
2.44613457811323e-18,0.770605775586832,0.428,0.2,8.20384614807617e-14,"2","SPATS2L"
2.63322997614147e-18,0.81965059895114,0.283,0.099,8.83132669398326e-14,"2","PPP1R12C"
2.64098297248818e-18,0.656570643451291,0.686,0.424,8.85732869313087e-14,"2","HP1BP3"
3.05925888759575e-18,0.654527207547218,0.361,0.164,1.02601424572186e-13,"2","FGF1"
3.56569473116345e-18,0.423068127847842,0.514,0.282,1.1958626989376e-13,"2","CSNK1E"
3.60786768561529e-18,0.508575609604879,0.458,0.229,1.21000666440166e-13,"2","TECR"
3.8182815837168e-18,1.3462153489739,0.272,0.084,1.28057527754694e-13,"2","ZNF703"
4.36561663938738e-18,0.420213027509619,0.333,0.148,1.46414050851774e-13,"2","SEC61B"
4.62619333223435e-18,0.751888267467408,0.444,0.214,1.55153271976476e-13,"2","PTBP1"
4.66872570678654e-18,0.318668308490867,0.325,0.15,1.56579722754207e-13,"2","NXN"
5.11659589788665e-18,0.500457306127981,0.447,0.232,1.71600393223323e-13,"2","YWHAQ"
5.45782821586672e-18,0.365367535416627,0.542,0.322,1.83044642703738e-13,"2","KANSL1"
5.94750946572976e-18,0.500643076451551,0.436,0.22,1.99467572461645e-13,"2","SEPT9"
6.05351836375799e-18,0.434524402662703,0.597,0.353,2.03022898883715e-13,"2","RHOB"
6.48454919400981e-18,0.824375156697628,0.314,0.121,2.17478810868701e-13,"2","NR2C2"
6.7017525269061e-18,0.599429064120945,0.381,0.169,2.24763376247377e-13,"2","COX8A"
7.01607063924232e-18,0.392782863289723,0.733,0.487,2.35304977098909e-13,"2","HNRNPA3"
7.56106702675256e-18,0.998634537901471,0.397,0.174,2.53583065943227e-13,"2","COX7A1"
8.4900554104815e-18,0.659071659868099,0.347,0.151,2.84739478356729e-13,"2","PRKCH"
9.41127141191253e-18,0.898760446662275,0.364,0.156,3.15635220612722e-13,"2","DTX3"
1.09794431336126e-17,1.17464755039697,0.303,0.106,3.68228563815098e-13,"2","TSPAN4"
1.38399686587605e-17,0.398929490186402,0.719,0.474,4.64164868877508e-13,"2","RPL13"
1.436702083517e-17,0.859407018615555,0.342,0.14,4.81841144769932e-13,"2","ISG15"
1.44599352900321e-17,0.300324150545005,0.419,0.222,4.84957309757095e-13,"2","ATP10A"
1.5010190223016e-17,1.01966275880153,0.422,0.192,5.03411759699509e-13,"2","ERC1"
1.5406702690253e-17,0.422576923528083,0.406,0.2,5.16709994825707e-13,"2","ATP5MC3"
1.54293005532332e-17,0.547841097690779,0.486,0.256,5.17467881954335e-13,"2","CTDSP2"
1.58797408808491e-17,0.555349364338848,0.575,0.328,5.32574749661916e-13,"2","ESYT2"
1.65504614568013e-17,0.618632032565397,0.336,0.148,5.55069376338201e-13,"2","SEPT4"
1.97930690012155e-17,0.842875779552676,0.419,0.195,6.63819948162765e-13,"2","SORBS3"
2.10271189384785e-17,0.348457534897176,0.294,0.131,7.05207514958691e-13,"2","TRIM22"
2.27290565744303e-17,0.304211628757664,0.589,0.365,7.62287099393244e-13,"2","RPL38"
2.34873669417864e-17,1.01525293443505,0.306,0.112,7.87719312493633e-13,"2","TNFSF12"
2.47131825224477e-17,0.392402823837028,0.431,0.225,8.2883071543785e-13,"2","SHISA5"
2.48225723826793e-17,0.511145297608914,0.372,0.177,8.32499432570298e-13,"2","CDKN1B"
2.64229534770235e-17,0.604495381406384,0.453,0.23,8.86173013712415e-13,"2","BRD4"
2.72738768978311e-17,0.549035648739654,0.422,0.214,9.1471128339946e-13,"2","CWF19L2"
2.78401150938445e-17,0.320966390345674,0.464,0.258,9.33701780017356e-13,"2","TPI1"
2.9968431068585e-17,1.08614768012417,0.336,0.133,1.00508124117821e-12,"2","PLEKHA2"
3.07200185829009e-17,0.751167726893219,0.542,0.297,1.03028798323333e-12,"2","KDM5A"
3.0780043080611e-17,0.289383790548793,0.878,0.656,1.03230108483753e-12,"2","PTMA"
3.17270354446585e-17,0.380921930875616,0.531,0.307,1.06406131474296e-12,"2","ATP5F1B"
3.29533705064872e-17,0.324417702067358,0.35,0.17,1.10519014004657e-12,"2","AKAP12"
3.30832839787759e-17,0.429324822469778,0.486,0.26,1.10954717808019e-12,"2","DYNC1I2"
3.3450603310821e-17,0.268560402940223,0.494,0.288,1.12186633383832e-12,"2","RORA"
3.49284990168089e-17,1.14802383689846,0.294,0.104,1.17143200002574e-12,"2","GPX3"
3.56599661840264e-17,0.321437217135845,0.4,0.206,1.19596394587988e-12,"2","TNS3"
3.58778740531113e-17,0.389709591865977,0.5,0.279,1.20327213999325e-12,"2","SRSF10"
3.6936702164381e-17,0.480564123987612,0.414,0.214,1.23878311718901e-12,"2","MAGED2"
3.87546627153082e-17,0.368134626823647,0.692,0.454,1.29975387814601e-12,"2","RPS11"
4.63242864789542e-17,0.266712870980657,0.467,0.264,1.55362391993117e-12,"2","SORT1"
4.94826644559339e-17,0.633381099969458,0.386,0.179,1.65954960052311e-12,"2","NDUFB7"
5.44134700427143e-17,0.411956894669244,0.492,0.278,1.82491895829255e-12,"2","EIF2AK2"
5.46707157542219e-17,0.991885930232312,0.381,0.167,1.83354646496509e-12,"2","HIP1"
5.51144935679951e-17,0.52621789205777,0.619,0.372,1.84842988528342e-12,"2","AES"
5.69067821066675e-17,1.47309920596008,0.256,0.079,1.90853965829341e-12,"2","SH3KBP1"
6.1693785921585e-17,0.327337206479611,0.606,0.374,2.06908619223812e-12,"2","ACSL3"
6.48157619457377e-17,0.34818378391685,0.347,0.164,2.17379102413615e-12,"2","ARPC4"
6.48570911423631e-17,0.487535754297811,0.372,0.178,2.17517712273257e-12,"2","PSMB1"
6.91500179563818e-17,0.451711601476797,0.297,0.126,2.31915330222113e-12,"2","CDK2AP2"
7.23165720308653e-17,0.645893092434614,0.386,0.181,2.42535319277116e-12,"2","ZC3HAV1"
8.08308500705626e-17,0.452257791162999,0.447,0.24,2.71090504966653e-12,"2","PNRC1"
8.13408941347192e-17,0.639483295062297,0.353,0.157,2.72801090749021e-12,"2","TRIOBP"
8.4153034332742e-17,0.602240171266154,0.339,0.15,2.8223244654515e-12,"2","EIF3K"
8.44213222996039e-17,0.259709799001578,0.683,0.457,2.83132230728412e-12,"2","HNRNPK"
8.47043148253511e-17,0.878548370270218,0.275,0.101,2.84081331061263e-12,"2","CDIPT"
8.75887392863005e-17,0.376957130394517,0.386,0.193,2.93755113818395e-12,"2","EMCN"
9.62697939435479e-17,0.415440265311348,0.544,0.325,3.22869634927871e-12,"2","NIPBL"
9.74158864580365e-17,0.513289107660828,0.775,0.532,3.26713400002963e-12,"2","CD63"
9.83166755489431e-17,0.311422200898429,0.367,0.184,3.29734466456045e-12,"2","MOB1A"
9.88823869152794e-17,0.35944266500501,0.711,0.468,3.31631749236464e-12,"2","STOM"
1.01846548057424e-16,0.580269232903297,0.347,0.157,3.41572952874989e-12,"2","DNM2"
1.02757292824904e-16,0.630229604488948,0.503,0.274,3.44627408676163e-12,"2","THOC2"
1.04666170878351e-16,0.936836214416112,0.406,0.184,3.51029403891813e-12,"2","RUNX1T1"
1.04934802007253e-16,0.459475685418568,0.403,0.2,3.51930338971926e-12,"2","PGRMC1"
1.07555929682342e-16,0.661476493859696,0.425,0.209,3.6072107696864e-12,"2","EPN2"
1.084752738987e-16,0.254644906361389,0.475,0.276,3.63804373601461e-12,"2","NCL"
1.15139875865565e-16,0.391819490467288,0.642,0.402,3.86156115677931e-12,"2","CCNI"
1.16026802311513e-16,0.348146658200609,0.822,0.59,3.89130689592353e-12,"2","RPL37A"
1.18063580039653e-16,0.261601037381499,0.489,0.291,3.95961634736989e-12,"2","RPL27"
1.19872598043259e-16,0.507052281890408,0.464,0.244,4.02028719317483e-12,"2","RAB11A"
1.20247822540198e-16,0.546697790462103,0.317,0.133,4.03287147235315e-12,"2","CBX7"
1.20909346238349e-16,0.445151622178744,0.528,0.308,4.05505765414175e-12,"2","NCOR1"
1.25923819605323e-16,0.678199701251416,0.389,0.186,4.22323306192334e-12,"2","RPL31"
1.30081868321632e-16,0.328546891346254,0.464,0.258,4.3626856997709e-12,"2","CTNND1"
1.39090303421742e-16,1.28823401581459,0.272,0.092,4.66481059615839e-12,"2","JAM3"
1.39747523739702e-16,0.456040991754553,0.381,0.186,4.68685245118213e-12,"2","EIF5A"
1.61693889092765e-16,1.04233681532861,0.361,0.153,5.42288965239314e-12,"2","SAV1"
1.62738976925676e-16,0.766161947694602,0.275,0.103,5.45793980813331e-12,"2","GSTO1"
1.68541438339507e-16,0.810588695963542,0.311,0.131,5.6525427590304e-12,"2","RBBP7"
1.77711013565235e-16,0.385742429922589,0.278,0.117,5.96007197295085e-12,"2","PARVB"
1.8488389534284e-16,0.452954187844543,0.536,0.31,6.20063608200816e-12,"2","COX6A1"
1.87541565584067e-16,0.7259219385251,0.364,0.17,6.28976902655844e-12,"2","ELK4"
1.96650051308121e-16,1.18129139815875,0.25,0.081,6.59524942077177e-12,"2","IFITM1"
2.11067777833236e-16,0.829813636168784,0.386,0.175,7.07879113297107e-12,"2","PAWR"
2.15328434765999e-16,0.531237294815924,0.35,0.164,7.22168504518206e-12,"2","ESD"
2.19896872004163e-16,0.411615952733543,0.436,0.236,7.37490129327562e-12,"2","TMEM30A"
2.2151943775438e-16,0.289066059313645,0.281,0.118,7.4293189034064e-12,"2","MEG3"
2.25197377527942e-16,0.477092049903181,0.872,0.663,7.55266964753213e-12,"2","TCF4"
2.30380397496093e-16,0.728200763603394,0.422,0.208,7.72649777122398e-12,"2","CUX1"
2.49411535972548e-16,0.47884495475529,0.611,0.375,8.3647640934473e-12,"2","PAPOLA"
2.50122058487711e-16,1.41959611391238,0.272,0.091,8.38859359756086e-12,"2","NCK2"
2.5545720201972e-16,0.487671665742025,0.536,0.31,8.56752364133738e-12,"2","ARF1"
2.74234454576795e-16,0.971658169888508,0.319,0.127,9.19727513759654e-12,"2","TSHZ1"
2.91745514894593e-16,0.316987199786071,0.381,0.198,9.78456107853487e-12,"2","CYFIP1"
2.9795742293649e-16,0.855308305598586,0.303,0.121,9.992896050444e-12,"2","MAP3K3"
3.09267117867716e-16,0.486554568657925,0.408,0.203,1.03722005990475e-11,"2","SLCO1A2"
3.10008465617927e-16,0.406367677597241,0.525,0.3,1.0397063919894e-11,"2","TUBB"
3.16870711199597e-16,0.621773745391538,0.333,0.148,1.06272099122121e-11,"2","CCT7"
3.2396292669537e-16,0.52880398179154,0.414,0.207,1.08650686355093e-11,"2","PLAT"
3.44683443472664e-16,0.622274665917878,0.372,0.174,1.15599933271862e-11,"2","DNAJC15"
3.50882986995945e-16,0.366304655920418,0.389,0.207,1.176791361787e-11,"2","RAB5C"
3.8397825296858e-16,0.916593382538646,0.303,0.118,1.28778626480602e-11,"2","NKD1"
3.8769718458079e-16,0.697811456875631,0.306,0.126,1.30025881764706e-11,"2","SYF2"
3.93368933058771e-16,0.351566206786371,0.686,0.452,1.31928072769251e-11,"2","RPS14"
4.11883309947416e-16,0.528453692212189,0.431,0.225,1.38137424490164e-11,"2","SSR3"
4.72610293838166e-16,0.52231150158805,0.381,0.185,1.58504040347444e-11,"2","MT-ATP8"
4.8287363565932e-16,0.524097968375806,0.35,0.161,1.61946159927423e-11,"2","DYNLT3"
4.87731268550031e-16,0.262939228035752,0.528,0.328,1.6357531284631e-11,"2","ABI2"
4.92509291116643e-16,0.982021129608717,0.256,0.09,1.651777660547e-11,"2","LDLRAP1"
4.93372743311696e-16,0.512433583363326,0.45,0.242,1.65467350651877e-11,"2","UBE2B"
5.18879321476223e-16,0.427130351344488,0.389,0.197,1.74021746836696e-11,"2","PRKD3"
5.24751142465552e-16,0.685113984050215,0.325,0.14,1.75991038160097e-11,"2","PARD3"
5.2483657612531e-16,0.364436747087641,0.575,0.347,1.76019690900906e-11,"2","ECE1"
5.25127720780106e-16,1.10801943900767,0.269,0.094,1.76117334995232e-11,"2","ADCY6"
5.39641985095681e-16,0.329569528969383,0.336,0.164,1.8098512896139e-11,"2","NAA38"
5.92914426713441e-16,0.417489815093147,0.825,0.598,1.98851640431154e-11,"2","H3F3B"
6.63835889938428e-16,0.280916366765729,0.725,0.493,2.2263728076755e-11,"2","RPS18"
6.67279162350396e-16,0.272640834663445,0.486,0.281,2.23792085469076e-11,"2","GCC2"
6.933251784088e-16,0.484465674018186,0.414,0.217,2.32527398334743e-11,"2","TTC37"
7.03860870192914e-16,0.705017617469434,0.331,0.144,2.36060858645299e-11,"2","ZNFX1"
7.07967166395399e-16,0.618913722102728,0.369,0.173,2.37438028265689e-11,"2","SYNGR2"
7.51290626670263e-16,0.556279637024646,0.308,0.134,2.51967850372673e-11,"2","GNB4"
8.24955159465637e-16,0.363392647577149,0.411,0.217,2.76673461381585e-11,"2","IQSEC1"
8.2680561642793e-16,0.542898601051024,0.336,0.154,2.77294067637599e-11,"2","CDV3"
8.46538285388576e-16,0.526539412998945,0.594,0.355,2.83912010153621e-11,"2","EMP2"
8.65078271008627e-16,0.819661395135193,0.294,0.119,2.90129950530873e-11,"2","PHF1"
9.50680833545562e-16,0.537974640326021,0.339,0.156,3.18839337954511e-11,"2","M6PR"
1.10811986992961e-15,0.706471851876685,0.35,0.154,3.71641241976992e-11,"2","ARL2"
1.13888151115794e-15,0.428873648000492,0.425,0.231,3.81958081212151e-11,"2","HINT1"
1.24441411641648e-15,0.307775219675909,0.642,0.415,4.17351606363759e-11,"2","CLDN5"
1.27715396718409e-15,0.658162544845538,0.283,0.115,4.28331897514201e-11,"2","CALCRL"
1.42025243748587e-15,0.282005202744872,0.408,0.222,4.76324262484013e-11,"2","UQCR10"
1.45126204476159e-15,0.38322553939801,0.364,0.182,4.86724264572143e-11,"2","FLI1"
1.45608178364029e-15,0.765093837985822,0.297,0.119,4.8834070859728e-11,"2","RAPGEF4"
1.46149095463478e-15,0.525310079521018,0.458,0.253,4.90154836365412e-11,"2","BAZ2A"
1.50010918220626e-15,0.283928213811922,0.469,0.27,5.03106617528337e-11,"2","PTP4A2"
1.55132498683069e-15,0.397928014743565,0.386,0.198,5.20283374083277e-11,"2","CAPNS1"
1.57409981602357e-15,0.417845256694649,0.25,0.098,5.27921596297986e-11,"2","TBC1D9"
1.57809159189008e-15,0.680440790024882,0.353,0.162,5.29260358088096e-11,"2","LRRC8C"
1.62287949008867e-15,0.314198447708242,0.394,0.215,5.44281323385937e-11,"2","LGALS3BP"
1.65213208939316e-15,0.684122839527592,0.417,0.209,5.54092060140679e-11,"2","PTPN12"
1.75853824856632e-15,0.299032684371743,0.483,0.269,5.89778557804173e-11,"2","GPCPD1"
1.76355634672175e-15,0.399680565936467,0.792,0.563,5.91461527563539e-11,"2","MT-ND4L"
1.88469124630282e-15,0.681672524028537,0.397,0.192,6.32087750185039e-11,"2","RPL36AL"
1.98277072773761e-15,0.579385686234809,0.258,0.102,6.64981646668641e-11,"2","HSPA12B"
2.04942768063711e-15,0.456917997801409,0.311,0.142,6.87337055532075e-11,"2","ATP5F1C"
2.16982513913369e-15,0.319461117661285,0.433,0.242,7.27715955162658e-11,"2","SRSF7"
2.27001200074346e-15,0.376778658207534,0.467,0.262,7.61316624809341e-11,"2","RSRC2"
2.27220984164919e-15,0.264861157285827,0.422,0.239,7.62053736692305e-11,"2","CCDC186"
2.39441698993135e-15,1.05994608000207,0.264,0.094,8.03039570083175e-11,"2","STARD8"
2.40244022888539e-15,0.340293852788918,0.619,0.394,8.05730403963582e-11,"2","MBNL1"
2.46532428084453e-15,0.631514169769728,0.561,0.327,8.26820457309639e-11,"2","EEF1D"
2.6195283384995e-15,0.283754574822699,0.642,0.419,8.78537414165964e-11,"2","FAU"
2.79586329864975e-15,0.258845015057333,0.689,0.468,9.37676633101155e-11,"2","RPL18"
2.81321146300577e-15,0.486123405569581,0.503,0.294,9.43494860462875e-11,"2","SUGT1"
2.97334123444185e-15,0.725401480488004,0.336,0.147,9.97199183207107e-11,"2","DENND3"
3.55222545679409e-15,0.74483503043351,0.369,0.174,1.1913453736996e-10,"2","ARHGEF7"
3.59762834411033e-15,0.373789558716903,0.564,0.356,1.20657259404772e-10,"2","RALGAPA1"
3.67244246410913e-15,0.396821686153463,0.581,0.357,1.23166375361292e-10,"2","PRPF4B"
3.68313617076156e-15,0.545091691332607,0.481,0.264,1.23525020895001e-10,"2","VCP"
3.75670428862423e-15,0.346977771572596,0.375,0.195,1.25992348431879e-10,"2","H2AFZ"
3.81459915678953e-15,0.375809775431177,0.428,0.238,1.27934026520407e-10,"2","PHF20L1"
4.26907480614819e-15,0.422773550153515,0.389,0.203,1.43176230848598e-10,"2","ARPC3"
4.43464526855897e-15,0.517118143816184,0.328,0.151,1.48729133016931e-10,"2","DLG1"
4.47076714593567e-15,0.592030734492667,0.358,0.174,1.49940588540391e-10,"2","DAB2IP"
4.49059728611432e-15,0.459137657574669,0.306,0.14,1.50605651781702e-10,"2","MYCT1"
4.59718593487415e-15,0.414716222671903,0.431,0.228,1.54180421883809e-10,"2","ZC3H13"
4.89942679983711e-15,0.380661240432577,0.322,0.153,1.64316976012937e-10,"2","FKBP8"
4.92955889062473e-15,0.443039813582537,0.436,0.231,1.65327546073772e-10,"2","ANAPC16"
5.20977093222125e-15,0.418796112421408,0.267,0.112,1.74725297524836e-10,"2","RND3"
5.23139377945924e-15,0.378218825811671,0.469,0.271,1.75450484575504e-10,"2","TRIP12"
5.73416213070535e-15,0.881753418953288,0.333,0.144,1.92312329539596e-10,"2","MEF2D"
5.75616235269168e-15,0.513920909889677,0.356,0.174,1.93050172984574e-10,"2","MAPRE2"
6.08314361657703e-15,0.5214588368081,0.4,0.209,2.0401647061276e-10,"2","AKAP1"
6.24982808229487e-15,0.394648117265454,0.433,0.235,2.09606734224005e-10,"2","CRK"
6.64610630344854e-15,0.65853280825967,0.3,0.126,2.22897113205057e-10,"2","ARPC1B"
6.65334687546684e-15,0.367099386797874,0.453,0.258,2.23139947509407e-10,"2","MED13"
6.67800718523962e-15,0.471149961352903,0.328,0.15,2.23967004978566e-10,"2","WWC3"
6.74700668383761e-15,0.316537166900785,0.428,0.247,2.26281110162546e-10,"2","PDCD6IP"
6.81415975135817e-15,0.52952709761389,0.292,0.128,2.2853328974105e-10,"2","BAG6"
6.99750136184884e-15,0.346717005500585,0.533,0.33,2.34682200673686e-10,"2","MTRNR2L8"
7.00420458267622e-15,0.580975330233615,0.406,0.212,2.34907013293795e-10,"2","IFI16"
7.15887337879457e-15,1.04076614111776,0.333,0.144,2.40094295378012e-10,"2","LIMA1"
7.54739115626828e-15,0.486607436115075,0.358,0.174,2.53124404598926e-10,"2","SSU72"
8.64910808733681e-15,0.38407779268209,0.758,0.531,2.90073787033102e-10,"2","RPS19"
9.24360775862838e-15,0.414506586534656,0.283,0.123,3.10012117008878e-10,"2","C8orf59"
9.38236564929233e-15,1.14793467719621,0.289,0.112,3.14665779145966e-10,"2","CEBPD"
9.54439266264062e-15,0.62666888457665,0.344,0.16,3.20099841119641e-10,"2","AP3S1"
9.7439407914269e-15,0.641548442203262,0.383,0.188,3.26792286262876e-10,"2","VPS28"
9.8425587234222e-15,0.621898392113957,0.342,0.164,3.30099734466134e-10,"2","RYK"
9.91240888415242e-15,0.315251483540059,0.597,0.385,3.32442369156704e-10,"2","RPL24"
1.14778488118344e-14,0.259062375524524,0.383,0.208,3.84944093451301e-10,"2","XRN1"
1.18968782421411e-14,0.267710194497372,0.472,0.283,3.9899750248493e-10,"2","ATP5ME"
1.20113182913255e-14,0.490839527497289,0.444,0.242,4.02835592854474e-10,"2","ATP5MD"
1.26430355651916e-14,0.319884208369208,0.494,0.296,4.24022126785397e-10,"2","SUMO2"
1.31830050336438e-14,0.308557526450922,0.439,0.247,4.42131622818345e-10,"2","ITSN1"
1.42269401423682e-14,0.32347204163043,0.572,0.352,4.77143118494744e-10,"2","CLIC4"
1.43491519479738e-14,0.618833465688297,0.358,0.174,4.81241858031147e-10,"2","ANO6"
1.44789354535508e-14,0.856922907310876,0.306,0.128,4.85594537241187e-10,"2","TRIR"
1.53713469398112e-14,0.435565563190522,0.797,0.579,5.15524233667389e-10,"2","RPS27"
1.63849578111169e-14,0.803268853991661,0.306,0.132,5.4951871506924e-10,"2","ATXN3"
1.6545153158992e-14,0.282317725672659,0.403,0.233,5.54891346646275e-10,"2","RAB14"
1.71354674073254e-14,0.357600585983053,0.306,0.141,5.74689305906879e-10,"2","RTRAF"
1.77593013544218e-14,0.448570146551408,0.508,0.305,5.95611448824599e-10,"2","MGST3"
1.82475076540504e-14,0.571646716728902,0.286,0.123,6.11984911701543e-10,"2","DGKE"
1.87632274075788e-14,0.592556944094475,0.344,0.164,6.29281120795379e-10,"2","SSR2"
1.914259351992e-14,0.250702511442086,0.833,0.628,6.42004301471078e-10,"2","EIF1"
1.97532456999941e-14,0.65022715989951,0.311,0.136,6.62484354286401e-10,"2","TOP1"
2.15663403578424e-14,0.608246839796919,0.397,0.198,7.23291922921319e-10,"2","ITPRIPL2"
2.17717599734079e-14,0.256203419031724,0.447,0.268,7.30181285988154e-10,"2","MYLK"
2.45091175850542e-14,0.299775290462828,0.458,0.263,8.21986785567548e-10,"2","LY6E"
2.46087606056954e-14,0.416596319456441,0.453,0.254,8.25328613193811e-10,"2","HECTD1"
2.63962461877902e-14,0.442322252243546,0.356,0.179,8.85277304646108e-10,"2","SEM1"
2.65789750948401e-14,0.485928902332578,0.425,0.223,8.91405666730749e-10,"2","PPP1CC"
2.68386969711239e-14,0.728752520612104,0.372,0.18,9.00116219017552e-10,"2","SH3BGRL3"
2.75262092487819e-14,0.640682986527321,0.394,0.198,9.23174005785648e-10,"2","PSMA7"
2.9096024778625e-14,0.323780738336441,0.394,0.22,9.75822479025524e-10,"2","TM9SF2"
2.96628634078133e-14,0.387042345827873,0.342,0.173,9.94833112971244e-10,"2","GOLGA3"
3.24970211806718e-14,0.360139076340079,0.419,0.236,1.08988509635737e-09,"2","MARCH7"
3.36979545338038e-14,0.386418380002606,0.392,0.214,1.13016199915471e-09,"2","TRIM44"
3.56662210076333e-14,0.628637537754076,0.261,0.109,1.19617372015401e-09,"2","TNIP1"
3.77123517992925e-14,0.57950729461524,0.353,0.175,1.26479685464467e-09,"2","PRRX1"
3.7984633152155e-14,0.438957508387394,0.467,0.265,1.27392862665698e-09,"2","CAST"
3.80709425952429e-14,0.302887345152829,0.286,0.14,1.27682327275926e-09,"2","GIMAP6"
3.95334731591597e-14,0.280894389202764,0.442,0.261,1.3258736228119e-09,"2","ASAH1"
4.02608890870885e-14,0.350860210328247,0.3,0.146,1.35026969820277e-09,"2","PSMC3"
4.26116056073552e-14,0.34385420427219,0.597,0.39,1.42910802885948e-09,"2","ARID1B"
4.41249224841091e-14,0.444265344004066,0.422,0.233,1.47986165027205e-09,"2","WASHC4"
4.41894781268071e-14,0.436318129000921,0.397,0.21,1.48202671741686e-09,"2","XRCC6"
4.49161888245815e-14,0.422477262761779,0.428,0.242,1.50639914079881e-09,"2","SBDS"
4.61306730271551e-14,0.959931273763689,0.275,0.109,1.54713051198473e-09,"2","PEF1"
4.77249444025233e-14,0.574375751214458,0.258,0.107,1.60059918537183e-09,"2","FGD5"
5.1620291224119e-14,0.360927145990956,0.322,0.162,1.7312413270745e-09,"2","SEC22B"
5.31909985906691e-14,0.470964022466138,0.414,0.223,1.78391971073386e-09,"2","ARPC5"
5.35567941682994e-14,0.311003578002304,0.45,0.261,1.79618776281643e-09,"2","SNX3"
5.67761463490065e-14,0.422605919568894,0.283,0.126,1.90415839625298e-09,"2","ANKRD37"
5.8051610006486e-14,0.713604470119325,0.431,0.226,1.94693489639753e-09,"2","RAP1B"
6.22858588070479e-14,0.341305405814658,0.319,0.157,2.08894313267077e-09,"2","PERP"
6.24320056454767e-14,0.354779264023835,0.8,0.586,2.093844605338e-09,"2","RPLP1"
6.34655717345717e-14,0.49603929347267,0.381,0.199,2.12850834483407e-09,"2","LIMS1"
6.57139380060276e-14,0.369104561708321,0.369,0.203,2.20391405284615e-09,"2","DYNLRB1"
6.69279810578133e-14,0.251518795394111,0.294,0.145,2.24463062871694e-09,"2","TMPO"
7.05667633123441e-14,0.296816931209552,0.444,0.269,2.3666681079694e-09,"2","FAR1"
7.07455986513706e-14,0.292186734577292,0.278,0.126,2.37266588756967e-09,"2","SLAIN2"
7.20598848850826e-14,0.493013152631689,0.417,0.219,2.4167444192759e-09,"2","HLF"
7.31411271473939e-14,0.472159018299003,0.275,0.123,2.4530071222693e-09,"2","TNKS1BP1"
7.75619894065111e-14,0.963215713863477,0.314,0.137,2.60127400071557e-09,"2","HCFC1R1"
7.96326756114776e-14,0.837693314320771,0.275,0.112,2.67072067465773e-09,"2","SUSD6"
7.96326828793651e-14,0.419067329011822,0.464,0.271,2.67072091840815e-09,"2","RIF1"
8.10046256680256e-14,0.325608444993988,0.358,0.189,2.71673313565424e-09,"2","VEZF1"
8.38501432876464e-14,0.254779887136984,0.397,0.231,2.81216610558109e-09,"2","PBRM1"
8.5826143191199e-14,0.259534809334893,0.389,0.214,2.87843719034643e-09,"2","NDUFA3"
8.91624325583472e-14,0.770045196258191,0.275,0.112,2.99032966314185e-09,"2","DPF2"
8.99589910989785e-14,0.394838009315837,0.3,0.145,3.01704464347754e-09,"2","UBE2I"
9.00479666119774e-14,0.308874924724327,0.456,0.276,3.0200287042325e-09,"2","MED13L"
9.06538617645668e-14,0.574207658161519,0.258,0.106,3.04034921586004e-09,"2","GPR4"
9.2034088998913e-14,1.2339935775924,0.256,0.095,3.08663927684554e-09,"2","FLNA"
9.64689015989385e-14,0.384539766351015,0.422,0.235,3.2353740218252e-09,"2","SAP18"
1.04095429963868e-13,0.629138369941753,0.353,0.175,3.49115253012819e-09,"2","RPS27L"
1.11648011600269e-13,0.537457420622973,0.333,0.164,3.74445101304982e-09,"2","PIK3CA"
1.1393213651515e-13,0.566643529812235,0.325,0.156,3.82105599444511e-09,"2","POLR2L"
1.13975813729601e-13,0.55790970087867,0.433,0.243,3.82252084086336e-09,"2","HELZ"
1.15882672368111e-13,0.318008127455859,0.447,0.264,3.88647306588171e-09,"2","BCAP31"
1.18207175941334e-13,0.70831746046143,0.256,0.104,3.96443226672046e-09,"2","PRKACA"
1.21943642411238e-13,0.884633829616878,0.272,0.111,4.08974587918811e-09,"2","MTSS1"
1.27718505856761e-13,0.666563842018318,0.375,0.189,4.28342324942405e-09,"2","PLEKHA1"
1.35573411191682e-13,0.358134841701316,0.503,0.299,4.54686106454664e-09,"2","TFRC"
1.38752008472066e-13,0.519183393244355,0.369,0.193,4.65346486013615e-09,"2","ETNK1"
1.43746785546602e-13,0.793833619036294,0.267,0.106,4.82097969366193e-09,"2","PRELID1"
1.44864822980529e-13,0.386115760966555,0.464,0.272,4.85847643312097e-09,"2","HERC4"
1.47882001961503e-13,0.273057933567561,0.672,0.459,4.9596665817849e-09,"2","SERF2"
1.50575027637283e-13,0.251434273159689,0.386,0.222,5.04998527689919e-09,"2","CGGBP1"
1.64068233799524e-13,0.309558243803194,0.628,0.426,5.50252042516843e-09,"2","CSNK1A1"
1.73823024791036e-13,0.305492289782007,0.3,0.146,5.82967660544177e-09,"2","CLTA"
1.76624619155426e-13,0.637556206523418,0.286,0.128,5.92363647723466e-09,"2","EIF3I"
1.7692644057441e-13,0.368456300325531,0.492,0.293,5.93375896398455e-09,"2","TROVE2"
1.77180584284875e-13,0.262856087348494,0.339,0.183,5.94228243574613e-09,"2","CHMP3"
1.79718324972913e-13,0.380443965793109,0.383,0.213,6.02739318294154e-09,"2","UPF2"
1.82756414973678e-13,0.366202845935223,0.822,0.616,6.1292846453872e-09,"2","TPT1"
1.87417960691045e-13,0.610993338021644,0.303,0.14,6.28562356565628e-09,"2","RBM8A"
1.88243303275213e-13,0.638961063642251,0.267,0.112,6.3133039052441e-09,"2","CRTC3"
1.89337946452482e-13,0.706460439791753,0.275,0.122,6.35001604812335e-09,"2","BRD7"
2.15338108863797e-13,0.394611401776283,0.344,0.185,7.22200949507404e-09,"2","RAB1A"
2.28192539844761e-13,0.361862505133613,0.281,0.13,7.6531214013136e-09,"2","AMOTL1"
2.4264433579015e-13,0.268479813450081,0.397,0.225,8.13780573373007e-09,"2","CREBBP"
2.43141590920466e-13,0.270638403953537,0.306,0.155,8.15448267629059e-09,"2","SUZ12"
2.4420924473507e-13,0.282602593432882,0.45,0.271,8.19028964992479e-09,"2","GUK1"
2.51143899057657e-13,0.368274089139088,0.408,0.229,8.42286408659571e-09,"2","H2AFV"
2.60540295028385e-13,0.448070190988143,0.294,0.143,8.73800041466199e-09,"2","TAP1"
2.73574142538618e-13,0.550401171301403,0.6,0.385,9.17512959246018e-09,"2","KMT2A"
2.82831290457115e-13,0.273475142527848,0.558,0.364,9.48559581935073e-09,"2","TAOK1"
2.96883462689177e-13,0.309734849161212,0.272,0.127,9.9568775716696e-09,"2","COX17"
2.99574428940877e-13,0.483816721823166,0.256,0.114,1.00471271978191e-08,"2","HDAC2"
3.40235450157538e-13,0.839295694177284,0.264,0.107,1.14108165273835e-08,"2","SNTB1"
3.54523875188308e-13,0.266173952820702,0.825,0.623,1.18900217260655e-08,"2","MT-ND5"
3.65822553742363e-13,0.443617047602301,0.303,0.143,1.22689568074114e-08,"2","GOLPH3"
3.65892905714957e-13,0.582864843787292,0.281,0.125,1.22713162718682e-08,"2","PSMD8"
3.8103891747898e-13,0.332575906363861,0.333,0.173,1.277928321441e-08,"2","NEDD9"
3.86876063067549e-13,0.388210296936848,0.397,0.22,1.29750494031595e-08,"2","UQCR11"
3.87008627406646e-13,0.385413430972441,0.314,0.148,1.29794953459641e-08,"2","UNC5B"
3.92131986893341e-13,0.395440877620814,0.322,0.16,1.31513225764289e-08,"2","FIS1"
3.93603998944094e-13,0.708512668793442,0.314,0.145,1.3200690916587e-08,"2","DEK"
4.19293553215665e-13,0.293565407576308,0.269,0.134,1.4062267187747e-08,"2","RASIP1"
4.28074784348947e-13,0.354992201221211,0.319,0.163,1.4356772117495e-08,"2","PARP1"
4.36013404837062e-13,0.434267792703975,0.264,0.123,1.46230175714254e-08,"2","CWC15"
4.70199134899699e-13,0.438785556031473,0.261,0.115,1.57695385862661e-08,"2","SIK2"
4.83509224877508e-13,0.894949396186549,0.275,0.114,1.62159323839418e-08,"2","CBL"
4.89527493520682e-13,0.278275756615453,0.347,0.184,1.64177730776966e-08,"2","MCF2L"
5.06082971475e-13,0.32211951576738,0.386,0.219,1.69730106973286e-08,"2","DHX9"
5.09316963288073e-13,0.268975457625573,0.381,0.211,1.70814723147554e-08,"2","RAB7A"
5.17508774911287e-13,0.597743560093883,0.483,0.28,1.73562092929747e-08,"2","GLS"
5.39879978292958e-13,0.603999830176892,0.272,0.123,1.81064947119892e-08,"2","OAF"
5.58822706987772e-13,0.392017028737705,0.592,0.39,1.87417959469559e-08,"2","FTX"
5.73569761180625e-13,0.561662287816767,0.347,0.177,1.92363826504758e-08,"2","AIF1L"
5.74089238110124e-13,0.342470454627559,0.381,0.214,1.92538048677373e-08,"2","LASP1"
5.79048007976433e-13,0.259055916337907,0.331,0.174,1.94201120915136e-08,"2","CREB1"
6.23647655297822e-13,0.287759220466593,0.508,0.319,2.09158950633784e-08,"2","LEPROT"
6.45753956225395e-13,0.769750001455794,0.358,0.175,2.16572961838873e-08,"2","KDM2A"
6.45851110541361e-13,0.335518197389039,0.564,0.362,2.16605545453362e-08,"2","DNAJA1"
6.47967447019279e-13,0.343322526946892,0.525,0.328,2.17315322381326e-08,"2","RSRP1"
7.38897842901161e-13,0.873594790401808,0.264,0.11,2.47811558552191e-08,"2","RBM3"
7.68262266421216e-13,0.569468309394762,0.333,0.162,2.57659798912347e-08,"2","SGMS1"
7.69288262017366e-13,0.784042742057739,0.311,0.141,2.58003897315384e-08,"2","KANSL1L"
7.72159919084165e-13,0.461407324570654,0.264,0.119,2.58966993662447e-08,"2","GATA2"
7.73873436347658e-13,0.3827545722206,0.297,0.146,2.59541673082278e-08,"2","GRASP"
7.9613011641479e-13,0.628420857755294,0.364,0.186,2.67006118443192e-08,"2","RAP1A"
8.06165228158671e-13,0.703432132936481,0.314,0.147,2.70371694219855e-08,"2","PRKG1"
9.94619756799564e-13,0.581820474781058,0.289,0.136,3.33575574035438e-08,"2","SLC39A1"
1.05060737208317e-12,0.543624573889717,0.403,0.221,3.52352700449254e-08,"2","NHLRC2"
1.08544029830377e-12,0.359655368941005,0.328,0.17,3.64034967245117e-08,"2","SUPT16H"
1.15545498771191e-12,0.382519704021748,0.422,0.247,3.87516493778821e-08,"2","ARPC2"
1.19416354863918e-12,0.612429433859265,0.328,0.158,4.00498570942609e-08,"2","KIF13A"
1.19598587930449e-12,0.718300335513827,0.289,0.129,4.01109744201142e-08,"2","NCOA3"
1.2792014368368e-12,0.39758576694989,0.447,0.26,4.29018577886325e-08,"2","RANBP2"
1.36580282191338e-12,0.322641828316138,0.847,0.656,4.58062950413309e-08,"2","GNAS"
1.44235657126389e-12,0.489567032978447,0.356,0.185,4.83737546870483e-08,"2","CAMK2D"
1.45661655668165e-12,0.762427750446936,0.297,0.134,4.8852006077989e-08,"2","ARHGAP1"
1.51328244925678e-12,0.379749221855068,0.297,0.148,5.0752466783174e-08,"2","BANF1"
1.53479791621845e-12,0.746886728874998,0.264,0.112,5.14740525141345e-08,"2","N4BP1"
1.54476636205248e-12,0.772868230666147,0.311,0.143,5.1808374250516e-08,"2","CCND1"
1.71300920712664e-12,0.524815972467331,0.264,0.12,5.74509027886134e-08,"2","UBE2W"
1.72776321410362e-12,0.677885364058403,0.286,0.129,5.79457226746071e-08,"2","TNFRSF1B"
1.78112342826985e-12,0.322945006479884,0.256,0.122,5.97353175373141e-08,"2","ATP6V0D1"
1.8404402765684e-12,0.371157024484129,0.303,0.151,6.17246859955511e-08,"2","GLO1"
2.00191108376188e-12,0.386591604566484,0.317,0.166,6.71400939272059e-08,"2","CAPRIN1"
2.03661493631584e-12,0.505889500141853,0.281,0.13,6.83039917341607e-08,"2","SGCE"
2.09133173556662e-12,0.510124487618547,0.286,0.134,7.01390837474332e-08,"2","CEBPB"
2.20824514348201e-12,0.259265012450401,0.3,0.158,7.40601256220996e-08,"2","NDUFV2"
2.25846190993898e-12,0.251560654853695,0.331,0.183,7.57442955355334e-08,"2","SNX6"
2.33093147045073e-12,0.706910236163267,0.289,0.129,7.81747796559765e-08,"2","PPM1F"
2.55074163865122e-12,0.389849068987275,0.281,0.133,8.55467730770847e-08,"2","UBXN1"
2.56256004453851e-12,0.370047401700998,0.281,0.14,8.59431387737326e-08,"2","RNF10"
2.59538899201849e-12,0.26171599421588,0.581,0.388,8.7044156014316e-08,"2","ZNF207"
2.64701093746698e-12,0.269618009650106,0.375,0.209,8.87754528207677e-08,"2","STX7"
2.65159877389461e-12,0.284602226254642,0.431,0.257,8.89293196788774e-08,"2","MIDN"
2.84229072650743e-12,0.363834694928618,0.303,0.153,9.53247463856063e-08,"2","LSR"
2.89840798678908e-12,0.345046560010977,0.314,0.167,9.72068070609322e-08,"2","TSPYL1"
3.24790838219596e-12,0.276920336718542,0.411,0.25,1.08928351322088e-07,"2","IFNAR1"
3.27705027048801e-12,0.27692382593608,0.353,0.196,1.09905711971627e-07,"2","EP300"
3.58194632502973e-12,0.354411997543882,0.314,0.164,1.20131315848847e-07,"2","NFATC3"
3.62503336849672e-12,0.281566969089995,0.275,0.14,1.21576369112643e-07,"2","GALNT18"
3.6462560901614e-12,0.57941033182064,0.267,0.119,1.22288136751833e-07,"2","WBP1L"
3.6651271722254e-12,0.268035471803764,0.328,0.178,1.22921035102095e-07,"2","MAPK1IP1L"
3.71236586753741e-12,0.910448089685879,0.261,0.109,1.2450532646547e-07,"2","PHB2"
4.03200481401495e-12,0.289580351279386,0.35,0.197,1.35225377452433e-07,"2","UBE2K"
4.11252315616579e-12,0.266491935155247,0.289,0.148,1.37925801611488e-07,"2","LPAR6"
4.54622306925522e-12,0.688969895061937,0.25,0.106,1.52471229296682e-07,"2","NAPA"
5.00884525058146e-12,0.290589251540813,0.303,0.161,1.67986652014001e-07,"2","ERG"
5.20214829182516e-12,0.266487753095674,0.294,0.157,1.74469649411232e-07,"2","RTF2"
5.40649121287825e-12,0.70754681443669,0.278,0.125,1.81322902297511e-07,"2","NDUFA11"
5.53779394805177e-12,0.49057024183068,0.325,0.17,1.8572653342976e-07,"2","NUTM2B-AS1"
5.54230947442843e-12,0.466994641823005,0.275,0.128,1.85877975153381e-07,"2","WBP11"
5.57185776176435e-12,0.787726852623747,0.281,0.125,1.86868965614053e-07,"2","ITGB1BP1"
5.79502136450359e-12,0.452661512884123,0.328,0.171,1.94353426522722e-07,"2","CFDP1"
6.41512185644891e-12,0.621951316706166,0.272,0.128,2.15150356821584e-07,"2","SMURF2"
6.58554267147749e-12,0.44449254816679,0.417,0.238,2.20865930116012e-07,"2","KAT6A"
6.75184713840427e-12,0.455798513025511,0.331,0.167,2.26443449327802e-07,"2","CCND3"
6.82477144630361e-12,0.353366651798503,0.272,0.13,2.2888918476613e-07,"2","AL390728.6"
6.84206073089538e-12,0.818910399802957,0.278,0.125,2.29469032792769e-07,"2","EFEMP2"
6.92461325382186e-12,0.34142294765082,0.583,0.397,2.32237679306678e-07,"2","SF3B1"
7.00660022551548e-12,0.627896065726015,0.286,0.134,2.34987358363338e-07,"2","HNRNPH2"
7.32611118990938e-12,0.401561262725582,0.294,0.153,2.45703117087181e-07,"2","ATG12"
7.49991643208552e-12,0.349945285717407,0.664,0.455,2.51532197299284e-07,"2","SLC7A5"
7.92652452466766e-12,0.392569727611868,0.375,0.211,2.65839779508304e-07,"2","STX12"
8.80417219184654e-12,0.496466026463141,0.283,0.14,2.95274326970149e-07,"2","ST5"
9.56333570232419e-12,0.772808432032239,0.253,0.109,3.20735152784549e-07,"2","KLF13"
9.64834599776238e-12,0.435923841719339,0.356,0.192,3.23586228072955e-07,"2","PITPNB"
1.0280307367792e-11,0.321636004172148,0.406,0.243,3.44780948501008e-07,"2","TPM3"
1.0349162686526e-11,0.330150083788382,0.322,0.176,3.4709021818071e-07,"2","ARL4A"
1.09196803583974e-11,0.325106705115075,0.8,0.606,3.66224239859933e-07,"2","RPL10"
1.12643108175495e-11,0.500965775453716,0.364,0.198,3.77782456198975e-07,"2","ATP6V0E1"
1.18365169500846e-11,1.04669543087978,0.3,0.135,3.96973105471937e-07,"2","ATP10D"
1.20274714718558e-11,0.449173955337461,0.378,0.214,4.033773382231e-07,"2","PURB"
1.23047935310505e-11,0.324082497344704,0.311,0.165,4.12678165444372e-07,"2","IL4R"
1.2393182435107e-11,0.279113741106518,0.336,0.19,4.15642552508617e-07,"2","PPP2R5E"
1.24552887337943e-11,0.282862453124373,0.667,0.471,4.17725473553993e-07,"2","CD59"
1.26503593740357e-11,0.796865919169318,0.433,0.241,4.2426775268641e-07,"2","DDX18"
1.29625620130076e-11,0.449311679298928,0.356,0.194,4.3473840479225e-07,"2","CYSTM1"
1.29848091900313e-11,0.676666967307466,0.264,0.118,4.35484530615269e-07,"2","SMARCA1"
1.31318644404183e-11,0.816529334405711,0.364,0.187,4.4041646960275e-07,"2","PHACTR4"
1.3549403371794e-11,1.00665492286761,0.286,0.126,4.54419890283229e-07,"2","ADGRL2"
1.44580677093487e-11,0.565339352828396,0.256,0.118,4.84894674836135e-07,"2","MRC2"
1.47038710262053e-11,0.266954046670451,0.292,0.157,4.93138426476874e-07,"2","SAMD8"
1.49593189645181e-11,0.573028480567385,0.294,0.148,5.01705639432006e-07,"2","SNAP23"
1.52186589854969e-11,0.76786819105938,0.294,0.137,5.10403385055596e-07,"2","KLHL36"
1.56779283708850e-11,0.528358958199005,0.397,0.22,5.25806361702743e-07,"2","SLTM"
1.58538714161061e-11,0.548185138865074,0.4,0.227,5.31707139553366e-07,"2","AKAP13"
1.68095820849017e-11,0.375317963962932,0.392,0.222,5.63759763963432e-07,"2","C5orf24"
1.83347753730863e-11,0.438163750710153,0.311,0.162,6.14911696462568e-07,"2","ANKRD44"
1.88532560005957e-11,0.294714297463494,0.586,0.397,6.3230049974798e-07,"2","NACA"
2.0260883234713e-11,0.254966306358897,0.314,0.175,6.79509501925805e-07,"2","CCT8"
2.03585432904407e-11,0.475023155120752,0.278,0.134,6.82784824874801e-07,"2","SS18"
2.04220357173213e-11,0.434240391676156,0.289,0.141,6.84914233887521e-07,"2","SP1"
2.04855569896742e-11,0.270203867040253,0.314,0.176,6.87044610319692e-07,"2","NCBP3"
2.12648878154277e-11,0.860137113503636,0.269,0.12,7.13181807553814e-07,"2","LIX1L"
2.14128182687559e-11,0.253897908067458,0.278,0.148,7.18143099097535e-07,"2","PDGFB"
2.24489000792955e-11,0.392734321745009,0.328,0.173,7.52891210859414e-07,"2","NCOR2"
2.25309539904011e-11,0.505254450862363,0.322,0.166,7.55643134930071e-07,"2","DUSP3"
2.75764627803917e-11,0.662173810036547,0.264,0.12,9.24859408728776e-07,"2","ASAP2"
2.78841844166377e-11,0.380149821738847,0.303,0.159,9.35179776965196e-07,"2","FAM129B"
2.81272399727862e-11,0.447194437886253,0.578,0.382,9.43331374207303e-07,"2","PTGES3"
2.94157732254835e-11,0.52451473589889,0.325,0.172,9.86546202436264e-07,"2","KDELR2"
2.95482292577264e-11,0.376924935930289,0.472,0.295,9.90988512845628e-07,"2","PPIG"
2.98205859668537e-11,0.266207053335636,0.3,0.164,1.00012281215634e-06,"2","EGLN1"
2.997986279671e-11,0.494182615366457,0.253,0.115,1.00546463847606e-06,"2","CHMP1A"
3.27274283676199e-11,0.273313554116146,0.328,0.182,1.09761249259323e-06,"2","HNRNPD"
3.30503112755964e-11,0.408506165846289,0.358,0.202,1.10844133956095e-06,"2","KHDRBS1"
3.46059369129886e-11,0.859233473400511,0.256,0.109,1.16061391218781e-06,"2","SNRPD3"
3.60458797310993e-11,0.540446931260757,0.278,0.134,1.20890671442161e-06,"2","WBP4"
3.68398409815444e-11,0.526586338236952,0.314,0.164,1.23553458683904e-06,"2","TMED4"
3.74335749861141e-11,0.274879631844791,0.278,0.15,1.2554472378843e-06,"2","MSRB3"
3.82085142221876e-11,0.290457237259671,0.514,0.336,1.28143714998373e-06,"2","MLLT6"
4.19694440387145e-11,0.450402650151605,0.281,0.142,1.40757121417041e-06,"2","ZBTB7A"
4.34078627282315e-11,0.300485376950787,0.275,0.143,1.45581290017943e-06,"2","ARFGEF2"
4.74277108469649e-11,0.284425840557316,0.428,0.275,1.59063056638551e-06,"2","AAK1"
5.05592831789854e-11,0.410234717500407,0.328,0.176,1.69565723925681e-06,"2","KMT5B"
5.19816468528955e-11,0.327892108680896,0.322,0.178,1.74336047215241e-06,"2","USP7"
5.27172490892313e-11,0.476620421918301,0.286,0.142,1.76803109995464e-06,"2","VPS29"
5.36095846581253e-11,0.27705743645828,0.294,0.157,1.79795825026421e-06,"2","STAG1"
5.4946735534811e-11,0.340126913865469,0.278,0.141,1.84280361636649e-06,"2","PSME1"
5.70177019208569e-11,0.358452140842226,0.333,0.189,1.9122596870217e-06,"2","KIAA2026"
6.41927896867413e-11,0.271600885386616,0.447,0.281,2.15289778051393e-06,"2","HIPK3"
6.49878576407881e-11,0.294705568796793,0.344,0.199,2.17956276955675e-06,"2","EPRS"
7.10228735874003e-11,0.251032297627784,0.272,0.145,2.38196513437423e-06,"2","WDFY1"
7.14821159023906e-11,0.282250674935444,0.269,0.141,2.39736720313438e-06,"2","LPGAT1"
7.22802951535042e-11,0.310492100577667,0.258,0.126,2.42413653885823e-06,"2","UBE2V2"
7.4461992766097e-11,0.370778007893158,0.319,0.181,2.49730631338936e-06,"2","GAB1"
7.45275079254362e-11,0.412605577371981,0.303,0.162,2.49950356080328e-06,"2","AKT1"
7.4728208809201e-11,0.692873907222282,0.358,0.192,2.50623466704298e-06,"2","KLF7"
7.61055870258406e-11,0.584873736114514,0.292,0.146,2.55242917767264e-06,"2","DHX15"
8.17809884906983e-11,0.299703540173017,0.392,0.236,2.74277079200104e-06,"2","BCAP29"
8.22240030395516e-11,0.264709331695771,0.339,0.195,2.75762861394048e-06,"2","KLHL5"
8.27050113111756e-11,0.256233647476676,0.328,0.193,2.77376066935421e-06,"2","PER1"
8.61062446337022e-11,0.659374325926255,0.253,0.115,2.88783123252511e-06,"2","KDR"
9.3551615462297e-11,0.579547628452006,0.3,0.148,3.13753407937452e-06,"2","NRIP1"
9.76191118651787e-11,0.490736584043085,0.264,0.128,3.27394977373436e-06,"2","RETREG3"
1.01850488779752e-10,0.905114602949211,0.278,0.127,3.41586169269531e-06,"2","VPS4B"
1.03364596688898e-10,0.672185946679532,0.267,0.124,3.46664184375224e-06,"2","ELMSAN1"
1.05624263197383e-10,0.483155430037365,0.308,0.163,3.54242653911384e-06,"2","MBD5"
1.07595543071632e-10,0.316743040060611,0.306,0.169,3.60853932353641e-06,"2","ATP5PB"
1.12036600977409e-10,0.357355614710736,0.256,0.128,3.75748352358034e-06,"2","SLC26A2"
1.15423929275946e-10,0.264375705653429,0.283,0.156,3.87108774005669e-06,"2","ACVR1"
1.16134675551877e-10,0.347570516611677,0.403,0.242,3.89492474865884e-06,"2","NUCB1"
1.18362218750505e-10,0.511777623311544,0.311,0.16,3.96963209245443e-06,"2","COPS6"
1.23346614868605e-10,0.412052707595537,0.317,0.17,4.13679876946326e-06,"2","TCAF1"
1.28357101789147e-10,0.389557987863705,0.267,0.137,4.30484047980441e-06,"2","EPB41L1"
1.33043384714076e-10,0.365829788110373,0.25,0.128,4.46200903654067e-06,"2","PGRMC2"
1.33428350270349e-10,0.511704804664743,0.275,0.135,4.47492001136698e-06,"2","DR1"
1.39499212483111e-10,0.489625803149977,0.819,0.64,4.67852458825859e-06,"2","HSP90AB1"
1.41427285892937e-10,0.367809330059574,0.325,0.181,4.74318831427733e-06,"2","ADAM17"
1.43771176971034e-10,0.378635145052844,0.383,0.228,4.82179773325454e-06,"2","PCSK7"
1.52772504103804e-10,0.365116468736201,0.35,0.2,5.12368424263338e-06,"2","PSMB4"
1.5600926799357e-10,0.44491729526227,0.331,0.18,5.23223882996836e-06,"2","MIER1"
1.57693805957858e-10,0.780877399572543,0.308,0.153,5.28873486421464e-06,"2","CHD3"
1.58153491995424e-10,0.259173139596562,0.303,0.166,5.30415181454252e-06,"2","MGST2"
1.61558957698153e-10,0.469763031390293,0.408,0.239,5.41836432328066e-06,"2","ZBTB4"
1.7149846532745e-10,0.490765521171968,0.267,0.131,5.75171553015202e-06,"2","ITCH"
1.82720453429639e-10,0.380202991124186,0.281,0.145,6.12807856712323e-06,"2","YPEL3"
1.83509643791859e-10,0.472969624661795,0.4,0.233,6.15454643349138e-06,"2","OPTN"
1.8493399128487e-10,0.496650031381754,0.303,0.157,6.20231619971197e-06,"2","ERH"
1.89360376633048e-10,0.360657119390885,0.319,0.175,6.35076831151916e-06,"2","ERGIC1"
1.90668463686667e-10,0.800293920032921,0.289,0.14,6.39463893512343e-06,"2","PTBP3"
2.01305980505247e-10,0.861012029578753,0.261,0.12,6.75139997418496e-06,"2","NFATC4"
2.03115627304674e-10,0.349118400868831,0.356,0.207,6.81209190854416e-06,"2","HDGFL3"
2.10329591988821e-10,0.331692208795002,0.411,0.253,7.05403385612106e-06,"2","AGFG1"
2.12085437873303e-10,0.250454332794585,0.344,0.198,7.11292141539484e-06,"2","RIPOR1"
2.20587415028835e-10,0.39352376528251,0.289,0.153,7.39806072523707e-06,"2","CHMP5"
2.22480839792452e-10,0.442272483532855,0.253,0.126,7.46156240495927e-06,"2","RNH1"
2.49082498075643e-10,0.466717268922991,0.325,0.175,8.35372882046091e-06,"2","MCC"
2.65606931316542e-10,0.638863884802677,0.311,0.16,8.90792526249417e-06,"2","USP16"
2.68949517715419e-10,0.688967862529361,0.328,0.172,9.02002892513971e-06,"2","FCHO2"
2.80226345871035e-10,0.777884540679568,0.303,0.151,9.39823118782277e-06,"2","MRPS6"
2.87207580422034e-10,0.271052254171765,0.342,0.205,9.63236783219418e-06,"2","FCGRT"
2.87681406241365e-10,0.351522936783202,0.283,0.148,9.6482590025229e-06,"2","UQCRC1"
2.89561491714362e-10,0.993959419403126,0.256,0.112,9.71131330911626e-06,"2","JADE2"
3.06491756759781e-10,0.504596045455846,0.286,0.147,1.02791205382095e-05,"2","KLF12"
3.08937183812521e-10,0.339783274087776,0.314,0.175,1.03611352707043e-05,"2","HNRNPUL2"
3.41917756440007e-10,0.954610919852034,0.283,0.136,1.14672377154849e-05,"2","NPHP3"
3.67799372054538e-10,0.438105987506615,0.319,0.175,1.23352553399651e-05,"2","RAB3GAP1"
3.77355639805683e-10,0.364570362226071,0.611,0.423,1.2655753447803e-05,"2","PLCG2"
3.79746378113978e-10,0.44507523531267,0.294,0.159,1.27359340291866e-05,"2","REST"
3.83020219916127e-10,0.357057066339163,0.311,0.172,1.28457321355471e-05,"2","SHOC2"
3.8975535686826e-10,0.555004319184342,0.253,0.12,1.30716151586477e-05,"2","KDM7A"
3.94356231200623e-10,0.422346455293587,0.325,0.183,1.32259192820065e-05,"2","MAP3K11"
3.9483480614639e-10,0.401608360922005,0.308,0.17,1.32419697285376e-05,"2","AIDA"
4.10297752698729e-10,0.612844889192411,0.311,0.165,1.376056603001e-05,"2","KIAA1551"
4.31445838577803e-10,0.409880457402756,0.261,0.137,1.44698305342224e-05,"2","ERP44"
4.40005460052283e-10,0.294094493845405,0.25,0.127,1.47569031192335e-05,"2","RALGAPB"
4.52542463402585e-10,0.487453017563375,0.264,0.13,1.51773691375959e-05,"2","UBE2Q1"
5.78753333906665e-10,0.688469017588649,0.35,0.19,1.94102293125617e-05,"2","CACYBP"
5.955150146532e-10,0.568123627244349,0.35,0.189,1.9972382561439e-05,"2","NDUFB8"
5.95661047050209e-10,0.29883612166354,0.319,0.181,1.99772801959699e-05,"2","ANKH"
7.06666576145109e-10,0.2580570243515,0.275,0.149,2.37001836307547e-05,"2","VDAC2"
7.32270043568104e-10,0.339880897757009,0.319,0.181,2.45588727211871e-05,"2","WDR26"
7.44345338875576e-10,0.304489137687521,0.269,0.141,2.49638539752091e-05,"2","SGPL1"
7.62471223030599e-10,0.404095945822927,0.281,0.144,2.55717598780002e-05,"2","PNRC2"
7.6736980935895e-10,0.484254846544687,0.381,0.222,2.57360486662805e-05,"2","STIP1"
8.11787744659835e-10,0.389169833683113,0.408,0.249,2.72257373804015e-05,"2","CDS2"
8.28578783724921e-10,0.518222134463292,0.25,0.123,2.77888752485664e-05,"2","MAP3K1"
8.35606456568515e-10,0.362259385783318,0.269,0.143,2.80245693403949e-05,"2","TOLLIP"
8.89808964474147e-10,0.598089037870196,0.411,0.245,2.98424130505339e-05,"2","CHORDC1"
8.91921033845604e-10,0.256413932177002,0.333,0.193,2.99132476331139e-05,"2","AGPAT1"
9.14037387947526e-10,0.403219468505399,0.258,0.132,3.06549859169841e-05,"2","SLFN5"
9.21691333048597e-10,0.502071972882139,0.275,0.142,3.09116839277838e-05,"2","KBTBD2"
1.08039379359465e-09,0.366962129661501,0.275,0.145,3.62342470495772e-05,"2","H1F0"
1.09203414409282e-09,0.628070737819672,0.25,0.119,3.66246411245851e-05,"2","SVIP"
1.14728561650471e-09,0.508353164321105,0.314,0.175,3.8477665006335e-05,"2","PLXND1"
1.17019254378981e-09,0.396054703725806,0.253,0.133,3.92459175336228e-05,"2","YPEL5"
1.18529656293759e-09,0.373853063270589,0.292,0.161,3.97524761278007e-05,"2","RTL8C"
1.18863691754344e-09,0.275870318269461,0.442,0.291,3.98645049405718e-05,"2","PCMTD1"
1.26409935735106e-09,0.345232896931019,0.367,0.219,4.23953642468398e-05,"2","MAVS"
1.28706342591817e-09,0.637874256817742,0.256,0.123,4.31655331784435e-05,"2","LSM8"
1.31815327025664e-09,0.323270687812042,0.3,0.17,4.42082243778672e-05,"2","CTSA"
1.6445104298488e-09,0.758904369132799,0.389,0.222,5.5153590796269e-05,"2","FKBP4"
1.66148364216833e-09,0.380788422726439,0.25,0.126,5.57228383910415e-05,"2","SF3B6"
1.7294650571769e-09,0.543361041122287,0.294,0.156,5.80027990875988e-05,"2","RNF38"
1.749195966292e-09,0.279338993625314,0.322,0.187,5.86645343175011e-05,"2","UBE4A"
1.75218823544364e-09,0.604003944131389,0.289,0.148,5.87648890403088e-05,"2","ARRDC3"
1.76500419826388e-09,0.402515498679659,0.325,0.189,5.9194710801374e-05,"2","UFM1"
1.85312924327962e-09,0.526876670826179,0.278,0.15,6.2150248561112e-05,"2","ELF1"
1.85958466524142e-09,0.303775346829201,0.3,0.168,6.23667505028669e-05,"2","CTSZ"
1.9365576501297e-09,0.390639269306108,0.258,0.131,6.49482704700499e-05,"2","PSMD12"
2.03270461473715e-09,0.727471622841172,0.275,0.137,6.81728473690545e-05,"2","CENPC"
2.04001105500045e-09,0.698280494315824,0.267,0.132,6.84178907626051e-05,"2","ERICH1"
2.06853814704632e-09,0.349460599716368,0.317,0.181,6.93746323756394e-05,"2","EIF1B"
2.13238196170057e-09,0.40576587344834,0.275,0.146,7.15158262315137e-05,"2","LIN7C"
2.14565658802173e-09,0.648335778658231,0.35,0.193,7.19610306490728e-05,"2","ANKRD10"
2.26486460335451e-09,0.83871272894277,0.286,0.145,7.59590290673037e-05,"2","ZNF791"
2.30224378065151e-09,0.26217642491471,0.281,0.16,7.72126519154902e-05,"2","NUB1"
2.34210853006631e-09,0.527212277545444,0.264,0.136,7.85496358813637e-05,"2","ADGRL3"
2.37395637381785e-09,0.268797864272359,0.317,0.197,7.96177488651031e-05,"2","ZBTB16"
2.60107356549711e-09,0.376167906948203,0.322,0.189,8.72348052396421e-05,"2","RAMP2"
2.67638666813263e-09,0.41372078592351,0.267,0.14,8.9760656075832e-05,"2","CALU"
2.70477512964014e-09,0.260842732699712,0.344,0.206,9.07127482978711e-05,"2","GANAB"
3.22062015055937e-09,0.476763454247068,0.322,0.186,0.00010801315860946,"2","FGD4"
3.40988632153176e-09,0.354332735401823,0.361,0.217,0.000114360767451532,"2","WDR1"
4.04294493083237e-09,0.406505154733542,0.253,0.129,0.000135592287090256,"2","TENT4B"
4.11197690659128e-09,0.381319995196667,0.339,0.2,0.000137907481493258,"2","ATP1B3"
4.11886202954069e-09,0.568343265381431,0.258,0.128,0.000138138394746736,"2","PDE4B"
4.71389840741874e-09,0.274183846331034,0.289,0.164,0.00015809472478801,"2","PRDM2"
5.58623050289547e-09,0.290171763439679,0.267,0.148,0.000187350998606108,"2","GTF2A1"
5.83772186913274e-09,0.289201178020304,0.278,0.158,0.000195785516046974,"2","AHSA1"
5.98188894766274e-09,0.463751329390581,0.267,0.138,0.000200620591526713,"2","DCTN1"
6.12898380894771e-09,0.333814029182803,0.344,0.214,0.000205553858984488,"2","PDK4"
6.65546978894536e-09,0.26961351223521,0.303,0.173,0.000223211145781649,"2","PTPA"
6.73676250249195e-09,0.402939833871808,0.308,0.178,0.000225937540808575,"2","LAMTOR4"
7.36427245327334e-09,0.507828101659,0.258,0.133,0.000246982969537881,"2","PRKCSH"
7.60416237486775e-09,0.315807298579421,0.267,0.143,0.000255028397728315,"2","RABAC1"
8.43466699316845e-09,0.562515287105249,0.25,0.128,0.000282881861616884,"2","KLHL42"
1.02959154776041e-08,0.467721176626997,0.283,0.154,0.000345304413287885,"2","SOS2"
1.13421566712217e-08,0.300610121131882,0.278,0.159,0.000380393250439434,"2","ZBTB10"
1.20584289746025e-08,0.380110999429944,0.311,0.178,0.000404415590950219,"2","PSMC6"
1.23354462979796e-08,0.583761662742026,0.275,0.143,0.000413706197941639,"2","FAM13A"
1.33489626307925e-08,0.539316815683222,0.258,0.133,0.000447697508711519,"2","PIP4K2B"
1.39699132192028e-08,0.502681759707166,0.264,0.141,0.000468522949545624,"2","SHE"
1.4725449426474e-08,0.434476641034445,0.261,0.134,0.000493862122865083,"2","PLEKHA3"
1.47945537154278e-08,0.424418358822707,0.269,0.148,0.000496179742508017,"2","UBE2J1"
1.50472295736358e-08,0.419050594382501,0.281,0.155,0.000504653985440598,"2","MAPKAPK2"
1.50760629372696e-08,0.377948346481282,0.281,0.156,0.000505620998790147,"2","SNX1"
1.55159495527801e-08,0.430146866528697,0.336,0.2,0.000520373916101139,"2","DNAJB4"
1.60022338290596e-08,0.445877173210083,0.286,0.162,0.000536682918159002,"2","FBXO11"
1.7563068904772e-08,0.356281424673412,0.256,0.148,0.000589030204928245,"2","GIMAP4"
1.89392426730108e-08,0.387483863055453,0.275,0.153,0.000635184320767435,"2","NCOA2"
1.8991541962412e-08,0.302754422139669,0.306,0.184,0.000636938334335374,"2","FAM126B"
2.17274008819393e-08,0.302127569148751,0.317,0.186,0.000728693570778479,"2","EI24"
2.40665390109629e-08,0.66427747915833,0.261,0.142,0.000807143585349675,"2","NDUFV3"
2.41218191732981e-08,0.284102035353506,0.317,0.189,0.000808997571434073,"2","RAP2A"
2.51776513612531e-08,0.322435024577666,0.258,0.147,0.000844408071353708,"2","UBR1"
3.06509338151444e-08,0.355500632528367,0.389,0.248,0.00102797101829231,"2","SLK"
3.25781766954912e-08,0.58660491737035,0.261,0.134,0.00109260689001338,"2","ZADH2"
3.26692012206815e-08,0.362903509375051,0.292,0.165,0.00109565967053922,"2","KHSRP"
3.31084695716282e-08,0.320320288430365,0.339,0.214,0.00111039185249327,"2","RICTOR"
3.31542543876432e-08,0.604474119811394,0.297,0.164,0.00111192738365278,"2","KCTD20"
4.43181562265023e-08,0.603584719636384,0.253,0.133,0.00148634232352443,"2","TPD52L2"
4.69194364455618e-08,0.505037303979896,0.272,0.149,0.00157358405951125,"2","TXNL1"
5.5392022629498e-08,0.25686479641622,0.303,0.192,0.0018577376549481,"2","MED28"
6.43071372673248e-08,0.675358071085252,0.256,0.133,0.00215673276967154,"2","DNAJA4"
6.89282584394102e-08,0.402372670260665,0.289,0.169,0.00231171593154094,"2","PCNX4"
7.03429188750661e-08,0.396471567382551,0.258,0.148,0.00235916081323197,"2","ACTN1"
7.37996329434102e-08,0.280487353637206,0.253,0.14,0.00247509208965609,"2","KLHL9"
7.90788383540358e-08,0.279567631718881,0.253,0.147,0.00265214608071765,"2","GSK3B"
9.84441916648979e-08,0.328272706797942,0.261,0.148,0.00330162130005734,"2","TM2D1"
1.04975108727534e-07,0.350537617039255,0.281,0.162,0.00352065519650402,"2","GNAI3"
1.16785056430724e-07,0.262721011622869,0.258,0.149,0.00391673722257362,"2","NFATC2IP"
1.22747199114406e-07,0.36283267931705,0.25,0.137,0.00411669556389895,"2","BROX"
1.41435902503103e-07,0.51580935766401,0.308,0.178,0.00474347729814905,"2","SP3"
1.56181314053335e-07,0.269410194928595,0.314,0.198,0.00523800891072075,"2","TIAL1"
1.83947259670277e-07,0.354160609487391,0.289,0.169,0.00616922319482174,"2","KPNA5"
1.9716597753193e-07,0.821330005397856,0.375,0.227,0.00661255255446588,"2","P4HA1"
2.07447066651981e-07,0.631977756683515,0.267,0.146,0.00695735972137415,"2","STK4"
2.40511715960972e-07,0.286563901879122,0.347,0.225,0.0080662819298991,"2","PRPF8"
2.51836075071622e-07,0.434453509016108,0.294,0.172,0.00844607828575207,"2","CARHSP1"
2.66900329496334e-07,0.429985852982185,0.275,0.159,0.00895130325064805,"2","PEAK1"
2.75503886214726e-07,0.509636439588501,0.294,0.174,0.00923984933586949,"2","CAPZB"
3.4644914003238e-07,0.271240345069116,0.292,0.178,0.011619211258406,"2","TANC1"
4.06724221127898e-07,0.263692651089031,0.278,0.169,0.0136407169281874,"2","EDEM3"
5.09257182130545e-07,0.336887688872852,0.522,0.384,0.0170794673742942,"2","HSPD1"
5.27538690813233e-07,0.384223916857932,0.269,0.162,0.0176925926124942,"2","ZC3H7A"
5.3408387452485e-07,0.434548889859647,0.311,0.194,0.0179121049838144,"2","SMC5"
6.07798103786221e-07,0.60129922926033,0.269,0.156,0.0203843328047823,"2","ZFAND6"
8.0568746470852e-07,0.303319239440859,0.253,0.151,0.0270211461913943,"2","GSTK1"
8.28617913550603e-07,0.483677042847761,0.294,0.173,0.0277901875846601,"2","SUPT20H"
8.56206568165313e-07,0.282364077315608,0.269,0.162,0.0287154558831283,"2","C1orf43"
8.57778154634191e-07,0.497883112028625,0.572,0.418,0.0287681637501215,"2","SLC5A3"
9.63701014030008e-07,0.485056327501082,0.289,0.175,0.0323206046085384,"2","FAM204A"
1.22689490763134e-06,0.274947947460679,0.256,0.156,0.0411476014121398,"2","SSBP2"
1.82424123733019e-06,0.281881862619238,0.286,0.184,0.06118140261758,"2","CCDC66"
2.40763975866246e-06,0.267955168512959,0.253,0.146,0.0807474222260214,"2","MOB3B"
3.65413839428668e-06,0.286894674993506,0.364,0.25,0.122552493467587,"2","NSD1"
8.44169382561418e-06,0.299478907873902,0.25,0.159,0.283117527523448,"2","EXOSC6"
1.2613184844596e-05,0.308531065029731,0.261,0.168,0.423020993318062,"2","TAOK3"
1.43495663062469e-05,0.517110015814648,0.303,0.192,0.481255754778907,"2","TCEAL9"
2.34197942687826e-05,0.268817574610596,0.261,0.178,0.78545306018643,"2","STK25"
2.36345694222143e-05,0.682604856818689,0.572,0.436,0.792656189282222,"2","HSPB1"
0.0001321432398202,0.271346264708987,0.331,0.229,1,"2","HSPA4"
0.00067167380031107,0.893609262649704,0.256,0.172,1,"2","HSPA4L"
1.84692608699064e-73,6.50054136862473,0.716,0.046,6.1942207105492e-69,"4","CEMIP"
3.69986665531822e-68,4.00215006090762,0.886,0.201,1.24086127886062e-63,"4","COL1A2"
1.4108979994346e-60,4.19042738619576,0.761,0.108,4.73186971050376e-56,"4","FLRT2"
1.84943231114118e-57,4.39395624584652,0.716,0.123,6.20262608510529e-53,"4","ABCA9"
2.81700361898646e-52,3.87801483858251,0.761,0.173,9.4476667373568e-48,"4","FBLN1"
2.55461237353142e-51,4.28147988422468,0.693,0.111,8.56765897834969e-47,"4","C1S"
6.68955683490973e-51,5.96327827122523,0.557,0.026,2.24354357129202e-46,"4","C7"
6.64496520074898e-50,4.59783757269422,0.625,0.094,2.22858842902719e-45,"4","ABCA8"
1.31310397858775e-49,5.91638523718508,0.534,0.02,4.4038881233876e-45,"4","PDGFRA"
1.23076735202482e-45,2.97337276612416,0.83,0.331,4.12774754522085e-41,"4","DCN"
2.42241535906036e-42,2.4109362327652,0.83,0.414,8.12429663121663e-38,"4","NR2F1"
3.0183500326893e-42,4.47394116682321,0.614,0.153,1.01229423396334e-37,"4","APOD"
8.17657867833547e-42,3.26470550137121,0.682,0.212,2.74226095714015e-37,"4","NTRK3"
4.10933315959378e-41,5.02574726916893,0.511,0.032,1.37818815506456e-36,"4","FBLN5"
5.97140617159964e-41,4.9451287986922,0.523,0.054,2.00269020183109e-36,"4","PCOLCE"
7.25365963565321e-40,2.40601762107905,0.716,0.382,2.43273236860537e-35,"4","TPM1"
1.25517490873995e-39,4.26452345128019,0.625,0.087,4.20960560893205e-35,"4","COL1A1"
1.65817155718798e-38,3.62197651551937,0.614,0.124,5.56117576849705e-34,"4","ADAM33"
1.27489179817566e-36,4.81300254812662,0.5,0.047,4.27573211272152e-32,"4","COL3A1"
5.73922308088765e-35,2.95325104907408,0.705,0.129,1.9248206368681e-30,"4","CYP1B1"
4.06182697656143e-34,3.31355259207617,0.602,0.155,1.36225553139917e-29,"4","LAMA2"
8.01945948661712e-34,5.53185406257993,0.409,0.02,2.68956632262165e-29,"4","COL6A3"
3.32150807728769e-33,5.73503757140496,0.375,0.012,1.11396737896075e-28,"4","COL15A1"
3.99798854165378e-33,5.80184232534416,0.386,0.016,1.34084539709984e-28,"4","FMOD"
4.59307789750249e-33,4.11624510040773,0.489,0.077,1.54042646526438e-28,"4","TBX18"
2.59045351324527e-32,3.19569108680584,0.614,0.135,8.687862992722e-28,"4","C1R"
3.36607333504968e-32,4.27727536498632,0.477,0.058,1.12891367510896e-27,"4","ISLR"
3.51993143161288e-32,4.92616144097866,0.443,0.031,1.18051460353433e-27,"4","CLDN11"
4.56892312992189e-32,6.5984051614044,0.364,0.012,1.5323254393132e-27,"4","LTBP2"
2.12074346127288e-31,5.25134926965936,0.398,0.024,7.11254942041699e-27,"4","OGN"
1.6489784704467e-30,4.94572987248049,0.409,0.025,5.53034399418415e-26,"4","LAMB1"
2.15944086799941e-29,5.35089352954787,0.375,0.03,7.24233278309642e-25,"4","ABCA10"
4.307073797149e-27,5.4049097072989,0.352,0.024,1.44450641008783e-22,"4","COL12A1"
8.64938396261537e-27,5.22177080194525,0.352,0.023,2.90083039338194e-22,"4","COL7A1"
2.34471490333987e-26,2.97633726375147,0.545,0.168,7.86370484282127e-22,"4","COL18A1"
4.06918404710391e-26,4.57186863450673,0.386,0.062,1.36472294571771e-21,"4","FBLN2"
2.63825526037182e-25,2.56976017752152,0.557,0.216,8.84818049223499e-21,"4","TGFBR3"
5.86096036435552e-24,5.9917516398598,0.284,0.01,1.96564888699756e-19,"4","SLC6A20"
1.05636154535152e-23,4.70812848506071,0.341,0.032,3.54282535079992e-19,"4","SRPX2"
3.45608427814534e-23,2.58975129437339,0.614,0.267,1.15910154520438e-18,"4","PRELP"
3.64637209965275e-23,5.58099889953485,0.284,0.012,1.22292027478154e-18,"4","PTGFR"
6.17263781563696e-23,3.11714095358597,0.489,0.134,2.07017927060832e-18,"4","MEG3"
6.31913046998348e-23,4.36736859425393,0.341,0.047,2.11930997702306e-18,"4","LUM"
6.72179063329871e-23,4.17777318031509,0.375,0.053,2.25435414259572e-18,"4","IGFBP2"
6.9283481230524e-23,2.18726978752674,0.739,0.409,2.32362939350931e-18,"4","PTN"
9.94799155250892e-23,4.35412529212106,0.341,0.05,3.33635740688044e-18,"4","OLFML3"
1.13185064206817e-22,2.06733565146093,0.659,0.359,3.79600068336823e-18,"4","LRP1"
1.30105381972327e-22,1.83429124710149,0.58,0.455,4.3634743005879e-18,"4","GSN"
1.72744413316379e-22,2.10595307970956,0.693,0.381,5.79350213380471e-18,"4","UACA"
1.7830150396207e-22,2.71052147012414,0.568,0.174,5.97987583987992e-18,"4","CXCL12"
3.16483828150789e-22,1.77980637565874,0.875,0.703,1.06142346285212e-17,"4","PTGDS"
3.48159660878971e-22,4.43500644524809,0.341,0.043,1.16765787065589e-17,"4","ABCA6"
3.75141677824133e-21,5.96788660602899,0.25,0.012,1.25815015908658e-16,"4","ACADL"
4.71362798993032e-21,2.45983593886277,0.545,0.22,1.58085655526283e-16,"4","LAMA4"
4.7169246898115e-21,4.92470489524927,0.295,0.021,1.58196220246898e-16,"4","MFAP4"
1.47155640783978e-20,3.57304396602212,0.375,0.064,4.93530588061304e-16,"4","FMO2"
4.8544189037483e-20,2.76062799314604,0.477,0.182,1.6280750119391e-15,"4","TNXB"
1.13846308027792e-19,3.86835065020404,0.341,0.058,3.8181774786361e-15,"4","IGFBP6"
2.00590485186396e-19,4.2221559113475,0.307,0.034,6.72740369218136e-15,"4","THBS1"
3.3501039265898e-19,1.6043400953182,0.795,0.497,1.12355785489969e-14,"4","ITIH5"
6.56467759252453e-19,2.22332950640425,0.545,0.222,2.20166157098088e-14,"4","ZIC1"
1.3319232237055e-18,3.32671814076075,0.364,0.08,4.46700410766351e-14,"4","ST3GAL5"
1.51200524974911e-18,2.82042069203449,0.42,0.13,5.07096320660856e-14,"4","KCNQ1OT1"
2.21510912615792e-18,2.34145606586094,0.398,0.269,7.42903298730844e-14,"4","USP53"
2.3327986732209e-18,4.50599651884885,0.295,0.045,7.82374019024825e-14,"4","AKR1C2"
2.59799107232605e-18,4.16072763581904,0.295,0.034,8.7131424583671e-14,"4","CPED1"
2.61064950401407e-18,3.63312822636031,0.364,0.059,8.75559630656238e-14,"4","FBN1"
3.6726689759142e-18,3.04726189747021,0.42,0.092,1.2317397211421e-13,"4","PLA2R1"
1.13517665614755e-17,3.51835184760958,0.364,0.067,3.80715546938767e-13,"4","THBS2"
2.96456470182635e-17,2.32159127487663,0.545,0.222,9.94255709698521e-13,"4","F3"
3.06404345036079e-17,4.05600435597838,0.295,0.035,1.027618892382e-12,"4","COL11A1"
1.14300945711527e-16,1.84549238006925,0.636,0.32,3.83342511727318e-12,"4","NR2F2"
1.31940940022565e-16,2.53577171050759,0.455,0.204,4.42503524647677e-12,"4","CDH11"
2.8608271080757e-16,4.17127178807325,0.273,0.032,9.59464195506427e-12,"4","NID2"
4.5791935693701e-16,3.42369026842426,0.273,0.023,1.53576993929534e-11,"4","MMP2"
6.76788580079771e-16,2.91817343566319,0.386,0.118,2.26981353987154e-11,"4","ADCY3"
1.80354002621158e-15,2.3301231920545,0.443,0.181,6.04871253990838e-11,"4","DAB2"
1.88724669343972e-15,2.67116077919249,0.341,0.15,6.32944796045812e-11,"4","NID1"
3.37856373493096e-15,3.71286301789101,0.261,0.023,1.13310270542114e-10,"4","BICC1"
3.38612433780852e-15,2.22469548274004,0.5,0.224,1.13563838041422e-10,"4","SLC25A37"
3.68003173109383e-15,3.49065483743565,0.284,0.032,1.23420904197425e-10,"4","CES1"
5.99724446781204e-15,1.88253628861501,0.534,0.284,2.0113558496148e-10,"4","COL6A1"
1.1640498041128e-14,2.64585084427761,0.398,0.089,3.9039902330335e-10,"4","VCAM1"
4.25529564627402e-14,1.48894248181517,0.761,0.595,1.42714105384738e-09,"4","TIMP3"
1.0106703663223e-13,2.96010390561466,0.33,0.08,3.38958627457172e-09,"4","LAMC3"
3.16402373952838e-13,1.39709519544574,0.602,0.439,1.06115028176303e-08,"4","RBM25"
7.51437366062295e-13,2.60681502321106,0.307,0.127,2.52017063829973e-08,"4","RNF220"
8.84522967229215e-13,2.24242102395883,0.375,0.193,2.96651312749334e-08,"4","LAMC1"
1.41138029640276e-12,2.30366523545255,0.398,0.152,4.73348723807557e-08,"4","ITGA10"
1.37192541099055e-11,3.02953442122729,0.261,0.066,4.60116344338009e-07,"4","PRICKLE1"
1.62503892677576e-11,2.95542989685672,0.284,0.067,5.45005555262054e-07,"4","C16orf89"
1.7431987515563e-11,2.4818645727917,0.375,0.125,5.84633997296953e-07,"4","IGFBP4"
2.55120740761936e-11,2.06054150436824,0.443,0.205,8.5562394036738e-07,"4","FRMD6"
3.92103533827026e-11,0.882520194198646,0.875,0.772,1.31503683174908e-06,"4","DDX17"
4.77665525242004e-11,1.78228979278083,0.511,0.201,1.60199463855663e-06,"4","MIR99AHG"
6.91494006840223e-11,1.33286119753205,0.602,0.476,2.31913260014074e-06,"4","SLC7A11"
7.47461635059363e-11,2.35790818144076,0.33,0.157,2.50683683166209e-06,"4","CSF1"
7.66173474254955e-11,1.52974774188912,0.409,0.27,2.56959259795627e-06,"4","PHACTR2"
8.87531678311559e-11,2.43997902591794,0.307,0.135,2.97660374272131e-06,"4","RND3"
9.59874662357583e-11,1.30556457605299,0.705,0.421,3.21922764261486e-06,"4","ARHGAP29"
1.0852977726683e-10,2.63505633318931,0.295,0.174,3.63987166997496e-06,"4","TIMP1"
1.19755129716731e-10,1.53680614050097,0.477,0.472,4.01634754043973e-06,"4","HSP90B1"
1.96135078217102e-10,3.06838968772495,0.261,0.053,6.57797825324516e-06,"4","GPNMB"
4.2549514944025e-10,2.2420644371195,0.307,0.129,1.42702563219271e-05,"4","SVIL"
4.64568659124902e-10,1.60590238849546,0.375,0.242,1.5580703689731e-05,"4","TRIO"
5.7570573590352e-10,2.54821671950702,0.295,0.086,1.93080189707322e-05,"4","OMD"
1.1213664532352e-09,1.80463478609111,0.375,0.237,3.76083881086021e-05,"4","IGFBP5"
1.19113687665994e-09,1.61151205367502,0.477,0.224,3.9948348569421e-05,"4","ODF2L"
1.33203975857267e-09,2.74390844472829,0.261,0.079,4.46739494230103e-05,"4","NR2F2-AS1"
1.73424568911296e-09,1.18651932973573,0.398,0.383,5.81631319214705e-05,"4","TIMP2"
1.73901962733469e-09,1.82847970223957,0.386,0.22,5.83232402615508e-05,"4","ATP1B3"
1.88628186929249e-09,1.81326827577924,0.307,0.194,6.32621213323314e-05,"4","NBL1"
1.95144703876668e-09,2.15956218835469,0.364,0.13,6.5447630786157e-05,"4","ECM2"
3.2887599885172e-09,2.12808297397243,0.273,0.129,0.00011029843249489,"4","SHC1"
3.53426126397403e-09,2.25961778994424,0.318,0.088,0.000118532054271161,"4","MGP"
3.77119214494849e-09,2.75418837417855,0.261,0.093,0.000126478242157283,"4","PDZRN3"
6.38603571813612e-09,2.13387907361889,0.341,0.136,0.000214174865914849,"4","MRC2"
6.40110745811709e-09,1.17666567855391,0.545,0.428,0.000214680341930331,"4","FUS"
7.98220965448826e-09,2.35084469421528,0.261,0.092,0.000267707347392227,"4","ADAMTS10"
9.41555927149443e-09,1.57929851076186,0.443,0.2,0.00031577902684738,"4","PRRX1"
1.12501130906895e-08,2.04858887629233,0.284,0.195,0.000377306292835543,"4","PMEPA1"
1.30155062354699e-08,0.879774909511498,0.773,0.643,0.000436514048125188,"4","N4BP2L2"
1.58906564601423e-08,1.78158126231359,0.341,0.21,0.000532940836360251,"4","SERPING1"
2.68040014649296e-08,1.99431940907069,0.375,0.18,0.000898952601130808,"4","FRZB"
3.38341984655579e-08,1.48898129231338,0.375,0.261,0.00113473134813788,"4","EPB41L2"
3.73150404216525e-08,1.53339612551075,0.341,0.247,0.00125147182566138,"4","FOXC1"
4.97471392917556e-08,1.3015012860579,0.42,0.337,0.0016684195575669,"4","FSTL1"
5.59659026236341e-08,1.77916887059435,0.341,0.181,0.00187698444219144,"4","ANXA2"
6.1978864964854e-08,1.14715893772242,0.545,0.426,0.00207864717319127,"4","FTX"
6.2784151583553e-08,1.31747765377511,0.523,0.343,0.0021056548758092,"4","XIST"
6.96806860106649e-08,1.83949611315723,0.398,0.266,0.00233695084742568,"4","CFH"
7.0924272270985e-08,1.55268360485747,0.375,0.279,0.0023786582434243,"4","COLEC12"
9.59150442327097e-08,1.32937765131376,0.409,0.289,0.00321679875347662,"4","RBMS1"
9.61523796252835e-08,2.16261285766598,0.25,0.125,0.00322475850787276,"4","COL4A2"
1.06157761314492e-07,1.40796218984317,0.284,0.217,0.00356031899896544,"4","KLC1"
1.09395037100044e-07,0.760394127461284,0.784,0.705,0.00366889075426126,"4","PNISR"
1.09827982531806e-07,1.04431221374449,0.25,0.261,0.00368341087815169,"4","PCSK7"
1.22810855763638e-07,1.33452572525131,0.455,0.288,0.00411883048060091,"4","RBMS3"
1.44926349430416e-07,1.06589985085076,0.614,0.445,0.00486053990719728,"4","ZRANB2"
1.7134612617691e-07,1.56285083467237,0.33,0.201,0.0057466063797212,"4","ELF2"
1.99865758156592e-07,1.9712893177602,0.341,0.147,0.0067030977970558,"4","NKD1"
2.10746455880411e-07,1.84973847440043,0.295,0.157,0.00706801463731721,"4","RNF216"
2.29778361090434e-07,2.03899526439397,0.295,0.131,0.00770630667425098,"4","SLC6A13"
2.58490801729032e-07,2.04276931221774,0.295,0.129,0.00866926450838827,"4","CEP95"
2.80408259994181e-07,2.3024717234595,0.284,0.11,0.00940433222368485,"4","LTBP1"
3.0762759803019e-07,1.60381575129898,0.261,0.193,0.0103172143827365,"4","MIR29B2CHG"
3.78944069248029e-07,1.27031293452596,0.398,0.274,0.0127090261944404,"4","PSMA3-AS1"
3.9293443098327e-07,1.6351450113544,0.273,0.179,0.0131782349463169,"4","LIMA1"
4.193840863423e-07,1.28024904245708,0.398,0.283,0.0140653034877481,"4","KANK2"
4.26223092831907e-07,0.697327936936121,0.943,0.937,0.0142946700873965,"4","MALAT1"
4.34872574715715e-07,1.06704607655983,0.33,0.312,0.0145847564108156,"4","CCNL2"
5.08599813011317e-07,1.74835715536437,0.284,0.177,0.0170574205287735,"4","UNC5B"
5.24948764168619e-07,2.21949447789879,0.25,0.102,0.0176057316526872,"4","EDN3"
5.29071132575259e-07,1.68786568155398,0.318,0.183,0.017743987644309,"4","TPCN1"
6.12266149461236e-07,1.47846200445695,0.295,0.195,0.0205341821206309,"4","PHLDB2"
6.47337222219741e-07,0.875676090514748,0.5,0.463,0.0217103957588057,"4","GPBP1"
6.99135835725545e-07,1.17909401584431,0.341,0.297,0.0234476176585633,"4","RANBP2"
7.29718062546929e-07,1.04904169659328,0.511,0.247,0.0244732843816989,"4","AEBP1"
8.58710062680858e-07,1.13105242605636,0.318,0.308,0.0287994180821906,"4","KLF9"
8.82571833622471e-07,1.24010642612146,0.398,0.298,0.0295996941560304,"4","ATM"
9.96907878569674e-07,1.31463874425311,0.261,0.223,0.0334342964314697,"4","PIAS1"
1.36781515275521e-06,1.06731033974658,0.455,0.364,0.0458737845931042,"4","KANSL1"
1.47744536909083e-06,0.873083587960559,0.42,0.376,0.0495505627885681,"4","NFAT5"
1.84148100816201e-06,0.752983737709432,0.5,0.477,0.0617595900517374,"4","HP1BP3"
2.0548216829302e-06,0.842339423075783,0.432,0.424,0.0689146096021129,"4","APLP2"
2.16606200987703e-06,1.20824427396052,0.341,0.263,0.0726453876872558,"4","VEZT"
2.26284528560142e-06,1.72168222423834,0.284,0.135,0.0758913051885004,"4","PTPN13"
2.526671294817e-06,1.21580311956822,0.33,0.271,0.0847395018855726,"4","PMP22"
3.1918260947934e-06,0.539723489136222,0.886,0.817,0.107047463567181,"4","NEAT1"
4.33442943887446e-06,1.81137197265398,0.25,0.144,0.145368094520972,"4","SLC41A1"
5.24607418413786e-06,1.29318972665427,0.42,0.267,0.175942835987616,"4","ZCCHC24"
5.39088289816367e-06,1.46835281869323,0.318,0.194,0.180799430638613,"4","RBM12B"
5.60136528381425e-06,0.922666784592606,0.318,0.324,0.187858588888562,"4","ROCK2"
5.75237661160419e-06,1.80173884537601,0.25,0.15,0.192923206799981,"4","RRBP1"
6.4565146795163e-06,1.23358541158836,0.284,0.245,0.216538589321618,"4","PCYOX1"
6.52903343702607e-06,1.72106304217457,0.284,0.101,0.21897072341098,"4","MATN2"
6.55331082221153e-06,1.61726337606953,0.273,0.171,0.21978493835533,"4","PKD1"
6.72969432586398e-06,1.43136624114222,0.307,0.211,0.225700488300826,"4","AHI1"
7.23992264053904e-06,1.22123003400598,0.386,0.292,0.242812525518398,"4","DDR2"
7.89319654436266e-06,1.04510384392117,0.466,0.372,0.264722025704835,"4","FOXP1"
8.62060466102636e-06,1.3635251955289,0.318,0.218,0.289117839121502,"4","CYBRD1"
8.95004903152571e-06,1.0597019418263,0.364,0.289,0.300166744419309,"4","NFIC"
9.24914235084217e-06,0.936574342411763,0.261,0.256,0.310197736162545,"4","CGGBP1"
9.43249690794457e-06,1.48672416226468,0.318,0.183,0.316347081298645,"4","FNDC3B"
9.50631054336717e-06,0.446021346607775,0.25,0.341,0.318822643003448,"4","JAK1"
1.17003897817335e-05,1.51533028414789,0.295,0.186,0.392407672499778,"4","SEC23A"
1.2093277029039e-05,1.2469472975545,0.25,0.199,0.40558432499991,"4","RYK"
1.25864368854904e-05,1.54583099606431,0.295,0.147,0.422123920265577,"4","FLCN"
1.42859422419078e-05,1.38916260355015,0.307,0.225,0.479121930909105,"4","ZIC2"
1.5707844762592e-05,1.00671410937448,0.511,0.425,0.526809697647809,"4","CHD9"
1.57240577854018e-05,1.7376747616245,0.261,0.165,0.527353450006804,"4","ATP10D"
1.65177741521568e-05,1.76973403906236,0.295,0.128,0.553973109515033,"4","FOXD1"
1.69996212926406e-05,0.753385409315496,0.5,0.437,0.570133298912582,"4","SCAF11"
1.70558355199255e-05,1.16842962077174,0.33,0.246,0.572018611667262,"4","SEC31A"
1.89349846142849e-05,0.694126530987467,0.341,0.368,0.635041513993887,"4","POGZ"
1.95511367501076e-05,0.957419178173077,0.466,0.39,0.655706024325108,"4","TTC14"
2.04823233629539e-05,0.547587907521597,0.58,0.575,0.686936160946747,"4","AHNAK"
2.19311165100749e-05,0.596155569584952,0.205,0.285,0.735525785514892,"4","DDX46"
2.2236311467551e-05,0.500305030492121,0.273,0.35,0.745761413998727,"4","TMED10"
2.39032476210518e-05,0.290067150533622,0.466,0.589,0.801667118714837,"4","CD63"
2.39887338056144e-05,1.39734293786081,0.318,0.207,0.804534154372696,"4","DSE"
2.75507582146183e-05,0.932896099879799,0.591,0.428,0.923997329001868,"4","BGN"
2.79001958856871e-05,0.908781035308292,0.341,0.295,0.935716769614174,"4","CSNK2A1"
3.23292966539995e-05,1.60951871000504,0.273,0.148,1,"4","OAF"
3.43618318652055e-05,1.05313045637633,0.455,0.365,1,"4","MUC20-OT1"
3.51700198356071e-05,1.00644034881074,0.33,0.307,1,"4","TAF1D"
3.59956842670028e-05,1.19392008036326,0.318,0.225,1,"4","ZNF91"
3.77580883040719e-05,0.405564158142185,0.261,0.341,1,"4","SUGT1"
3.87583222807844e-05,1.15791838668986,0.261,0.22,1,"4","ZBTB16"
4.28200963423405e-05,1.05619379227735,0.58,0.457,1,"4","SLC6A1"
4.40393445065693e-05,1.22669733238976,0.273,0.221,1,"4","AMOTL2"
4.6087414828027e-05,1.306811536745,0.33,0.169,1,"4","FNIP1"
4.657918947084e-05,0.764275652853899,0.364,0.369,1,"4","LAMB2"
4.73688966723389e-05,0.874626939402072,0.625,0.428,1,"4","PPFIBP1"
4.78367255929128e-05,1.01337833929262,0.455,0.362,1,"4","ANXA5"
5.0756632065696e-05,0.865612946537948,0.352,0.321,1,"4","PNN"
5.75530060822597e-05,0.591278358141918,0.364,0.373,1,"4","MLLT6"
5.84379314682786e-05,0.636519025532014,0.602,0.364,1,"4","PDGFRB"
6.15118771852604e-05,1.1891354412105,0.284,0.228,1,"4","RUNX1T1"
6.31600130810192e-05,1.30933094332298,0.25,0.179,1,"4","FKBP5"
6.40118428212984e-05,1.19448943680033,0.341,0.23,1,"4","FGFR1"
6.66466022121683e-05,0.892707312430061,0.466,0.366,1,"4","NIPBL"
6.93853101125695e-05,0.622158898198139,0.42,0.449,1,"4","GOLGB1"
7.86185104907217e-05,0.962826428970727,0.42,0.364,1,"4","LHFPL6"
7.86650814904529e-05,0.840746108705158,0.591,0.439,1,"4","HSPA5"
8.22311113964557e-05,0.711836532142192,0.398,0.404,1,"4","PRPF4B"
8.27158097415175e-05,0.699793002589642,0.25,0.276,1,"4","TSC22D3"
8.64395489705414e-05,1.49982802938039,0.284,0.147,1,"4","CREB3L2"
8.97510767970333e-05,0.522129750181887,0.25,0.311,1,"4","RB1CC1"
8.98152634517156e-05,1.10983490826208,0.318,0.241,1,"4","DNAJC7"
9.19977860470284e-05,0.720125426630303,0.216,0.257,1,"4","SMAD2"
9.71828877755983e-05,0.364406156131908,0.239,0.335,1,"4","CSNK1E"
0.000108515051645906,0.834423209452803,0.5,0.416,1,"4","TNS2"
0.000110960225715709,1.15310478255214,0.261,0.19,1,"4","CDK12"
0.000116920071569566,0.515478863073093,0.261,0.332,1,"4","SRRM1"
0.000118665938869444,0.404035997635614,0.375,0.454,1,"4","SLC5A3"
0.000119974035027902,0.344478543291831,0.375,0.476,1,"4","BPTF"
0.000123187172517438,0.77084991060562,0.409,0.372,1,"4","MPHOSPH8"
0.000131612617287201,1.17772383669811,0.386,0.263,1,"4","SYNPO2"
0.000135637921293171,0.766968690757321,0.489,0.444,1,"4","PCM1"
0.000137887234923633,0.829477514729816,0.318,0.283,1,"4","PDCD6IP"
0.00015555455085165,1.13390844414097,0.284,0.224,1,"4","NRDC"
0.000160484315547851,1.42880169775929,0.307,0.14,1,"4","ELN"
0.00016398577645255,0.472651399565264,0.284,0.345,1,"4","BIRC6"
0.000165240315312188,0.525479404500389,0.511,0.499,1,"4","SRSF5"
0.000180404351781433,0.902974923837041,0.375,0.374,1,"4","SERPINH1"
0.000186460388820632,0.941517910342091,0.511,0.456,1,"4","TTC3"
0.000189290100977647,0.467929227950146,0.341,0.407,1,"4","ZBTB38"
0.000192386791118286,0.643177340584523,0.364,0.389,1,"4","USP34"
0.000217774305336453,0.71400282265038,0.318,0.334,1,"4","SREK1"
0.000224496151397393,1.03635060734024,0.261,0.248,1,"4","LASP1"
0.000227459851457873,1.18848268052613,0.261,0.216,1,"4","PPP1R12B"
0.000240925725477783,1.37444119726432,0.307,0.226,1,"4","FGD6"
0.000262106646934781,1.07391425140397,0.261,0.212,1,"4","MAML2"
0.000292588114302065,1.60194844273186,0.25,0.15,1,"4","NOVA1"
0.000308435437323946,0.277799083354901,0.307,0.4,1,"4","ECE1"
0.000360636036820925,0.948534379461204,0.33,0.303,1,"4","LMAN1"
0.000386115428466643,1.13576185031866,0.318,0.22,1,"4","THUMPD3-AS1"
0.000399263213996389,0.627428502996499,0.398,0.385,1,"4","TCF25"
0.000401240994515781,0.435344115481683,0.239,0.31,1,"4","C11orf58"
0.000408496806553467,0.997570043079481,0.386,0.319,1,"4","RBMX"
0.0004158121031919,0.594635096236525,0.284,0.315,1,"4","MED13L"
0.000417430948220764,0.368012874179387,0.364,0.433,1,"4","OGA"
0.000426727152015522,0.880320655060824,0.409,0.375,1,"4","ANKRD11"
0.000435667115214877,1.17549451626435,0.307,0.205,1,"4","ANXA1"
0.000447352162444064,0.28092795797764,0.193,0.273,1,"4","RBBP6"
0.000448322324814016,0.957307953043951,0.295,0.242,1,"4","SLC25A36"
0.000458943462813995,1.08477329414955,0.341,0.277,1,"4","CHORDC1"
0.000467087687035898,0.717381602272009,0.511,0.429,1,"4","ARID1B"
0.000472002480961412,1.14020616210814,0.307,0.211,1,"4","ANKRD36"
0.000515590981306262,0.641357464948128,0.386,0.394,1,"4","NUFIP2"
0.000571933393184737,0.604866671954916,0.466,0.452,1,"4","KMT2E"
0.000633894520779038,0.781044396651986,0.25,0.258,1,"4","CWF19L2"
0.000641231828337805,0.795334106502167,0.261,0.278,1,"4","PHF10"
0.000655189032967865,1.37359996279627,0.295,0.144,1,"4","CEP126"
0.00067759013072952,0.64677197309615,0.33,0.329,1,"4","STX16"
0.000745321431974247,0.602741563399272,0.352,0.354,1,"4","NCOA1"
0.00074895377210485,0.756995730103759,0.284,0.259,1,"4","CREBBP"
0.000751458290912864,1.09285967654521,0.284,0.214,1,"4","PSMD11"
0.000757557850071156,0.632405919613812,0.523,0.466,1,"4","TXNIP"
0.00078640892220268,0.30011836875579,0.17,0.254,1,"4","PLSCR1"
0.000789660489621711,0.3849388090539,0.193,0.25,1,"4","ADH5"
0.000790201640498969,0.881665967871805,0.261,0.248,1,"4","OGT"
0.000815252612230086,0.978878061622216,0.307,0.249,1,"4","BDP1"
0.000825384389128376,0.454946690004732,0.261,0.319,1,"4","AFDN"
0.000845246547731277,0.307280620575417,0.193,0.267,1,"4","ARPC5"
0.000848596821333975,0.734790600119191,0.409,0.372,1,"4","S100A6"
0.00085292111774134,0.340896589974309,0.307,0.379,1,"4","ADAR"
0.000865951884541973,1.1910514425514,0.25,0.195,1,"4","HCG18"
0.00087247969503443,0.499844320098279,0.318,0.338,1,"4","TEAD1"
0.000898910650645932,0.322273684563207,0.261,0.326,1,"4","PCMTD1"
0.000912989671880179,0.950340961462462,0.386,0.262,1,"4","GABPB1-AS1"
0.000979367173266075,1.19649366927013,0.273,0.211,1,"4","CEP290"
0.000996165374650657,0.251653124967088,0.25,0.337,1,"4","HNRNPH3"
0.00101684312387783,0.728618085095726,0.432,0.38,1,"4","NSD3"
0.0010829674034242,0.445474832921407,0.398,0.426,1,"4","PAPOLA"
0.00108700163517262,0.759688848834261,0.352,0.305,1,"4","TMEM50B"
0.00110381110386118,0.278105151060634,0.216,0.335,1,"4","SLC25A3"
0.0011102093180229,0.403375055401803,0.227,0.301,1,"4","TPR"
0.00112404042832117,0.547639320132032,0.227,0.271,1,"4","SSR3"
0.00112938587506606,1.05893335962883,0.261,0.218,1,"4","ZNF83"
0.00114644974036934,1.17509041990574,0.307,0.197,1,"4","PLCB4"
0.00114821118538574,1.06595993205825,0.273,0.196,1,"4","POLR2B"
0.00121255924546912,0.428408855058636,0.284,0.325,1,"4","GLS"
0.0012147287201837,0.931036765378155,0.284,0.255,1,"4","MECP2"
0.00127303071751795,0.549678391375661,0.307,0.373,1,"4","RSRP1"
0.0012830579671702,0.371320674406064,0.193,0.276,1,"4","ATP6AP2"
0.00141893447813901,0.262776050921123,0.307,0.394,1,"4","MDM4"
0.0014441242516215,0.457489334231467,0.67,0.621,1,"4","LUC7L3"
0.00147059001049519,0.830477299740574,0.375,0.283,1,"4","ITSN1"
0.00153160319095847,1.04373831251427,0.261,0.22,1,"4","TCEA1"
0.00153845183070672,0.742098149203601,0.284,0.277,1,"4","MAP3K2"
0.0016006880338848,0.489537816302319,0.33,0.362,1,"4","DKK3"
0.00168564234124669,0.819918494826271,0.318,0.286,1,"4","GATAD1"
0.00177296825474329,0.555396971186649,0.398,0.439,1,"4","ZNF638"
0.00179456376234243,1.18258141062774,0.295,0.202,1,"4","POU2F1"
0.00179514585732558,1.20062416954892,0.261,0.192,1,"4","PRPSAP1"
0.00181177880318673,1.1912312930756,0.25,0.163,1,"4","PWWP2A"
0.00182952777058828,0.891598344926011,0.273,0.237,1,"4","TMF1"
0.0018342935468668,0.709712389483583,0.489,0.461,1,"4","PLCG2"
0.00183814525784728,0.407028158123244,0.42,0.452,1,"4","CFLAR"
0.00193583383360008,0.616915271395741,0.511,0.467,1,"4","LAPTM4A"
0.00201348848008978,0.464880700781246,0.205,0.263,1,"4","SEC61A1"
0.00207779895288659,0.63284291432645,0.318,0.329,1,"4","AFF4"
0.00208764280666617,0.773122888488191,0.386,0.317,1,"4","CDK13"
0.00209923986606018,0.978739461644801,0.318,0.209,1,"4","TTC17"
0.00210873894124103,0.937049385041593,0.352,0.214,1,"4","DYNC2H1"
0.00216924410112908,0.599551364829961,0.602,0.53,1,"4","NKTR"
0.00217204411406316,0.256076448117194,0.386,0.455,1,"4","RBM6"
0.00226735805525731,0.688671933058068,0.261,0.259,1,"4","LMNA"
0.0022765892112574,0.270206185244829,0.193,0.267,1,"4","YIPF4"
0.00232978224553369,0.473965893805612,0.273,0.318,1,"4","CHD2"
0.00237881509663059,0.301039051238837,0.455,0.516,1,"4","EIF4A2"
0.00238037361438238,1.18570349153282,0.273,0.155,1,"4","MLLT10"
0.00240130746753983,0.431477685197633,0.523,0.544,1,"4","RBM39"
0.00245806514351038,0.789506950458766,0.33,0.285,1,"4","SESTD1"
0.00250294781241014,1.2599019879173,0.295,0.209,1,"4","ANKRD26"
0.00250737296835539,0.283941467190475,0.386,0.466,1,"4","MARCH6"
0.00264825210151986,0.524891907823955,0.443,0.427,1,"4","ZNF207"
0.00266887174251929,0.496550961101865,0.227,0.251,1,"4","CCAR1"
0.00271519761973263,0.929222228999647,0.261,0.209,1,"4","SLF2"
0.00275078960134676,0.913053855468125,0.25,0.263,1,"4","PIAS2"
0.00275216874430771,0.887779996496972,0.273,0.225,1,"4","CCDC144A"
0.0027614537091097,1.04595139107731,0.284,0.186,1,"4","ZNF37A"
0.0029473619868612,0.634004278732017,0.307,0.298,1,"4","SENP6"
0.00305410589365331,0.446485408395702,0.25,0.285,1,"4","HELZ"
0.00313273534305087,0.674987804975066,0.466,0.43,1,"4","SLC38A2"
0.00322065804196292,0.344326005441776,0.261,0.329,1,"4","SRSF10"
0.00327491951096011,0.6317963027781,0.375,0.321,1,"4","JPX"
0.00328325014482949,0.337221550589627,0.318,0.374,1,"4","U2SURP"
0.00328368718062463,1.07926681097923,0.273,0.195,1,"4","PIK3CA"
0.00337953005467071,0.64076059363194,0.261,0.254,1,"4","SAMD4B"
0.00338444290398321,0.275383388249469,0.205,0.264,1,"4","PHKB"
0.00343261439007048,0.561737445295136,0.352,0.359,1,"4","LEPROT"
0.00393569358956718,0.565353235145258,0.455,0.405,1,"4","CLK1"
0.00399128513022978,0.676777886964486,0.307,0.301,1,"4","HOOK3"
0.00403263876734117,0.474743106649555,0.386,0.378,1,"4","GOLGA4"
0.00406484243268177,0.625537609215658,0.318,0.304,1,"4","RSRC2"
0.00416242050593344,0.459788909378389,0.432,0.436,1,"4","SF3B1"
0.00419954889070029,0.619637641743105,0.545,0.488,1,"4","SAT1"
0.00437492143138663,0.569953415997901,0.307,0.312,1,"4","RIF1"
0.00460970277014418,0.470838643775281,0.318,0.32,1,"4","RBM26"
0.00461384910076819,0.576197314900228,0.477,0.46,1,"4","PRNP"
0.0047302110235777,0.864116345274671,0.307,0.247,1,"4","FAM208A"
0.00511811568812487,0.497403854192412,0.261,0.293,1,"4","CTTN"
0.00512118667394767,0.36943229834099,0.33,0.359,1,"4","ARF1"
0.0051641159084071,0.309746364540845,0.284,0.362,1,"4","HSPE1"
0.00516957097376196,0.325034780576893,0.227,0.298,1,"4","ATF4"
0.00541352001842284,0.771776099082359,0.432,0.359,1,"4","SQSTM1"
0.00544606351987929,0.685705537573458,0.284,0.256,1,"4","ZMYM2"
0.00544699647995702,0.642768792457165,0.295,0.267,1,"4","DNAJB2"
0.00549557167593897,0.268210711894646,0.193,0.255,1,"4","RNF115"
0.00552476702542324,0.500847965640119,0.318,0.347,1,"4","RUFY3"
0.00558717690697036,0.835612535747994,0.33,0.262,1,"4","ZFP36L2"
0.00559639018946005,0.384149221638045,0.216,0.261,1,"4","PRKDC"
0.00567959049323641,0.39643308891544,0.284,0.314,1,"4","OCIAD1"
0.00590572308062292,0.576605123664857,0.25,0.245,1,"4","VCL"
0.0063207376463798,0.640118300596113,0.239,0.261,1,"4","ARNT2"
0.00647343698932765,0.761760360301245,0.318,0.271,1,"4","TRA2A"
0.00659180679685049,0.728357390839993,0.284,0.246,1,"4","SRSF6"
0.00673798779678079,0.39762392571315,0.511,0.512,1,"4","SRRM2"
0.00687379971233739,0.545630050869161,0.284,0.301,1,"4","UBXN4"
0.00702035893168747,0.622394533648467,0.25,0.252,1,"4","PHLDB1"
0.0072486882983933,0.522354147147132,0.523,0.437,1,"4","SRSF11"
0.00732638677428981,0.660589972186842,0.318,0.28,1,"4","CD164"
0.0074316338767691,0.905749108446585,0.273,0.21,1,"4","ABCD4"
0.00783847718778502,0.449545429431591,0.261,0.284,1,"4","UBE2H"
0.00786027521107691,0.716359302784748,0.398,0.313,1,"4","MAPK10"
0.00790629227439138,0.54865857799523,0.33,0.335,1,"4","SEPT11"
0.00858802321633974,0.692304523576415,0.25,0.229,1,"4","USP8"
0.0088035876868637,0.532106221395419,0.341,0.341,1,"4","BRD2"
0.00882162130457431,0.436194341617204,0.33,0.377,1,"4","HSPH1"
0.00948349765031573,0.83099139566424,0.273,0.231,1,"4","PLEKHA5"
0.00974895017646589,0.611318211992165,0.25,0.258,1,"4","PSIP1"
0.00976080088455072,0.648987225936332,0.318,0.26,1,"4","AKAP13"
